Lights1 jared_body_v3_lights = gdSPDefLights1(
	0x0, 0x0, 0x7F,
	0x0, 0x0, 0xFF, 0x28, 0x28, 0x28);

Lights1 jared_cap_v3_lights = gdSPDefLights1(
	0x7F, 0x0, 0x0,
	0xFF, 0x0, 0x0, 0x28, 0x28, 0x28);

Lights1 jared_cal_lights = gdSPDefLights1(
	0x0, 0x7F, 0x0,
	0x0, 0xFF, 0x0, 0x28, 0x28, 0x28);

Lights1 jared_sideburns_v3_001_lights = gdSPDefLights1(
	0x7F, 0x5F, 0x39,
	0xFE, 0xC1, 0x79, 0x28, 0x28, 0x28);

Lights1 jared_face_0___eye_open_v3_001_lights = gdSPDefLights1(
	0x7F, 0x5F, 0x39,
	0xFE, 0xC1, 0x79, 0x28, 0x28, 0x28);

Lights1 jared_mustache_v3_001_lights = gdSPDefLights1(
	0x7F, 0x5F, 0x39,
	0xFE, 0xC1, 0x79, 0x28, 0x28, 0x28);

Lights1 jared_hair_v3_001_lights = gdSPDefLights1(
	0x36, 0x1, 0x0,
	0x73, 0x6, 0x0, 0x28, 0x28, 0x28);

Lights1 jared_gloves_v3_001_lights = gdSPDefLights1(
	0x7F, 0x7F, 0x7F,
	0xFF, 0xFF, 0xFF, 0x28, 0x28, 0x28);

Lights1 jared_shoes_v3_001_lights = gdSPDefLights1(
	0x35, 0x8, 0x3,
	0x72, 0x1C, 0xE, 0x28, 0x28, 0x28);

Texture jared_mario_button_rgba16[] = {
	0xff, 0xfe, 0xff, 0xfe, 0xff, 0xfe, 0xff, 0xfe, 
	0xff, 0xfe, 0xff, 0xfe, 0xff, 0xfe, 0xff, 0xfe, 
	0xff, 0xfe, 0xff, 0xfe, 0xff, 0xfe, 0xff, 0xfe, 
	0xff, 0xfe, 0xff, 0xfe, 0xff, 0xfe, 0xff, 0xfe, 
	0xff, 0xfe, 0xff, 0xfe, 0xff, 0xfe, 0xff, 0xfe, 
	0xff, 0xfe, 0xff, 0xfe, 0xff, 0xfe, 0xff, 0xfe, 
	0xff, 0xfe, 0xff, 0xfe, 0xff, 0xfe, 0xff, 0xfe, 
	0xff, 0xfe, 0xff, 0xfe, 0xff, 0xfe, 0xff, 0xfe, 
	0xff, 0xfe, 0xff, 0xfe, 0xff, 0xfe, 0xff, 0xfe, 
	0xff, 0xfe, 0xff, 0xfe, 0xff, 0xfe, 0xff, 0xfe, 
	0xff, 0xfe, 0xff, 0xfe, 0xff, 0xfe, 0xff, 0xfe, 
	0xff, 0xfe, 0xff, 0xfe, 0xff, 0xfe, 0xff, 0xfe, 
	0xff, 0xfe, 0xff, 0xfe, 0xff, 0xfe, 0xff, 0xfe, 
	0xff, 0xfe, 0xff, 0xfe, 0xff, 0xfe, 0xff, 0xfe, 
	0xff, 0xfe, 0xff, 0xfe, 0xff, 0xfe, 0xff, 0xfe, 
	0xff, 0xfe, 0xff, 0xfe, 0xff, 0xfe, 0xff, 0xfe, 
	0xff, 0xfe, 0xff, 0xfe, 0xff, 0xfe, 0xff, 0xfe, 
	0xff, 0xfe, 0xff, 0xfe, 0xff, 0xfe, 0xff, 0xfe, 
	0xff, 0xfe, 0xff, 0xfe, 0xff, 0xfe, 0xff, 0xfe, 
	0xff, 0xfe, 0xff, 0xfe, 0xff, 0xfe, 0xff, 0xfe, 
	0xff, 0xfe, 0xff, 0xfe, 0xff, 0xfe, 0xff, 0xfe, 
	0xff, 0xfe, 0xff, 0xfe, 0xff, 0xfe, 0xff, 0xfe, 
	0xff, 0xfe, 0xff, 0xfe, 0xff, 0xfe, 0xff, 0xfe, 
	0xff, 0xfe, 0xff, 0xfe, 0xff, 0xfe, 0xff, 0xfe, 
	0xff, 0xfe, 0xff, 0xfe, 0xff, 0xfe, 0xff, 0xfe, 
	0xff, 0xfe, 0xff, 0xfe, 0xff, 0xfe, 0xff, 0xfe, 
	0xff, 0xfe, 0xff, 0xfe, 0xff, 0xfe, 0xff, 0xfe, 
	0xf7, 0x41, 0xf7, 0x01, 0xf7, 0x01, 0xf7, 0x01, 
	0xf7, 0x01, 0xf6, 0xc1, 0xf7, 0x01, 0xff, 0xfe, 
	0xff, 0xfe, 0xff, 0xfe, 0xff, 0xfe, 0xff, 0xfe, 
	0xff, 0xfe, 0xff, 0xfe, 0xff, 0xfe, 0xff, 0xfe, 
	0xff, 0xfe, 0xff, 0xfe, 0xff, 0xfe, 0xff, 0xfe, 
	0xff, 0xfe, 0xff, 0xfe, 0xff, 0xfe, 0xff, 0xfe, 
	0xff, 0xfe, 0xff, 0xfe, 0xff, 0xfe, 0xff, 0xfe, 
	0xff, 0xfe, 0xf7, 0x01, 0xf7, 0x01, 0xf7, 0x41, 
	0xf7, 0x81, 0xf7, 0x81, 0xf7, 0x81, 0xf7, 0x81, 
	0xf7, 0x81, 0xf7, 0x41, 0xf7, 0x01, 0xf7, 0x41, 
	0xf7, 0x01, 0xf7, 0x01, 0xff, 0xfe, 0xff, 0xfe, 
	0xff, 0xfe, 0xff, 0xfe, 0xff, 0xfe, 0xff, 0xfe, 
	0xff, 0xfe, 0xff, 0xfe, 0xff, 0xfe, 0xff, 0xfe, 
	0xff, 0xfe, 0xff, 0xfe, 0xff, 0xfe, 0xff, 0xfe, 
	0xff, 0xfe, 0xff, 0xfe, 0xff, 0xfe, 0xff, 0xfe, 
	0xf7, 0x81, 0xf7, 0x41, 0xf7, 0x81, 0xf7, 0x81, 
	0xf7, 0x81, 0xf7, 0x81, 0xf7, 0x81, 0xf7, 0x81, 
	0xf7, 0x81, 0xf7, 0x81, 0xf7, 0x81, 0xf7, 0x81, 
	0xf7, 0x41, 0xf7, 0x01, 0xf7, 0x41, 0xff, 0xfe, 
	0xff, 0xfe, 0xff, 0xfe, 0xff, 0xfe, 0xff, 0xfe, 
	0xff, 0xfe, 0xff, 0xfe, 0xff, 0xfe, 0xff, 0xfe, 
	0xff, 0xfe, 0xff, 0xfe, 0xff, 0xfe, 0xff, 0xfe, 
	0xff, 0xfe, 0xff, 0xfe, 0xf7, 0x41, 0xf7, 0x81, 
	0xf7, 0x81, 0xf7, 0x81, 0xf7, 0x81, 0xf7, 0x81, 
	0xf7, 0x81, 0xf7, 0x81, 0xf7, 0x81, 0xf7, 0x81, 
	0xf7, 0x81, 0xf7, 0x81, 0xf7, 0x81, 0xf7, 0x81, 
	0xf7, 0x81, 0xf7, 0x81, 0xf7, 0x41, 0xf7, 0x01, 
	0xf7, 0x01, 0xff, 0xfe, 0xff, 0xfe, 0xff, 0xfe, 
	0xff, 0xfe, 0xff, 0xfe, 0xff, 0xfe, 0xff, 0xfe, 
	0xff, 0xfe, 0xff, 0xfe, 0xff, 0xfe, 0xff, 0xfe, 
	0xff, 0xfe, 0xf7, 0x41, 0xf7, 0x41, 0xf7, 0x81, 
	0xf7, 0x81, 0xf7, 0x81, 0xf7, 0x81, 0xf7, 0x81, 
	0xf7, 0x81, 0xf7, 0x81, 0xf7, 0x81, 0xf7, 0x81, 
	0xf7, 0x81, 0xf7, 0x81, 0xf7, 0x81, 0xf7, 0x81, 
	0xf7, 0x81, 0xf7, 0x81, 0xf7, 0x81, 0xf7, 0x41, 
	0xf6, 0xc1, 0xf7, 0x01, 0xff, 0xfe, 0xff, 0xfe, 
	0xff, 0xfe, 0xff, 0xfe, 0xff, 0xfe, 0xff, 0xfe, 
	0xff, 0xfe, 0xff, 0xfe, 0xff, 0xfe, 0xff, 0xfe, 
	0xff, 0xfe, 0xf7, 0x81, 0xf7, 0x81, 0xf7, 0x81, 
	0xf7, 0x81, 0xf7, 0x81, 0xf7, 0x81, 0xf7, 0x81, 
	0xf7, 0x81, 0xf7, 0x81, 0xf7, 0x81, 0xf7, 0x81, 
	0xf7, 0x81, 0xf7, 0x81, 0xf7, 0x81, 0xf7, 0x81, 
	0xf7, 0x81, 0xf7, 0x81, 0xf7, 0x81, 0xf7, 0x81, 
	0xf7, 0x41, 0xf7, 0x01, 0xff, 0xfe, 0xff, 0xfe, 
	0xff, 0xfe, 0xff, 0xfe, 0xff, 0xfe, 0xff, 0xfe, 
	0xff, 0xfe, 0xff, 0xfe, 0xff, 0xfe, 0xff, 0xfe, 
	0xf7, 0x41, 0xf7, 0x81, 0xf7, 0x81, 0xf7, 0x81, 
	0xf7, 0x81, 0xf7, 0x81, 0xf7, 0x81, 0xf7, 0x81, 
	0xf7, 0x81, 0xf7, 0x81, 0xf7, 0x81, 0xf7, 0x81, 
	0xf7, 0x81, 0xf7, 0x81, 0xf7, 0x81, 0xf7, 0x81, 
	0xf7, 0x81, 0xf7, 0x81, 0xf7, 0x81, 0xf7, 0x81, 
	0xf7, 0x81, 0xf7, 0x41, 0xf7, 0x41, 0xff, 0xfe, 
	0xff, 0xfe, 0xff, 0xfe, 0xff, 0xfe, 0xff, 0xfe, 
	0xff, 0xfe, 0xff, 0xfe, 0xff, 0xfe, 0xf7, 0x01, 
	0xf7, 0x01, 0xf7, 0x81, 0xf7, 0x81, 0xf7, 0x81, 
	0xf7, 0x81, 0xf7, 0x81, 0xf7, 0x81, 0xf7, 0x81, 
	0xf7, 0x81, 0xf7, 0x81, 0xf7, 0x81, 0xf7, 0x81, 
	0xf7, 0x81, 0xf7, 0x81, 0xf7, 0x81, 0xf7, 0x81, 
	0xf7, 0x81, 0xf7, 0x81, 0xf7, 0x81, 0xf7, 0x81, 
	0xf7, 0x81, 0xf7, 0x81, 0xf7, 0x01, 0xf7, 0x01, 
	0xff, 0xfe, 0xff, 0xfe, 0xff, 0xfe, 0xff, 0xfe, 
	0xff, 0xfe, 0xff, 0xfe, 0xff, 0xfe, 0xf6, 0xc1, 
	0xf7, 0x01, 0xf7, 0x81, 0xf7, 0x81, 0xf7, 0x81, 
	0xf7, 0x81, 0xf7, 0x81, 0xf7, 0x81, 0xf7, 0x81, 
	0xf7, 0x81, 0xf7, 0x81, 0xf7, 0x81, 0xf7, 0x81, 
	0xf7, 0x81, 0xf7, 0x81, 0xf7, 0x81, 0xf7, 0x81, 
	0xf7, 0x81, 0xf7, 0x81, 0xf7, 0x81, 0xf7, 0x81, 
	0xf7, 0x81, 0xf7, 0x81, 0xf7, 0x41, 0xf7, 0x01, 
	0xff, 0xfe, 0xff, 0xfe, 0xff, 0xfe, 0xff, 0xfe, 
	0xff, 0xfe, 0xff, 0xfe, 0xff, 0xfe, 0xf6, 0xc1, 
	0xf7, 0x01, 0xf7, 0x81, 0xf7, 0x81, 0xf7, 0x81, 
	0xf7, 0x81, 0xf7, 0x81, 0xf7, 0x81, 0xf7, 0x81, 
	0xf7, 0x81, 0xf7, 0x81, 0xf7, 0x81, 0xf7, 0x81, 
	0xf7, 0x81, 0xf7, 0x81, 0xf7, 0x81, 0xf7, 0x81, 
	0xf7, 0x81, 0xf7, 0x81, 0xf7, 0x81, 0xf7, 0x81, 
	0xf7, 0x81, 0xf7, 0x81, 0xf7, 0x81, 0xf7, 0x41, 
	0xff, 0xfe, 0xff, 0xfe, 0xff, 0xfe, 0xff, 0xfe, 
	0xff, 0xfe, 0xff, 0xfe, 0xf6, 0x81, 0xf6, 0x81, 
	0xf7, 0x01, 0xf7, 0x81, 0xf7, 0x81, 0xf7, 0x81, 
	0xf7, 0x81, 0xf7, 0x81, 0xf7, 0x81, 0xf7, 0x81, 
	0xf7, 0x81, 0xf7, 0x81, 0xf7, 0x81, 0xf7, 0x81, 
	0xf7, 0x81, 0xf7, 0x81, 0xf7, 0x81, 0xf7, 0x81, 
	0xf7, 0x81, 0xf7, 0x81, 0xf7, 0x81, 0xf7, 0x81, 
	0xf7, 0x81, 0xf7, 0x81, 0xf7, 0x81, 0xf7, 0x01, 
	0xf7, 0x03, 0xff, 0xfe, 0xff, 0xfe, 0xff, 0xfe, 
	0xff, 0xfe, 0xff, 0xfe, 0xf6, 0x01, 0xf6, 0x41, 
	0xf6, 0xc1, 0xf7, 0x81, 0xf7, 0x81, 0xf7, 0x81, 
	0xf7, 0x81, 0xf7, 0x81, 0xf7, 0x81, 0xf7, 0x81, 
	0xf7, 0x81, 0xf7, 0x81, 0xf7, 0x81, 0xf7, 0x81, 
	0xf7, 0x81, 0xf7, 0x81, 0xf7, 0x81, 0xf7, 0x81, 
	0xf7, 0x81, 0xf7, 0x81, 0xf7, 0x81, 0xf7, 0x81, 
	0xf7, 0x81, 0xf7, 0x81, 0xf7, 0x81, 0xf7, 0x01, 
	0xf6, 0xc1, 0xff, 0xfe, 0xff, 0xfe, 0xff, 0xfe, 
	0xff, 0xfe, 0xff, 0xfe, 0xf5, 0xc1, 0xf5, 0xc1, 
	0xf6, 0x81, 0xf7, 0x41, 0xf7, 0x81, 0xf7, 0x81, 
	0xf7, 0x81, 0xf7, 0x81, 0xf7, 0x81, 0xf7, 0x81, 
	0xf7, 0x81, 0xf7, 0x81, 0xf7, 0x81, 0xf7, 0x81, 
	0xf7, 0x81, 0xf7, 0x81, 0xf7, 0x81, 0xf7, 0x81, 
	0xf7, 0x81, 0xf7, 0x81, 0xf7, 0x81, 0xf7, 0x81, 
	0xf7, 0x81, 0xf7, 0x81, 0xf7, 0x41, 0xf6, 0xc1, 
	0xf6, 0xc1, 0xff, 0xfe, 0xff, 0xfe, 0xff, 0xfe, 
	0xff, 0xfe, 0xff, 0xfe, 0xed, 0x41, 0xe5, 0x01, 
	0xf5, 0xc1, 0xf6, 0xc1, 0xf7, 0x81, 0xf7, 0x81, 
	0xf7, 0x81, 0xf7, 0x81, 0xf7, 0x81, 0xf7, 0x81, 
	0xf7, 0x81, 0xf7, 0x81, 0xf7, 0x81, 0xf7, 0x81, 
	0xf7, 0x81, 0xf7, 0x81, 0xf7, 0x81, 0xf7, 0x81, 
	0xf7, 0x81, 0xf7, 0x81, 0xf7, 0x81, 0xf7, 0x81, 
	0xf7, 0x81, 0xf7, 0x81, 0xf7, 0x41, 0xf6, 0xc1, 
	0xf6, 0xc1, 0xff, 0xfe, 0xff, 0xfe, 0xff, 0xfe, 
	0xff, 0xfe, 0xff, 0xfe, 0xe5, 0x01, 0xdc, 0x81, 
	0xdd, 0x01, 0xf6, 0x41, 0xf7, 0x81, 0xf7, 0x81, 
	0xf7, 0x81, 0xf7, 0x81, 0xf7, 0x81, 0xf7, 0x81, 
	0xf7, 0x81, 0xf7, 0x81, 0xf7, 0x81, 0xf7, 0x81, 
	0xf7, 0x81, 0xf7, 0x81, 0xf7, 0x81, 0xf7, 0x81, 
	0xf7, 0x81, 0xf7, 0x81, 0xf7, 0x81, 0xf7, 0x81, 
	0xf7, 0x81, 0xf7, 0x81, 0xf7, 0x41, 0xf6, 0x81, 
	0xf6, 0x81, 0xff, 0xfe, 0xff, 0xfe, 0xff, 0xfe, 
	0xff, 0xfe, 0xff, 0xfe, 0xe5, 0x01, 0xdc, 0x81, 
	0xdc, 0xc1, 0xed, 0x81, 0xf6, 0xc1, 0xf7, 0x81, 
	0xf7, 0x81, 0xf7, 0x81, 0xf7, 0x81, 0xf7, 0x81, 
	0xf7, 0x81, 0xf7, 0x81, 0xf7, 0x81, 0xf7, 0x81, 
	0xf7, 0x81, 0xf7, 0x81, 0xf7, 0x81, 0xf7, 0x81, 
	0xf7, 0x81, 0xf7, 0x81, 0xf7, 0x81, 0xf7, 0x81, 
	0xf7, 0x81, 0xf7, 0x81, 0xf6, 0xc1, 0xed, 0x81, 
	0xf6, 0x01, 0xff, 0xfe, 0xff, 0xfe, 0xff, 0xfe, 
	0xff, 0xfe, 0xff, 0xfe, 0xed, 0xc1, 0xdc, 0x81, 
	0xd4, 0x81, 0xcc, 0x81, 0xdd, 0x41, 0xf7, 0x01, 
	0xf7, 0x81, 0xf7, 0x81, 0xf7, 0x81, 0xf7, 0x81, 
	0xf7, 0x81, 0xf7, 0x81, 0xf7, 0x81, 0xf7, 0x81, 
	0xf7, 0x81, 0xf7, 0x81, 0xf7, 0x81, 0xf7, 0x81, 
	0xf7, 0x81, 0xf7, 0x81, 0xf7, 0x81, 0xf7, 0x81, 
	0xf7, 0x81, 0xf6, 0xc1, 0xe5, 0x81, 0xdd, 0x01, 
	0xf6, 0x07, 0xff, 0xfe, 0xff, 0xfe, 0xff, 0xfe, 
	0xff, 0xfe, 0xff, 0xfe, 0xff, 0xfe, 0xe5, 0x41, 
	0xdc, 0x81, 0xcc, 0x81, 0xc4, 0x81, 0xdd, 0x41, 
	0xf6, 0xc1, 0xf7, 0x81, 0xf7, 0x81, 0xf7, 0x81, 
	0xf7, 0x81, 0xf7, 0x81, 0xf7, 0x81, 0xf7, 0x81, 
	0xf7, 0x81, 0xf7, 0x81, 0xf7, 0x81, 0xf7, 0x81, 
	0xf7, 0x81, 0xf7, 0x81, 0xf7, 0x81, 0xf7, 0x01, 
	0xee, 0x01, 0xdd, 0x41, 0xd4, 0xc1, 0xdd, 0x41, 
	0xff, 0xfe, 0xff, 0xfe, 0xff, 0xfe, 0xff, 0xfe, 
	0xff, 0xfe, 0xff, 0xfe, 0xff, 0xfe, 0xe5, 0x41, 
	0xe4, 0xc1, 0xd4, 0x81, 0xc4, 0x41, 0xbc, 0x41, 
	0xcc, 0xc1, 0xe6, 0x01, 0xf7, 0x41, 0xf7, 0x81, 
	0xf7, 0x81, 0xf7, 0x81, 0xf7, 0x81, 0xf7, 0x81, 
	0xf7, 0x81, 0xf7, 0x81, 0xf7, 0x81, 0xf7, 0x81, 
	0xf7, 0x81, 0xf7, 0x81, 0xf6, 0x81, 0xdd, 0x81, 
	0xcc, 0xc1, 0xcc, 0x81, 0xd4, 0x81, 0xe5, 0x81, 
	0xff, 0xfe, 0xff, 0xfe, 0xff, 0xfe, 0xff, 0xfe, 
	0xff, 0xfe, 0xff, 0xfe, 0xff, 0xfe, 0xed, 0xc1, 
	0xe4, 0xc1, 0xe4, 0xc1, 0xd4, 0x81, 0xbc, 0x01, 
	0xb4, 0x01, 0xc4, 0x81, 0xd5, 0x01, 0xee, 0x01, 
	0xf7, 0x01, 0xf7, 0x81, 0xf7, 0x81, 0xf7, 0x81, 
	0xf7, 0x81, 0xf7, 0x81, 0xf7, 0x01, 0xee, 0x41, 
	0xdd, 0x81, 0xd5, 0x41, 0xcc, 0xc1, 0xc4, 0x81, 
	0xc4, 0x81, 0xcc, 0x81, 0xdc, 0xc1, 0xf6, 0x05, 
	0xff, 0xfe, 0xff, 0xfe, 0xff, 0xfe, 0xff, 0xfe, 
	0xff, 0xfe, 0xff, 0xfe, 0xff, 0xfe, 0xff, 0xfe, 
	0xf5, 0xc1, 0xe4, 0xc1, 0xe4, 0xc1, 0xd4, 0x81, 
	0xbc, 0x01, 0xb4, 0x01, 0xb4, 0x01, 0xbc, 0x41, 
	0xc4, 0x81, 0xcc, 0xc1, 0xd5, 0x01, 0xd5, 0x41, 
	0xd5, 0x01, 0xcc, 0xc1, 0xc4, 0x81, 0xbc, 0x41, 
	0xb4, 0x01, 0xb4, 0x41, 0xbc, 0x41, 0xc4, 0x81, 
	0xd4, 0x81, 0xdc, 0xc1, 0xf5, 0xc1, 0xff, 0xfe, 
	0xff, 0xfe, 0xff, 0xfe, 0xff, 0xfe, 0xff, 0xfe, 
	0xff, 0xfe, 0xff, 0xfe, 0xff, 0xfe, 0xff, 0xfe, 
	0xff, 0xfe, 0xed, 0x41, 0xe4, 0xc1, 0xe4, 0xc1, 
	0xd4, 0x81, 0xc4, 0x41, 0xbc, 0x01, 0xb3, 0xc1, 
	0xab, 0xc1, 0xab, 0xc1, 0xb3, 0xc1, 0xb4, 0x01, 
	0xb3, 0xc1, 0xb3, 0xc1, 0xb4, 0x01, 0xb4, 0x01, 
	0xbc, 0x41, 0xcc, 0x81, 0xd4, 0xc1, 0xdc, 0xc1, 
	0xe5, 0x01, 0xed, 0x41, 0xff, 0xfe, 0xff, 0xfe, 
	0xff, 0xfe, 0xff, 0xfe, 0xff, 0xfe, 0xff, 0xfe, 
	0xff, 0xfe, 0xff, 0xfe, 0xff, 0xfe, 0xff, 0xfe, 
	0xff, 0xfe, 0xed, 0xc1, 0xe4, 0xc1, 0xe4, 0xc1, 
	0xe4, 0xc1, 0xdc, 0xc1, 0xd4, 0x81, 0xcc, 0x81, 
	0xc4, 0x41, 0xbc, 0x41, 0xbc, 0x41, 0xbc, 0x41, 
	0xbc, 0x41, 0xc4, 0x81, 0xcc, 0x81, 0xd4, 0xc1, 
	0xdd, 0x01, 0xe5, 0x01, 0xed, 0x01, 0xed, 0x01, 
	0xec, 0xc1, 0xf5, 0xc1, 0xff, 0xfe, 0xff, 0xfe, 
	0xff, 0xfe, 0xff, 0xfe, 0xff, 0xfe, 0xff, 0xfe, 
	0xff, 0xfe, 0xff, 0xfe, 0xff, 0xfe, 0xff, 0xfe, 
	0xff, 0xfe, 0xff, 0xfe, 0xed, 0xc1, 0xed, 0x41, 
	0xe4, 0xc1, 0xe4, 0xc1, 0xe4, 0xc1, 0xe4, 0xc1, 
	0xdc, 0xc1, 0xdc, 0xc1, 0xdc, 0xc1, 0xdc, 0xc1, 
	0xe5, 0x01, 0xe5, 0x01, 0xed, 0x41, 0xed, 0x41, 
	0xf5, 0x41, 0xf5, 0x41, 0xed, 0x01, 0xf5, 0x81, 
	0xf5, 0xc1, 0xff, 0xfe, 0xff, 0xfe, 0xff, 0xfe, 
	0xff, 0xfe, 0xff, 0xfe, 0xff, 0xfe, 0xff, 0xfe, 
	0xff, 0xfe, 0xff, 0xfe, 0xff, 0xfe, 0xff, 0xfe, 
	0xff, 0xfe, 0xff, 0xfe, 0xff, 0xfe, 0xff, 0xfe, 
	0xed, 0xc1, 0xdc, 0xc1, 0xe4, 0xc1, 0xe4, 0xc1, 
	0xe4, 0xc1, 0xe5, 0x01, 0xed, 0x01, 0xed, 0x01, 
	0xed, 0x01, 0xed, 0x41, 0xf5, 0x41, 0xed, 0x01, 
	0xed, 0x01, 0xed, 0x01, 0xf6, 0x01, 0xff, 0xfe, 
	0xff, 0xfe, 0xff, 0xfe, 0xff, 0xfe, 0xff, 0xfe, 
	0xff, 0xfe, 0xff, 0xfe, 0xff, 0xfe, 0xff, 0xfe, 
	0xff, 0xfe, 0xff, 0xfe, 0xff, 0xfe, 0xff, 0xfe, 
	0xff, 0xfe, 0xff, 0xfe, 0xff, 0xfe, 0xff, 0xfe, 
	0xff, 0xfe, 0xed, 0xc1, 0xe5, 0x01, 0xe5, 0x01, 
	0xe4, 0xc1, 0xe4, 0xc1, 0xe4, 0xc1, 0xe4, 0xc1, 
	0xe4, 0xc1, 0xe4, 0xc1, 0xec, 0xc1, 0xed, 0x41, 
	0xed, 0x41, 0xf5, 0xc1, 0xff, 0xfe, 0xff, 0xfe, 
	0xff, 0xfe, 0xff, 0xfe, 0xff, 0xfe, 0xff, 0xfe, 
	0xff, 0xfe, 0xff, 0xfe, 0xff, 0xfe, 0xff, 0xfe, 
	0xff, 0xfe, 0xff, 0xfe, 0xff, 0xfe, 0xff, 0xfe, 
	0xff, 0xfe, 0xff, 0xfe, 0xff, 0xfe, 0xff, 0xfe, 
	0xff, 0xfe, 0xff, 0xfe, 0xff, 0xfe, 0xff, 0xfe, 
	0xed, 0xc1, 0xe5, 0x01, 0xed, 0x41, 0xed, 0x41, 
	0xed, 0x41, 0xed, 0x41, 0xf5, 0xc1, 0xff, 0xfe, 
	0xff, 0xfe, 0xff, 0xfe, 0xff, 0xfe, 0xff, 0xfe, 
	0xff, 0xfe, 0xff, 0xfe, 0xff, 0xfe, 0xff, 0xfe, 
	0xff, 0xfe, 0xff, 0xfe, 0xff, 0xfe, 0xff, 0xfe, 
	0xff, 0xfe, 0xff, 0xfe, 0xff, 0xfe, 0xff, 0xfe, 
	0xff, 0xfe, 0xff, 0xfe, 0xff, 0xfe, 0xff, 0xfe, 
	0xff, 0xfe, 0xff, 0xfe, 0xff, 0xfe, 0xff, 0xfe, 
	0xff, 0xfe, 0xff, 0xfe, 0xff, 0xfe, 0xff, 0xfe, 
	0xff, 0xfe, 0xff, 0xfe, 0xff, 0xfe, 0xff, 0xfe, 
	0xff, 0xfe, 0xff, 0xfe, 0xff, 0xfe, 0xff, 0xfe, 
	0xff, 0xfe, 0xff, 0xfe, 0xff, 0xfe, 0xff, 0xfe, 
	0xff, 0xfe, 0xff, 0xfe, 0xff, 0xfe, 0xff, 0xfe, 
	0xff, 0xfe, 0xff, 0xfe, 0xff, 0xfe, 0xff, 0xfe, 
	0xff, 0xfe, 0xff, 0xfe, 0xff, 0xfe, 0xff, 0xfe, 
	0xff, 0xfe, 0xff, 0xfe, 0xff, 0xfe, 0xff, 0xfe, 
	0xff, 0xfe, 0xff, 0xfe, 0xff, 0xfe, 0xff, 0xfe, 
	0xff, 0xfe, 0xff, 0xfe, 0xff, 0xfe, 0xff, 0xfe, 
	0xff, 0xfe, 0xff, 0xfe, 0xff, 0xfe, 0xff, 0xfe, 
	0xff, 0xfe, 0xff, 0xfe, 0xff, 0xfe, 0xff, 0xfe, 
	0xff, 0xfe, 0xff, 0xfe, 0xff, 0xfe, 0xff, 0xfe, 
	
};

Texture jared_metal_rgba16[] = {
	0x00, 0x01, 0x00, 0x01, 0x00, 0x01, 0x00, 0x01, 
	0x00, 0x01, 0x00, 0x01, 0x00, 0x01, 0x00, 0x01, 
	0x00, 0x01, 0x00, 0x01, 0x00, 0x01, 0x00, 0x01, 
	0x00, 0x01, 0x00, 0x01, 0x00, 0x01, 0x00, 0x01, 
	0x00, 0x01, 0x00, 0x01, 0x00, 0x01, 0x00, 0x01, 
	0x00, 0x01, 0x00, 0x01, 0x00, 0x01, 0x00, 0x01, 
	0x00, 0x01, 0x00, 0x01, 0x00, 0x01, 0x00, 0x01, 
	0x08, 0x01, 0x08, 0x43, 0x10, 0x43, 0x08, 0x43, 
	0x08, 0x43, 0x08, 0x43, 0x18, 0x85, 0x10, 0x83, 
	0x08, 0x43, 0x08, 0x01, 0x00, 0x03, 0x08, 0x01, 
	0x00, 0x01, 0x00, 0x01, 0x00, 0x01, 0x00, 0x01, 
	0x00, 0x01, 0x00, 0x01, 0x00, 0x01, 0x00, 0x01, 
	0x00, 0x01, 0x00, 0x01, 0x00, 0x01, 0x00, 0x01, 
	0x00, 0x01, 0x00, 0x01, 0x00, 0x01, 0x00, 0x01, 
	0x00, 0x01, 0x00, 0x01, 0x00, 0x01, 0x00, 0x01, 
	0x00, 0x01, 0x00, 0x01, 0x00, 0x01, 0x00, 0x01, 
	0x00, 0x01, 0x00, 0x01, 0x00, 0x01, 0x00, 0x01, 
	0x00, 0x01, 0x00, 0x01, 0x00, 0x01, 0x00, 0x01, 
	0x00, 0x01, 0x00, 0x01, 0x00, 0x01, 0x00, 0x01, 
	0x00, 0x01, 0x00, 0x01, 0x00, 0x01, 0x00, 0x01, 
	0x00, 0x01, 0x00, 0x01, 0x00, 0x01, 0x00, 0x01, 
	0x00, 0x01, 0x00, 0x03, 0x08, 0x41, 0x08, 0x43, 
	0x08, 0x43, 0x08, 0x43, 0x08, 0x43, 0x10, 0x43, 
	0x10, 0x85, 0x10, 0x43, 0x18, 0x85, 0x10, 0x85, 
	0x10, 0x43, 0x10, 0x43, 0x10, 0x85, 0x21, 0x07, 
	0x31, 0x49, 0x31, 0x4b, 0x31, 0x47, 0x31, 0x49, 
	0x29, 0x07, 0x20, 0xc7, 0x18, 0x83, 0x10, 0x43, 
	0x08, 0x41, 0x00, 0x01, 0x00, 0x01, 0x00, 0x01, 
	0x00, 0x01, 0x00, 0x01, 0x00, 0x01, 0x00, 0x01, 
	0x00, 0x01, 0x00, 0x01, 0x00, 0x01, 0x00, 0x01, 
	0x00, 0x01, 0x00, 0x01, 0x00, 0x01, 0x00, 0x01, 
	0x00, 0x01, 0x00, 0x01, 0x00, 0x01, 0x00, 0x01, 
	0x00, 0x01, 0x00, 0x01, 0x00, 0x01, 0x00, 0x01, 
	0x00, 0x01, 0x00, 0x01, 0x00, 0x01, 0x00, 0x01, 
	0x00, 0x01, 0x00, 0x01, 0x00, 0x01, 0x00, 0x01, 
	0x00, 0x01, 0x00, 0x01, 0x00, 0x01, 0x00, 0x01, 
	0x00, 0x01, 0x08, 0x43, 0x10, 0x85, 0x18, 0xc7, 
	0x21, 0x07, 0x18, 0xc7, 0x10, 0x83, 0x18, 0x85, 
	0x18, 0x85, 0x18, 0x87, 0x18, 0x87, 0x10, 0x87, 
	0x08, 0x45, 0x10, 0x87, 0x10, 0x87, 0x10, 0x43, 
	0x00, 0x03, 0x08, 0x43, 0x00, 0x03, 0x08, 0x43, 
	0x00, 0x01, 0x10, 0x43, 0x08, 0x43, 0x10, 0xc5, 
	0x20, 0x85, 0x19, 0x07, 0x20, 0xc5, 0x29, 0x07, 
	0x29, 0x05, 0x20, 0xc5, 0x10, 0x43, 0x10, 0x43, 
	0x08, 0x01, 0x00, 0x01, 0x00, 0x01, 0x00, 0x01, 
	0x00, 0x01, 0x00, 0x01, 0x00, 0x01, 0x00, 0x01, 
	0x00, 0x01, 0x00, 0x01, 0x00, 0x01, 0x00, 0x01, 
	0x00, 0x01, 0x00, 0x01, 0x00, 0x01, 0x00, 0x01, 
	0x00, 0x01, 0x00, 0x01, 0x00, 0x01, 0x00, 0x01, 
	0x00, 0x01, 0x00, 0x01, 0x00, 0x01, 0x00, 0x01, 
	0x00, 0x01, 0x00, 0x01, 0x00, 0x01, 0x00, 0x01, 
	0x00, 0x01, 0x08, 0x43, 0x10, 0x45, 0x21, 0x49, 
	0x39, 0x8d, 0x31, 0x8b, 0x31, 0x4b, 0x29, 0x49, 
	0x18, 0x87, 0x10, 0x83, 0x08, 0x43, 0x08, 0x01, 
	0x08, 0x03, 0x08, 0x03, 0x08, 0x03, 0x00, 0x41, 
	0x00, 0x01, 0x08, 0x03, 0x10, 0x03, 0x08, 0x03, 
	0x00, 0x01, 0x08, 0x43, 0x00, 0x41, 0x00, 0x03, 
	0x00, 0x01, 0x00, 0x01, 0x08, 0x01, 0x00, 0x01, 
	0x00, 0x01, 0x00, 0x01, 0x00, 0x01, 0x08, 0x41, 
	0x00, 0x01, 0x10, 0x83, 0x10, 0x43, 0x10, 0x83, 
	0x20, 0x85, 0x20, 0x85, 0x10, 0x83, 0x08, 0x01, 
	0x00, 0x01, 0x00, 0x01, 0x00, 0x01, 0x00, 0x01, 
	0x00, 0x01, 0x00, 0x01, 0x00, 0x01, 0x00, 0x01, 
	0x00, 0x01, 0x00, 0x01, 0x00, 0x01, 0x00, 0x01, 
	0x00, 0x01, 0x00, 0x01, 0x00, 0x01, 0x00, 0x01, 
	0x00, 0x01, 0x00, 0x01, 0x00, 0x01, 0x00, 0x01, 
	0x00, 0x01, 0x00, 0x01, 0x00, 0x01, 0x08, 0x43, 
	0x29, 0x4b, 0x63, 0x19, 0x62, 0x95, 0x41, 0xcd, 
	0x28, 0xc7, 0x28, 0xc9, 0x18, 0x83, 0x08, 0x43, 
	0x08, 0x43, 0x10, 0x41, 0x08, 0x03, 0x10, 0x01, 
	0x08, 0x01, 0x08, 0x01, 0x08, 0x43, 0x10, 0x03, 
	0x18, 0x03, 0x20, 0x85, 0x10, 0x01, 0x08, 0x01, 
	0x08, 0x01, 0x08, 0x03, 0x20, 0x43, 0x10, 0x43, 
	0x10, 0x03, 0x08, 0x01, 0x00, 0x01, 0x08, 0x01, 
	0x00, 0x01, 0x00, 0x01, 0x00, 0x01, 0x00, 0x01, 
	0x00, 0x01, 0x00, 0x01, 0x08, 0x43, 0x08, 0x43, 
	0x00, 0x01, 0x10, 0x43, 0x28, 0xc5, 0x31, 0x09, 
	0x20, 0x85, 0x08, 0x43, 0x00, 0x01, 0x00, 0x01, 
	0x00, 0x01, 0x00, 0x01, 0x00, 0x01, 0x00, 0x01, 
	0x00, 0x01, 0x00, 0x01, 0x00, 0x01, 0x00, 0x01, 
	0x00, 0x01, 0x00, 0x01, 0x00, 0x01, 0x00, 0x01, 
	0x00, 0x01, 0x00, 0x01, 0x00, 0x01, 0x00, 0x01, 
	0x00, 0x01, 0x08, 0x43, 0x21, 0x09, 0x4a, 0x51, 
	0x62, 0xd3, 0x72, 0xd7, 0x5a, 0x13, 0x69, 0xd3, 
	0x49, 0x4f, 0x28, 0x87, 0x10, 0x41, 0x08, 0x01, 
	0x08, 0x01, 0x08, 0x01, 0x08, 0x01, 0x08, 0x01, 
	0x10, 0x01, 0x08, 0x03, 0x10, 0x01, 0x18, 0x03, 
	0x20, 0x45, 0x48, 0x89, 0x28, 0x43, 0x08, 0x01, 
	0x10, 0x03, 0x10, 0x41, 0x18, 0x03, 0x10, 0x03, 
	0x10, 0x01, 0x08, 0x01, 0x10, 0x01, 0x08, 0x01, 
	0x10, 0x01, 0x08, 0x01, 0x00, 0x01, 0x00, 0x01, 
	0x00, 0x01, 0x10, 0x41, 0x08, 0x41, 0x08, 0x43, 
	0x08, 0x41, 0x08, 0x01, 0x08, 0x43, 0x20, 0x83, 
	0x31, 0x09, 0x38, 0xc9, 0x20, 0x87, 0x00, 0x41, 
	0x00, 0x01, 0x00, 0x01, 0x00, 0x01, 0x00, 0x01, 
	0x00, 0x01, 0x00, 0x01, 0x00, 0x01, 0x00, 0x01, 
	0x00, 0x01, 0x00, 0x01, 0x00, 0x01, 0x00, 0x01, 
	0x00, 0x01, 0x00, 0x01, 0x00, 0x01, 0x00, 0x01, 
	0x18, 0x85, 0x52, 0x95, 0x83, 0x5b, 0x82, 0x97, 
	0x7a, 0x57, 0x93, 0x61, 0x9b, 0xa5, 0x93, 0xa5, 
	0x6a, 0x17, 0x40, 0xcb, 0x10, 0x43, 0x08, 0x01, 
	0x08, 0x01, 0x00, 0x01, 0x08, 0x01, 0x08, 0x01, 
	0x08, 0x01, 0x10, 0x03, 0x10, 0x01, 0x08, 0x03, 
	0x10, 0x43, 0x20, 0x03, 0x08, 0x43, 0x08, 0x01, 
	0x08, 0x01, 0x08, 0x43, 0x18, 0x03, 0x10, 0x43, 
	0x08, 0x01, 0x10, 0x01, 0x08, 0x01, 0x08, 0x01, 
	0x10, 0x01, 0x10, 0x03, 0x10, 0x41, 0x00, 0x01, 
	0x08, 0x03, 0x18, 0x81, 0x18, 0x83, 0x21, 0x03, 
	0x31, 0x05, 0x18, 0x81, 0x08, 0x43, 0x18, 0xc3, 
	0x31, 0x09, 0x39, 0x8b, 0x31, 0x07, 0x39, 0x0b, 
	0x18, 0x85, 0x00, 0x01, 0x00, 0x01, 0x00, 0x01, 
	0x00, 0x01, 0x00, 0x01, 0x00, 0x01, 0x00, 0x01, 
	0x00, 0x01, 0x00, 0x01, 0x00, 0x01, 0x00, 0x01, 
	0x00, 0x01, 0x00, 0x01, 0x00, 0x01, 0x28, 0xc7, 
	0x62, 0x13, 0x8a, 0x57, 0x92, 0x59, 0x91, 0xd3, 
	0xac, 0x27, 0xbd, 0x33, 0xb4, 0xad, 0x9c, 0x27, 
	0x49, 0x51, 0x10, 0x01, 0x00, 0x03, 0x08, 0x01, 
	0x08, 0x41, 0x08, 0x01, 0x00, 0x01, 0x08, 0x01, 
	0x08, 0x01, 0x08, 0x01, 0x08, 0x01, 0x08, 0x03, 
	0x08, 0x01, 0x00, 0x01, 0x08, 0x03, 0x08, 0x03, 
	0x08, 0x01, 0x00, 0x41, 0x00, 0x03, 0x00, 0x01, 
	0x08, 0x01, 0x00, 0x01, 0x00, 0x01, 0x00, 0x01, 
	0x08, 0x01, 0x00, 0x01, 0x08, 0x41, 0x08, 0x01, 
	0x28, 0xc7, 0x6a, 0xd1, 0x52, 0x0b, 0x39, 0x87, 
	0x31, 0x03, 0x39, 0x45, 0x41, 0xc9, 0x31, 0x85, 
	0x41, 0xc9, 0x5a, 0x8d, 0x41, 0x8b, 0x21, 0x07, 
	0x51, 0x8f, 0x39, 0x0b, 0x00, 0x01, 0x00, 0x01, 
	0x00, 0x01, 0x00, 0x01, 0x00, 0x01, 0x00, 0x01, 
	0x00, 0x01, 0x00, 0x01, 0x00, 0x01, 0x00, 0x01, 
	0x00, 0x01, 0x08, 0x01, 0x39, 0x4d, 0x79, 0xd7, 
	0x92, 0x13, 0xa3, 0x13, 0xab, 0x93, 0xb3, 0xdf, 
	0xb4, 0xad, 0xa4, 0x6b, 0x6a, 0x9d, 0x39, 0x4d, 
	0x18, 0x45, 0x20, 0x87, 0x39, 0x0d, 0x28, 0x87, 
	0x41, 0x4f, 0x20, 0x85, 0x10, 0x03, 0x00, 0x01, 
	0x08, 0x01, 0x10, 0x41, 0x00, 0x03, 0x08, 0x01, 
	0x00, 0x01, 0x00, 0x43, 0x08, 0x03, 0x10, 0x03, 
	0x00, 0x41, 0x00, 0x03, 0x08, 0x01, 0x00, 0x01, 
	0x00, 0x01, 0x00, 0x01, 0x00, 0x01, 0x00, 0x01, 
	0x00, 0x01, 0x08, 0x01, 0x10, 0x81, 0x18, 0xc3, 
	0x20, 0xc3, 0x49, 0xc9, 0x52, 0x4b, 0x52, 0x4b, 
	0x5a, 0x8d, 0x7b, 0x53, 0x94, 0x15, 0x83, 0x95, 
	0x41, 0x87, 0x4a, 0x47, 0x4a, 0x47, 0x20, 0x85, 
	0x18, 0x85, 0x49, 0x4d, 0x41, 0x09, 0x08, 0x43, 
	0x00, 0x01, 0x00, 0x01, 0x00, 0x01, 0x00, 0x01, 
	0x00, 0x01, 0x00, 0x01, 0x00, 0x01, 0x00, 0x01, 
	0x08, 0x43, 0x41, 0x0b, 0x8a, 0x17, 0x9a, 0x5b, 
	0xb4, 0x19, 0xc4, 0x9d, 0xab, 0xa1, 0x9b, 0xa5, 
	0x49, 0x91, 0x28, 0x89, 0x08, 0x43, 0x08, 0x01, 
	0x20, 0x87, 0x82, 0xe1, 0xb4, 0xb1, 0x93, 0xa3, 
	0x93, 0x63, 0x82, 0xdd, 0x38, 0x87, 0x31, 0x0b, 
	0x20, 0x87, 0x10, 0x83, 0x08, 0x01, 0x08, 0x43, 
	0x20, 0x47, 0x20, 0xcb, 0x10, 0x89, 0x10, 0x87, 
	0x08, 0x45, 0x08, 0x03, 0x00, 0x01, 0x00, 0x01, 
	0x00, 0x01, 0x00, 0x01, 0x00, 0x01, 0x00, 0x01, 
	0x00, 0x01, 0x08, 0x41, 0x20, 0xc3, 0x28, 0xc3, 
	0x31, 0x05, 0x41, 0xc7, 0x62, 0xcd, 0x8b, 0xd5, 
	0x6b, 0x11, 0x5a, 0x8d, 0x8c, 0x13, 0x8b, 0xd5, 
	0x7b, 0x53, 0x52, 0x09, 0x39, 0xc7, 0x18, 0xc3, 
	0x08, 0x41, 0x21, 0x09, 0x6a, 0x11, 0x51, 0x8b, 
	0x08, 0x01, 0x00, 0x01, 0x00, 0x01, 0x00, 0x01, 
	0x00, 0x01, 0x00, 0x01, 0x00, 0x01, 0x08, 0x43, 
	0x49, 0x0b, 0x81, 0xd9, 0x92, 0x19, 0xb4, 0x25, 
	0xbc, 0x25, 0xa3, 0x65, 0x9a, 0xa1, 0x72, 0x9b, 
	0x5a, 0x13, 0x49, 0xd3, 0x31, 0x0d, 0x18, 0x43, 
	0x59, 0xd7, 0xb4, 0xaf, 0xc5, 0x75, 0xbc, 0xab, 
	0xac, 0xab, 0x9b, 0x63, 0x92, 0xdd, 0x61, 0xd3, 
	0x18, 0x85, 0x10, 0x01, 0x08, 0x43, 0x10, 0x83, 
	0x18, 0x87, 0x18, 0x85, 0x10, 0x85, 0x08, 0x45, 
	0x08, 0x41, 0x08, 0x03, 0x08, 0x43, 0x00, 0x01, 
	0x00, 0x01, 0x08, 0x43, 0x00, 0x01, 0x08, 0x43, 
	0x00, 0x01, 0x00, 0x01, 0x18, 0x81, 0x20, 0xc5, 
	0x29, 0x43, 0x52, 0x0b, 0x93, 0xd7, 0x94, 0x57, 
	0x94, 0x15, 0x8b, 0xd3, 0x7b, 0x91, 0x9c, 0x97, 
	0xa4, 0x97, 0x73, 0x0d, 0x21, 0x45, 0x10, 0x83, 
	0x00, 0x03, 0x08, 0x41, 0x31, 0x4b, 0x6a, 0x11, 
	0x41, 0x49, 0x00, 0x01, 0x00, 0x01, 0x00, 0x01, 
	0x00, 0x01, 0x00, 0x01, 0x00, 0x01, 0x30, 0xc9, 
	0x81, 0xd7, 0x9a, 0x5f, 0xa3, 0x25, 0xb3, 0xe5, 
	0xa2, 0xa3, 0x9a, 0xa3, 0xac, 0xab, 0x94, 0xab, 
	0x94, 0xa9, 0x83, 0xa3, 0x72, 0x9b, 0x7a, 0x19, 
	0x92, 0xdf, 0xb4, 0x2b, 0xc4, 0x9f, 0xab, 0x4d, 
	0xa3, 0x19, 0x92, 0x9f, 0x79, 0x93, 0x40, 0xc7, 
	0x4a, 0x0d, 0x39, 0x8d, 0x41, 0xcd, 0x52, 0x93, 
	0x31, 0x8d, 0x18, 0x85, 0x10, 0x83, 0x10, 0x83, 
	0x08, 0x01, 0x21, 0x07, 0x29, 0x07, 0x21, 0x07, 
	0x08, 0x43, 0x00, 0x01, 0x08, 0x01, 0x08, 0x43, 
	0x18, 0xc5, 0x18, 0x83, 0x31, 0x47, 0x5a, 0x8b, 
	0x42, 0x07, 0x41, 0xc5, 0x39, 0x87, 0x5a, 0x4b, 
	0x83, 0xd5, 0x94, 0x53, 0x94, 0x53, 0xac, 0xdb, 
	0xa4, 0x97, 0x94, 0x53, 0x52, 0x8d, 0x10, 0x43, 
	0x10, 0x83, 0x00, 0x41, 0x08, 0x03, 0x29, 0x07, 
	0x6a, 0x15, 0x20, 0xc7, 0x00, 0x01, 0x00, 0x01, 
	0x00, 0x01, 0x00, 0x01, 0x10, 0x43, 0x61, 0x0f, 
	0x92, 0x5f, 0xb3, 0xa9, 0xab, 0x1f, 0xab, 0x11, 
	0xa3, 0x21, 0xb4, 0xaf, 0xad, 0xb5, 0xad, 0x75, 
	0xad, 0xb5, 0xb5, 0x73, 0xa3, 0xa9, 0x92, 0x5f, 
	0x9a, 0x61, 0xbc, 0x2b, 0xc4, 0xdd, 0xbc, 0x53, 
	0xb3, 0xdf, 0x9a, 0x19, 0x79, 0x4f, 0x79, 0x8f, 
	0x9c, 0xa5, 0x7b, 0xdb, 0x73, 0x19, 0x63, 0x17, 
	0x42, 0x11, 0x10, 0x83, 0x10, 0x85, 0x18, 0x43, 
	0x31, 0x4b, 0x52, 0x91, 0x41, 0xcd, 0x19, 0x05, 
	0x08, 0x43, 0x18, 0x43, 0x20, 0x43, 0x18, 0x85, 
	0x42, 0x0f, 0x51, 0xcb, 0x20, 0xc5, 0x31, 0x45, 
	0x21, 0x43, 0x20, 0xc3, 0x19, 0x05, 0x10, 0x83, 
	0x21, 0x03, 0x62, 0xcf, 0x9c, 0x95, 0xac, 0xdb, 
	0xbd, 0x61, 0xad, 0x1d, 0x94, 0x57, 0x39, 0x89, 
	0x39, 0x09, 0x30, 0x87, 0x08, 0x43, 0x10, 0x43, 
	0x41, 0x8f, 0x59, 0x91, 0x00, 0x43, 0x00, 0x01, 
	0x00, 0x01, 0x00, 0x01, 0x28, 0x87, 0x79, 0x0f, 
	0x9a, 0xa3, 0xa3, 0x65, 0xa2, 0x9f, 0xa2, 0x9f, 
	0xab, 0xe7, 0xad, 0x35, 0xa5, 0x73, 0xa5, 0x75, 
	0xad, 0x75, 0xbd, 0x73, 0xab, 0x67, 0x9a, 0x19, 
	0xab, 0x57, 0xab, 0xa3, 0xbc, 0x69, 0xb3, 0xe5, 
	0x9a, 0x61, 0x91, 0x53, 0x89, 0x93, 0x9a, 0xdf, 
	0x93, 0x61, 0x73, 0x59, 0x5a, 0x93, 0x73, 0x5b, 
	0x39, 0xcf, 0x10, 0x83, 0x08, 0x43, 0x08, 0x43, 
	0x39, 0x8b, 0x41, 0xcb, 0x39, 0x89, 0x18, 0x85, 
	0x31, 0x49, 0x29, 0x07, 0x28, 0x87, 0x08, 0x41, 
	0x20, 0xc7, 0x28, 0xc7, 0x08, 0x83, 0x00, 0x03, 
	0x00, 0x01, 0x00, 0x01, 0x10, 0x83, 0x28, 0x87, 
	0x39, 0x07, 0x31, 0x47, 0x83, 0x93, 0x9c, 0x99, 
	0xac, 0xdf, 0xa4, 0x9f, 0x94, 0x99, 0x62, 0xcf, 
	0x51, 0x89, 0x39, 0x09, 0x08, 0x03, 0x08, 0x43, 
	0x10, 0x83, 0x51, 0x91, 0x18, 0x47, 0x00, 0x01, 
	0x00, 0x01, 0x08, 0x03, 0x48, 0x87, 0x81, 0x4f, 
	0x81, 0xdb, 0x92, 0x5d, 0x92, 0x5f, 0x72, 0x5b, 
	0x8b, 0xe5, 0x94, 0xb1, 0x94, 0xad, 0x94, 0xf1, 
	0x94, 0xf1, 0x94, 0x69, 0x92, 0x61, 0x9a, 0x5d, 
	0xaa, 0xdb, 0x9a, 0x9f, 0xab, 0xa9, 0xab, 0xa7, 
	0xab, 0x65, 0x91, 0xdb, 0x91, 0x99, 0x9a, 0xe1, 
	0x79, 0x95, 0x49, 0x0b, 0x28, 0xc5, 0x18, 0xc7, 
	0x10, 0x83, 0x00, 0x01, 0x08, 0x03, 0x18, 0x87, 
	0x59, 0x8b, 0x82, 0x8f, 0x82, 0x91, 0x72, 0x13, 
	0x7a, 0x95, 0x93, 0x5b, 0x8b, 0x1d, 0x41, 0x4d, 
	0x20, 0xc5, 0x29, 0x07, 0x10, 0x85, 0x08, 0x01, 
	0x00, 0x43, 0x00, 0x01, 0x10, 0x43, 0x30, 0xc9, 
	0x41, 0x09, 0x52, 0x07, 0x6b, 0x0d, 0x94, 0x17, 
	0x94, 0x9b, 0x9c, 0x9d, 0x94, 0x5b, 0x8b, 0xd3, 
	0x7b, 0x4d, 0x49, 0xc9, 0x08, 0x83, 0x08, 0x01, 
	0x08, 0x43, 0x28, 0x87, 0x20, 0x87, 0x00, 0x01, 
	0x00, 0x01, 0x08, 0x03, 0x58, 0xc9, 0x89, 0xd3, 
	0x69, 0x93, 0x28, 0x89, 0x30, 0xc9, 0x18, 0x87, 
	0x49, 0x91, 0x4a, 0x17, 0x31, 0xd3, 0x39, 0xd5, 
	0x5a, 0x59, 0x39, 0x51, 0x28, 0xc9, 0x51, 0x51, 
	0x51, 0x11, 0x69, 0xd5, 0x61, 0x95, 0x82, 0x5b, 
	0x9a, 0xe5, 0x91, 0x97, 0x81, 0x0d, 0x70, 0xc9, 
	0x70, 0xcd, 0x68, 0xcf, 0x41, 0x09, 0x18, 0x85, 
	0x08, 0x43, 0x08, 0x03, 0x00, 0x43, 0x10, 0x45, 
	0x38, 0x89, 0x61, 0x4d, 0x61, 0x4d, 0x61, 0x51, 
	0x82, 0x59, 0x93, 0x5b, 0x8a, 0xdb, 0x31, 0x09, 
	0x00, 0x01, 0x08, 0x43, 0x10, 0x43, 0x08, 0x43, 
	0x08, 0x83, 0x18, 0x45, 0x20, 0x87, 0x29, 0x07, 
	0x6a, 0x91, 0x9c, 0x99, 0xac, 0x99, 0xac, 0xdd, 
	0xbd, 0x69, 0xac, 0xe1, 0xbd, 0xa7, 0xb5, 0x23, 
	0xbc, 0xdd, 0x94, 0x5d, 0x41, 0x49, 0x20, 0xc7, 
	0x08, 0x45, 0x20, 0x83, 0x10, 0x43, 0x00, 0x01, 
	0x00, 0x01, 0x08, 0x03, 0x50, 0x87, 0x92, 0x17, 
	0x51, 0x93, 0x08, 0x01, 0x08, 0x43, 0x08, 0x03, 
	0x10, 0x45, 0x10, 0x45, 0x19, 0x0b, 0x10, 0x45, 
	0x18, 0x45, 0x08, 0x45, 0x08, 0x43, 0x08, 0x43, 
	0x10, 0x45, 0x08, 0x03, 0x10, 0x45, 0x41, 0x0d, 
	0x93, 0x25, 0x92, 0x1b, 0x89, 0x4d, 0x70, 0xc9, 
	0x78, 0xcf, 0x79, 0x11, 0x61, 0x11, 0x20, 0x85, 
	0x10, 0x05, 0x00, 0x41, 0x08, 0x03, 0x08, 0x01, 
	0x08, 0x03, 0x31, 0x05, 0x41, 0x45, 0x31, 0x07, 
	0x20, 0x85, 0x28, 0xc7, 0x20, 0xc7, 0x10, 0x43, 
	0x08, 0x01, 0x00, 0x41, 0x18, 0x87, 0x10, 0x83, 
	0x20, 0x87, 0x59, 0x8f, 0x9b, 0xe3, 0x83, 0x5d, 
	0x8b, 0x5b, 0xb5, 0x27, 0xc5, 0xab, 0xc5, 0xa5, 
	0xc5, 0xa5, 0xc5, 0xa9, 0xc5, 0xa5, 0xc5, 0x65, 
	0xc5, 0xeb, 0x94, 0x21, 0x82, 0xd9, 0x51, 0x8f, 
	0x08, 0x83, 0x20, 0x85, 0x08, 0x03, 0x00, 0x01, 
	0x00, 0x01, 0x08, 0x03, 0x48, 0x45, 0x81, 0x53, 
	0x49, 0x4f, 0x10, 0x85, 0x08, 0x45, 0x08, 0x43, 
	0x10, 0x45, 0x28, 0x89, 0x20, 0xc9, 0x31, 0x09, 
	0x28, 0x89, 0x18, 0x85, 0x10, 0x45, 0x08, 0x45, 
	0x10, 0x89, 0x08, 0x85, 0x08, 0x03, 0x10, 0x43, 
	0x31, 0x09, 0x82, 0x59, 0x92, 0x9f, 0x7a, 0x19, 
	0x61, 0x51, 0x49, 0x0b, 0x40, 0xc9, 0x28, 0xc9, 
	0x18, 0x45, 0x08, 0x43, 0x20, 0x43, 0x20, 0x43, 
	0x18, 0xc7, 0x49, 0x8d, 0x41, 0xc7, 0x31, 0x07, 
	0x10, 0x83, 0x10, 0x43, 0x10, 0x43, 0x00, 0x41, 
	0x08, 0x01, 0x08, 0x45, 0x29, 0x07, 0x21, 0x49, 
	0x41, 0x4b, 0x9b, 0xe3, 0xc5, 0xf5, 0xac, 0xe9, 
	0xa4, 0x25, 0xb5, 0x6f, 0xc5, 0xb1, 0xce, 0x2d, 
	0xce, 0x31, 0xce, 0x33, 0xce, 0x2f, 0xcd, 0xeb, 
	0xbd, 0x6b, 0x9c, 0x65, 0xa4, 0x65, 0x51, 0xd1, 
	0x10, 0x43, 0x10, 0x43, 0x08, 0x43, 0x00, 0x01, 
	0x00, 0x01, 0x00, 0x01, 0x38, 0x49, 0x81, 0x53, 
	0x49, 0x0d, 0x08, 0x45, 0x10, 0x87, 0x10, 0x47, 
	0x20, 0x87, 0x39, 0x0b, 0x39, 0xcf, 0x39, 0x8d, 
	0x31, 0x8d, 0x31, 0x0f, 0x28, 0xcb, 0x10, 0x87, 
	0x10, 0x47, 0x10, 0x85, 0x00, 0x03, 0x08, 0x43, 
	0x39, 0x8b, 0x5a, 0x8f, 0x5a, 0x4f, 0x31, 0x49, 
	0x20, 0xc7, 0x30, 0xc7, 0x28, 0xc7, 0x18, 0x85, 
	0x18, 0x87, 0x20, 0x85, 0x28, 0xc7, 0x41, 0x47, 
	0x52, 0x11, 0x62, 0x93, 0x31, 0xcb, 0x39, 0x8b, 
	0x18, 0xc5, 0x20, 0x85, 0x10, 0x83, 0x08, 0x43, 
	0x00, 0x01, 0x08, 0x43, 0x20, 0xc5, 0x41, 0xcd, 
	0x52, 0x53, 0x94, 0xa5, 0xad, 0x2b, 0xad, 0x2d, 
	0xb5, 0xb3, 0xce, 0x37, 0xd6, 0x7b, 0xd6, 0xbb, 
	0xd6, 0xbb, 0xd6, 0xbb, 0xd6, 0xbb, 0xce, 0x35, 
	0xb5, 0x6f, 0xac, 0xa9, 0xb5, 0x2f, 0x59, 0xcf, 
	0x18, 0x87, 0x10, 0x41, 0x08, 0x43, 0x00, 0x01, 
	0x00, 0x01, 0x00, 0x01, 0x20, 0x47, 0x81, 0xd9, 
	0x7a, 0x19, 0x18, 0x87, 0x08, 0x43, 0x08, 0x45, 
	0x20, 0x89, 0x31, 0x91, 0x31, 0x4f, 0x21, 0x4d, 
	0x21, 0x0f, 0x31, 0xd3, 0x29, 0x51, 0x31, 0x53, 
	0x29, 0x0d, 0x10, 0x87, 0x08, 0x45, 0x18, 0xc9, 
	0x39, 0x91, 0x52, 0x51, 0x5a, 0xd3, 0x39, 0x8b, 
	0x21, 0x09, 0x39, 0x09, 0x39, 0x49, 0x39, 0x4b, 
	0x29, 0x4f, 0x20, 0x87, 0x18, 0xc5, 0x31, 0x0b, 
	0x6b, 0x17, 0x7b, 0x5b, 0x62, 0xd3, 0x4a, 0x4d, 
	0x18, 0xc7, 0x20, 0xc5, 0x20, 0xc7, 0x18, 0xc5, 
	0x18, 0xc5, 0x20, 0x85, 0x30, 0x87, 0x49, 0xcf, 
	0x83, 0xe3, 0xad, 0x2f, 0xbd, 0xf5, 0xce, 0x39, 
	0xd6, 0xbb, 0xd6, 0x7b, 0xce, 0x7b, 0xd6, 0x7b, 
	0xce, 0xbb, 0xd6, 0x7b, 0xd6, 0xbb, 0xce, 0x7b, 
	0xb5, 0x2f, 0xad, 0x2b, 0x83, 0xdf, 0x31, 0x09, 
	0x08, 0x43, 0x10, 0x43, 0x00, 0x41, 0x00, 0x01, 
	0x00, 0x01, 0x00, 0x01, 0x08, 0x03, 0x51, 0x51, 
	0x8a, 0x9d, 0x41, 0x4b, 0x08, 0x41, 0x10, 0x45, 
	0x21, 0x0d, 0x29, 0x51, 0x31, 0x95, 0x21, 0x91, 
	0x18, 0xcd, 0x21, 0x93, 0x29, 0x91, 0x31, 0x95, 
	0x31, 0x53, 0x29, 0x0d, 0x18, 0xcd, 0x29, 0x4f, 
	0x29, 0x93, 0x29, 0x51, 0x5a, 0x93, 0x52, 0x51, 
	0x31, 0x4d, 0x39, 0x4b, 0x31, 0x09, 0x29, 0x4d, 
	0x21, 0x0b, 0x18, 0xc7, 0x10, 0x43, 0x31, 0x09, 
	0x6a, 0x97, 0x82, 0xd5, 0x5a, 0x0f, 0x41, 0x8b, 
	0x29, 0x49, 0x29, 0x09, 0x42, 0x4f, 0x31, 0x4b, 
	0x29, 0x09, 0x20, 0xc7, 0x31, 0x4d, 0x72, 0xdd, 
	0xac, 0xef, 0xc6, 0x3b, 0xce, 0x7b, 0xc6, 0x7b, 
	0xc6, 0x7d, 0xbe, 0x7b, 0xc6, 0x7b, 0xce, 0x7b, 
	0xc6, 0x7d, 0xce, 0x7b, 0xd6, 0xbb, 0xce, 0x79, 
	0xac, 0xed, 0x84, 0x61, 0x39, 0x8b, 0x18, 0x45, 
	0x08, 0x41, 0x08, 0x43, 0x00, 0x01, 0x00, 0x01, 
	0x00, 0x01, 0x00, 0x01, 0x00, 0x01, 0x18, 0x45, 
	0x49, 0x4f, 0x59, 0xcf, 0x31, 0x49, 0x10, 0x85, 
	0x18, 0x87, 0x28, 0xcf, 0x29, 0x93, 0x31, 0x93, 
	0x29, 0x51, 0x29, 0x8f, 0x29, 0x4f, 0x19, 0x0d, 
	0x29, 0x51, 0x21, 0x51, 0x29, 0x95, 0x31, 0x93, 
	0x31, 0xd7, 0x3a, 0x19, 0x52, 0x97, 0x42, 0x0d, 
	0x31, 0x49, 0x29, 0x47, 0x20, 0x85, 0x21, 0x0b, 
	0x52, 0x97, 0x31, 0x4d, 0x29, 0x09, 0x28, 0xc9, 
	0x71, 0xd5, 0x81, 0xd3, 0x61, 0xd3, 0x72, 0x17, 
	0x59, 0xd3, 0x39, 0x0b, 0x49, 0xcd, 0x42, 0x0f, 
	0x52, 0x13, 0x39, 0x4f, 0x52, 0x99, 0x9c, 0xf1, 
	0xa5, 0xf9, 0xa6, 0x3b, 0xad, 0xfb, 0xa5, 0xf9, 
	0xae, 0x3b, 0xad, 0xfb, 0xb6, 0x39, 0xb6, 0x3b, 
	0xc6, 0x7b, 0xc6, 0x7d, 0xd6, 0xbb, 0xbd, 0xf5, 
	0x94, 0x67, 0x52, 0x93, 0x18, 0x85, 0x08, 0x43, 
	0x08, 0x41, 0x00, 0x01, 0x00, 0x01, 0x00, 0x01, 
	0x00, 0x01, 0x00, 0x01, 0x00, 0x01, 0x00, 0x01, 
	0x18, 0x85, 0x28, 0x87, 0x41, 0x89, 0x4a, 0x4d, 
	0x21, 0x0b, 0x18, 0x89, 0x28, 0xcd, 0x29, 0x93, 
	0x21, 0x51, 0x20, 0xcb, 0x21, 0x0b, 0x29, 0x91, 
	0x39, 0xd7, 0x42, 0x59, 0x42, 0x1b, 0x42, 0x9b, 
	0x4a, 0x5b, 0x4a, 0x9d, 0x6b, 0x21, 0x83, 0x5f, 
	0x83, 0x5f, 0x6a, 0x55, 0x41, 0x8d, 0x4a, 0x17, 
	0x4a, 0x53, 0x49, 0xcf, 0x51, 0xd1, 0x61, 0xd3, 
	0x61, 0xd3, 0x61, 0xd3, 0x62, 0x59, 0x8b, 0xa5, 
	0x94, 0x6d, 0x8b, 0xe5, 0x82, 0xdd, 0x7a, 0x9b, 
	0x8a, 0xa1, 0x73, 0x23, 0x84, 0x6d, 0x85, 0x35, 
	0x8d, 0x35, 0x85, 0x77, 0x85, 0x37, 0x85, 0x35, 
	0x85, 0x37, 0x8d, 0x77, 0x9d, 0xb9, 0xae, 0x39, 
	0xbe, 0x3b, 0xc6, 0x7d, 0xce, 0x79, 0x94, 0x67, 
	0x42, 0x11, 0x18, 0x85, 0x10, 0x83, 0x18, 0x85, 
	0x00, 0x01, 0x00, 0x01, 0x00, 0x01, 0x00, 0x01, 
	0x00, 0x01, 0x00, 0x01, 0x00, 0x01, 0x00, 0x01, 
	0x00, 0x01, 0x08, 0x43, 0x20, 0x85, 0x39, 0x8b, 
	0x4a, 0x0f, 0x31, 0x91, 0x29, 0x53, 0x29, 0x51, 
	0x21, 0x51, 0x29, 0x53, 0x31, 0xd5, 0x63, 0x61, 
	0xa5, 0x73, 0xa5, 0x73, 0xa5, 0x75, 0xad, 0xb3, 
	0xb5, 0xb7, 0xb5, 0xf9, 0xbe, 0x37, 0xa5, 0x33, 
	0xb5, 0xb5, 0xbd, 0x75, 0xa4, 0xf1, 0x83, 0xe5, 
	0x42, 0x11, 0x59, 0xd7, 0x8b, 0x1f, 0x82, 0xe1, 
	0x93, 0x65, 0x8b, 0x65, 0x83, 0xe7, 0x84, 0xb1, 
	0x74, 0xf3, 0x74, 0xf5, 0x74, 0xb1, 0x6c, 0x71, 
	0x6c, 0xb1, 0x64, 0x71, 0x5c, 0xb1, 0x5c, 0xb1, 
	0x54, 0x71, 0x54, 0x6f, 0x4c, 0x31, 0x54, 0x6f, 
	0x5c, 0xb1, 0x85, 0x37, 0x95, 0xb9, 0xa5, 0xf9, 
	0xb6, 0x39, 0xac, 0xf1, 0x8b, 0xe3, 0x41, 0x8f, 
	0x18, 0x43, 0x08, 0x83, 0x18, 0x85, 0x08, 0x43, 
	0x00, 0x01, 0x00, 0x01, 0x00, 0x01, 0x00, 0x01, 
	0x00, 0x01, 0x00, 0x01, 0x00, 0x01, 0x00, 0x01, 
	0x00, 0x01, 0x00, 0x01, 0x08, 0x03, 0x18, 0x83, 
	0x21, 0x07, 0x41, 0xcf, 0x39, 0xd1, 0x29, 0x4f, 
	0x21, 0x4f, 0x3a, 0x1b, 0x31, 0xd7, 0x52, 0x9d, 
	0xad, 0xb5, 0xc6, 0xbd, 0xc6, 0x7d, 0xce, 0xbb, 
	0xc6, 0x7d, 0xce, 0xbd, 0xc6, 0xbd, 0xce, 0x7b, 
	0xbe, 0x3b, 0xc6, 0x7d, 0xbd, 0xf9, 0xa4, 0xef, 
	0x8c, 0x29, 0x73, 0xa5, 0x8c, 0xb1, 0x74, 0xb3, 
	0x74, 0xb3, 0x6c, 0xf5, 0x64, 0xb1, 0x5c, 0xb3, 
	0x5c, 0xb1, 0x4c, 0x31, 0x54, 0x6f, 0x4c, 0x2d, 
	0x43, 0xef, 0x43, 0xeb, 0x3b, 0xad, 0x3b, 0xab, 
	0x3b, 0x6b, 0x33, 0xab, 0x43, 0xad, 0x4c, 0x6f, 
	0x6c, 0xb3, 0x85, 0x77, 0x95, 0xb9, 0xa5, 0xb7, 
	0x94, 0x67, 0x49, 0xd3, 0x28, 0xc9, 0x10, 0x41, 
	0x10, 0x43, 0x10, 0x43, 0x00, 0x41, 0x00, 0x01, 
	0x00, 0x01, 0x00, 0x01, 0x00, 0x01, 0x00, 0x01, 
	0x00, 0x01, 0x00, 0x01, 0x00, 0x01, 0x00, 0x01, 
	0x00, 0x01, 0x00, 0x01, 0x00, 0x01, 0x00, 0x01, 
	0x18, 0x45, 0x20, 0xc7, 0x31, 0x49, 0x39, 0xcd, 
	0x4a, 0x15, 0x42, 0x5b, 0x3a, 0x17, 0x39, 0xd7, 
	0x84, 0x69, 0xbe, 0x7b, 0xce, 0x7b, 0xc6, 0xbd, 
	0xce, 0x7d, 0xce, 0xbd, 0xc6, 0x7d, 0xce, 0xbd, 
	0xbe, 0x7d, 0xb6, 0x3b, 0xb6, 0x3b, 0xad, 0xf9, 
	0x9d, 0xf9, 0x8d, 0x77, 0x85, 0x35, 0x7c, 0xf5, 
	0x64, 0xb3, 0x5c, 0x71, 0x54, 0x6f, 0x4c, 0x2f, 
	0x4b, 0xed, 0x43, 0xad, 0x43, 0xed, 0x3b, 0x6b, 
	0x3b, 0xa9, 0x43, 0x6b, 0x3b, 0x6b, 0x33, 0x69, 
	0x3b, 0xab, 0x3b, 0xed, 0x54, 0x2f, 0x64, 0xb3, 
	0x84, 0xf3, 0x7c, 0x27, 0x63, 0x63, 0x52, 0x97, 
	0x31, 0x4b, 0x20, 0xc9, 0x18, 0x83, 0x10, 0x83, 
	0x10, 0x41, 0x00, 0x01, 0x00, 0x01, 0x00, 0x01, 
	0x00, 0x01, 0x00, 0x01, 0x00, 0x01, 0x00, 0x01, 
	0x00, 0x01, 0x00, 0x01, 0x00, 0x01, 0x00, 0x01, 
	0x00, 0x01, 0x00, 0x01, 0x00, 0x01, 0x00, 0x01, 
	0x00, 0x01, 0x08, 0x01, 0x08, 0x43, 0x28, 0xc7, 
	0x39, 0x4b, 0x42, 0x11, 0x41, 0xd1, 0x42, 0x51, 
	0x5a, 0x57, 0x9c, 0xad, 0xbd, 0xf9, 0xbd, 0xf9, 
	0xc6, 0x79, 0xc6, 0x7d, 0xce, 0x7b, 0xbe, 0xbd, 
	0xbe, 0x3b, 0xae, 0x3b, 0xa5, 0xf9, 0x9d, 0xb9, 
	0x95, 0x77, 0x95, 0x77, 0x95, 0x77, 0x85, 0x35, 
	0x74, 0xb3, 0x64, 0x71, 0x64, 0x71, 0x5c, 0x6f, 
	0x54, 0x2f, 0x4b, 0xed, 0x43, 0xad, 0x43, 0x69, 
	0x3b, 0x6b, 0x3b, 0xab, 0x43, 0xed, 0x43, 0xed, 
	0x4c, 0x2f, 0x6c, 0x71, 0x74, 0x2b, 0x73, 0x65, 
	0x6a, 0xdd, 0x41, 0x8f, 0x29, 0x49, 0x18, 0xc7, 
	0x39, 0x49, 0x29, 0x49, 0x10, 0x43, 0x00, 0x01, 
	0x00, 0x01, 0x00, 0x01, 0x00, 0x01, 0x00, 0x01, 
	0x00, 0x01, 0x00, 0x01, 0x00, 0x01, 0x00, 0x01, 
	0x00, 0x01, 0x00, 0x01, 0x00, 0x01, 0x00, 0x01, 
	0x00, 0x01, 0x00, 0x01, 0x00, 0x01, 0x00, 0x01, 
	0x00, 0x01, 0x00, 0x01, 0x00, 0x01, 0x08, 0x03, 
	0x10, 0x43, 0x20, 0xc5, 0x31, 0x49, 0x31, 0x09, 
	0x39, 0x49, 0x49, 0xcf, 0x73, 0x1d, 0x94, 0x25, 
	0xa4, 0xef, 0xb5, 0xb5, 0xc6, 0x3b, 0xbe, 0x7b, 
	0xbd, 0xfb, 0xb5, 0xf9, 0xa5, 0xf9, 0x9d, 0xf9, 
	0x95, 0x77, 0x8d, 0x77, 0x8d, 0x37, 0x85, 0x35, 
	0x6c, 0xb3, 0x64, 0xb1, 0x5c, 0x6f, 0x54, 0x31, 
	0x4c, 0x2d, 0x43, 0xed, 0x4b, 0xef, 0x4b, 0xed, 
	0x4c, 0x2f, 0x54, 0x6f, 0x5c, 0xb1, 0x6c, 0x6f, 
	0x7b, 0xe9, 0x72, 0x9d, 0x62, 0x13, 0x49, 0xd3, 
	0x4a, 0x0f, 0x31, 0x8b, 0x20, 0xc7, 0x20, 0xc3, 
	0x10, 0x83, 0x08, 0x03, 0x00, 0x01, 0x00, 0x01, 
	0x00, 0x01, 0x00, 0x01, 0x00, 0x01, 0x00, 0x01, 
	0x00, 0x01, 0x00, 0x01, 0x00, 0x01, 0x00, 0x01, 
	0x00, 0x01, 0x00, 0x01, 0x00, 0x01, 0x00, 0x01, 
	0x00, 0x01, 0x00, 0x01, 0x00, 0x01, 0x00, 0x01, 
	0x00, 0x01, 0x00, 0x01, 0x00, 0x01, 0x00, 0x01, 
	0x00, 0x01, 0x00, 0x01, 0x10, 0x43, 0x20, 0xc7, 
	0x28, 0xc9, 0x29, 0x4b, 0x29, 0x0b, 0x31, 0x4b, 
	0x31, 0x4d, 0x52, 0x13, 0x7b, 0xa3, 0x94, 0xad, 
	0x8c, 0x25, 0x73, 0x5f, 0x73, 0x21, 0x7b, 0xa5, 
	0x84, 0x6b, 0x8c, 0xb3, 0x84, 0xb3, 0x74, 0xf3, 
	0x74, 0xb3, 0x64, 0xb3, 0x64, 0xb1, 0x64, 0xb1, 
	0x64, 0xb1, 0x64, 0x71, 0x6c, 0xb1, 0x6c, 0xb3, 
	0x7c, 0xb3, 0x84, 0xb1, 0x83, 0xe7, 0x62, 0x15, 
	0x49, 0x8f, 0x39, 0x8b, 0x29, 0x49, 0x18, 0xc5, 
	0x29, 0x07, 0x18, 0xc7, 0x08, 0x41, 0x08, 0x03, 
	0x00, 0x01, 0x00, 0x01, 0x00, 0x01, 0x00, 0x01, 
	0x00, 0x01, 0x00, 0x01, 0x00, 0x01, 0x00, 0x01, 
	0x00, 0x01, 0x00, 0x01, 0x00, 0x01, 0x00, 0x01, 
	0x00, 0x01, 0x00, 0x01, 0x00, 0x01, 0x00, 0x01, 
	0x00, 0x01, 0x00, 0x01, 0x00, 0x01, 0x00, 0x01, 
	0x00, 0x01, 0x00, 0x01, 0x00, 0x01, 0x00, 0x01, 
	0x00, 0x01, 0x00, 0x01, 0x00, 0x01, 0x00, 0x01, 
	0x08, 0x43, 0x10, 0x45, 0x18, 0xc7, 0x20, 0x89, 
	0x20, 0xc7, 0x20, 0xc9, 0x31, 0xcf, 0x52, 0x57, 
	0x4a, 0x55, 0x41, 0xd1, 0x39, 0x8b, 0x49, 0xd3, 
	0x62, 0x57, 0x72, 0x99, 0x72, 0x5b, 0x7a, 0x9d, 
	0x7a, 0xa1, 0x83, 0x61, 0x72, 0x9f, 0x6a, 0x99, 
	0x72, 0x9d, 0x6a, 0xdd, 0x6a, 0xdd, 0x83, 0x61, 
	0x7b, 0x1f, 0x62, 0x17, 0x49, 0xcf, 0x41, 0x8d, 
	0x41, 0xcd, 0x29, 0x47, 0x18, 0x85, 0x08, 0x43, 
	0x00, 0x41, 0x08, 0x01, 0x00, 0x01, 0x00, 0x01, 
	0x00, 0x01, 0x00, 0x01, 0x00, 0x01, 0x00, 0x01, 
	0x00, 0x01, 0x00, 0x01, 0x00, 0x01, 0x00, 0x01, 
	0x00, 0x01, 0x00, 0x01, 0x00, 0x01, 0x00, 0x01, 
	0x00, 0x01, 0x00, 0x01, 0x00, 0x01, 0x00, 0x01, 
	0x00, 0x01, 0x00, 0x01, 0x00, 0x01, 0x00, 0x01, 
	0x00, 0x01, 0x00, 0x01, 0x00, 0x01, 0x00, 0x01, 
	0x00, 0x01, 0x00, 0x01, 0x00, 0x01, 0x00, 0x01, 
	0x00, 0x01, 0x00, 0x01, 0x00, 0x01, 0x00, 0x01, 
	0x08, 0x01, 0x10, 0x43, 0x10, 0x43, 0x10, 0x85, 
	0x18, 0x45, 0x20, 0xc5, 0x20, 0xc7, 0x29, 0x09, 
	0x28, 0xc7, 0x18, 0x85, 0x28, 0xc9, 0x49, 0x8f, 
	0x61, 0xd3, 0x6a, 0x57, 0x72, 0x55, 0x72, 0x55, 
	0x6a, 0x53, 0x62, 0x51, 0x5a, 0x51, 0x49, 0xd1, 
	0x41, 0xcb, 0x21, 0x07, 0x18, 0x85, 0x08, 0x85, 
	0x08, 0x01, 0x08, 0x43, 0x00, 0x01, 0x00, 0x01, 
	0x00, 0x01, 0x00, 0x01, 0x00, 0x01, 0x00, 0x01, 
	0x00, 0x01, 0x00, 0x01, 0x00, 0x01, 0x00, 0x01, 
	0x00, 0x01, 0x00, 0x01, 0x00, 0x01, 0x00, 0x01, 
	0x00, 0x01, 0x00, 0x01, 0x00, 0x01, 0x00, 0x01, 
	0x00, 0x01, 0x00, 0x01, 0x00, 0x01, 0x00, 0x01, 
	0x00, 0x01, 0x00, 0x01, 0x00, 0x01, 0x00, 0x01, 
	0x00, 0x01, 0x00, 0x01, 0x00, 0x01, 0x00, 0x01, 
	0x00, 0x01, 0x00, 0x01, 0x00, 0x01, 0x00, 0x01, 
	0x00, 0x01, 0x00, 0x01, 0x00, 0x01, 0x00, 0x01, 
	0x00, 0x01, 0x00, 0x01, 0x00, 0x01, 0x00, 0x01, 
	0x08, 0x01, 0x00, 0x43, 0x08, 0x01, 0x08, 0x43, 
	0x10, 0x41, 0x08, 0x03, 0x08, 0x43, 0x18, 0x85, 
	0x18, 0x85, 0x18, 0xc7, 0x20, 0xc7, 0x18, 0xc7, 
	0x10, 0x85, 0x10, 0x83, 0x08, 0x43, 0x08, 0x01, 
	0x00, 0x43, 0x00, 0x01, 0x00, 0x01, 0x00, 0x01, 
	0x00, 0x01, 0x00, 0x01, 0x00, 0x01, 0x00, 0x01, 
	0x00, 0x01, 0x00, 0x01, 0x00, 0x01, 0x00, 0x01, 
	0x00, 0x01, 0x00, 0x01, 0x00, 0x01, 0x00, 0x01, 
	0x00, 0x01, 0x00, 0x01, 0x00, 0x01, 0x00, 0x01, 
	0x00, 0x01, 0x00, 0x01, 0x00, 0x01, 0x00, 0x01, 
	
};

Texture jared_mario_cap_rgba16[] = {
	0xff, 0xfe, 0xff, 0xfe, 0xff, 0xfe, 0xff, 0xfe, 
	0xff, 0xfe, 0xff, 0xfe, 0xff, 0xfe, 0xff, 0xfe, 
	0xff, 0xfe, 0xff, 0xfe, 0xff, 0xfe, 0xff, 0xfe, 
	0xff, 0xfe, 0xff, 0xfe, 0xff, 0xfe, 0xff, 0xfe, 
	0xff, 0xfe, 0xff, 0xfe, 0xff, 0xfe, 0xff, 0xfe, 
	0xff, 0xfe, 0xff, 0xfe, 0xff, 0xfe, 0xff, 0xfe, 
	0xff, 0xfe, 0xff, 0xfe, 0xff, 0xfe, 0xff, 0xfe, 
	0xff, 0xfe, 0xff, 0xfe, 0xff, 0xfe, 0xff, 0xfe, 
	0xff, 0xfe, 0xff, 0xfe, 0xff, 0xfe, 0xff, 0xfe, 
	0xff, 0xfe, 0xff, 0xfe, 0xff, 0xfe, 0xff, 0xfe, 
	0xff, 0xfe, 0xff, 0xfe, 0xff, 0xfe, 0xff, 0xfe, 
	0xff, 0xfe, 0xff, 0xfe, 0xff, 0xfe, 0xff, 0xfe, 
	0xff, 0xfe, 0xff, 0xfe, 0xff, 0xfe, 0xff, 0xfe, 
	0xff, 0xfe, 0xff, 0xfe, 0xff, 0xfe, 0xff, 0xfe, 
	0xff, 0xfe, 0xff, 0xfe, 0xff, 0xfe, 0xff, 0xfe, 
	0xff, 0xfe, 0xff, 0xfe, 0xff, 0xfe, 0xff, 0xfe, 
	0xff, 0xfe, 0xff, 0xfe, 0xff, 0xfe, 0xff, 0xfe, 
	0xff, 0xfe, 0xff, 0xfe, 0xff, 0xfe, 0xff, 0xfe, 
	0xff, 0xfe, 0xff, 0xfe, 0xff, 0xfe, 0xff, 0xfe, 
	0xff, 0xfe, 0xff, 0xfe, 0xff, 0xfe, 0xff, 0xfe, 
	0xff, 0xfe, 0xff, 0xfe, 0xff, 0xfe, 0xff, 0xfe, 
	0xff, 0xfe, 0xff, 0xfe, 0xff, 0xfe, 0xff, 0xfe, 
	0xff, 0xfe, 0xff, 0xfe, 0xff, 0xfe, 0xff, 0xfe, 
	0xff, 0xfe, 0xff, 0xfe, 0xff, 0xfe, 0xff, 0xfe, 
	0xff, 0xfe, 0xff, 0xfe, 0xff, 0xfe, 0xff, 0xfe, 
	0xff, 0xfe, 0xff, 0xfe, 0xff, 0xfe, 0xff, 0xfe, 
	0xff, 0xfe, 0xff, 0xfe, 0xff, 0xfe, 0xff, 0xfe, 
	0xff, 0xfe, 0xff, 0xfe, 0xff, 0xfe, 0xff, 0xfe, 
	0xff, 0xfe, 0xff, 0xfe, 0xff, 0xfe, 0xff, 0xfe, 
	0xff, 0xfe, 0xff, 0xfe, 0xff, 0xfe, 0xff, 0xfe, 
	0xff, 0xfe, 0xff, 0xfe, 0xff, 0xfe, 0xff, 0xfe, 
	0xff, 0xfe, 0xff, 0xfe, 0xff, 0xfe, 0xff, 0xfe, 
	0xff, 0xfe, 0xff, 0xfe, 0xff, 0xfe, 0xff, 0xfe, 
	0xff, 0xfe, 0xff, 0xfe, 0xff, 0xfe, 0xff, 0xfe, 
	0xff, 0xfe, 0xff, 0xfe, 0xff, 0xfe, 0xff, 0xfe, 
	0xff, 0xfe, 0xff, 0xfe, 0xff, 0xfe, 0xff, 0xfe, 
	0xff, 0xfe, 0xff, 0xfe, 0xff, 0xfe, 0xff, 0xfe, 
	0xff, 0xfe, 0xff, 0xfe, 0xff, 0xfe, 0xff, 0xfe, 
	0xff, 0xfe, 0xff, 0xfe, 0xff, 0xfe, 0xff, 0xfe, 
	0xff, 0xfe, 0xff, 0xfe, 0xff, 0xfe, 0xff, 0xfe, 
	0xff, 0xfe, 0xff, 0xfe, 0xff, 0xfe, 0xff, 0xfe, 
	0xff, 0xfe, 0xff, 0xfe, 0xff, 0xfe, 0xff, 0xfe, 
	0xff, 0xfe, 0xff, 0xfe, 0xff, 0xfe, 0xff, 0xfe, 
	0xf7, 0xbd, 0xf7, 0xbd, 0xf7, 0xbd, 0xf7, 0xbd, 
	0xf7, 0xbd, 0xf7, 0xbd, 0xf7, 0xbd, 0xf7, 0xbd, 
	0xff, 0xfe, 0xff, 0xfe, 0xff, 0xfe, 0xff, 0xfe, 
	0xff, 0xfe, 0xff, 0xfe, 0xff, 0xfe, 0xff, 0xfe, 
	0xff, 0xfe, 0xff, 0xfe, 0xff, 0xfe, 0xff, 0xfe, 
	0xff, 0xfe, 0xff, 0xfe, 0xff, 0xfe, 0xff, 0xfe, 
	0xff, 0xfe, 0xff, 0xfe, 0xff, 0xfe, 0xff, 0xfe, 
	0xff, 0xfe, 0xff, 0xfe, 0xf7, 0xbd, 0xf7, 0xbd, 
	0xf7, 0xbd, 0xf7, 0xbd, 0xf7, 0xbd, 0xf7, 0xbd, 
	0xf7, 0xbd, 0xf7, 0xbd, 0xf7, 0xbd, 0xf7, 0xbd, 
	0xf7, 0xbd, 0xf7, 0xbd, 0xff, 0xfe, 0xff, 0xfe, 
	0xff, 0xfe, 0xff, 0xfe, 0xff, 0xfe, 0xff, 0xfe, 
	0xff, 0xfe, 0xff, 0xfe, 0xff, 0xfe, 0xff, 0xfe, 
	0xff, 0xfe, 0xff, 0xfe, 0xff, 0xfe, 0xff, 0xfe, 
	0xff, 0xfe, 0xff, 0xfe, 0xff, 0xfe, 0xff, 0xfe, 
	0xff, 0xfe, 0xf7, 0xbd, 0xf7, 0xbd, 0xf7, 0xbd, 
	0xf7, 0xbd, 0xf7, 0xbd, 0xf7, 0xbd, 0xf7, 0xbd, 
	0xf7, 0xbd, 0xf7, 0xbd, 0xf7, 0xbd, 0xf7, 0xbd, 
	0xf7, 0xbd, 0xf7, 0xbd, 0xf7, 0xbd, 0xf7, 0xbd, 
	0xff, 0xfe, 0xff, 0xfe, 0xff, 0xfe, 0xff, 0xfe, 
	0xff, 0xfe, 0xff, 0xfe, 0xff, 0xfe, 0xff, 0xfe, 
	0xff, 0xfe, 0xff, 0xfe, 0xff, 0xfe, 0xff, 0xfe, 
	0xff, 0xfe, 0xff, 0xfe, 0xff, 0xfe, 0xff, 0xfe, 
	0xf7, 0xbd, 0xf7, 0xbd, 0xf7, 0xbd, 0xf7, 0xbd, 
	0xf7, 0xbd, 0xf7, 0xbd, 0xf7, 0xbd, 0xf7, 0xbd, 
	0xf7, 0xbd, 0xf7, 0xbd, 0xf7, 0xbd, 0xf7, 0xbd, 
	0xf7, 0xbd, 0xf7, 0xbd, 0xf7, 0xbd, 0xf7, 0xbd, 
	0xf7, 0xbd, 0xff, 0xfe, 0xff, 0xfe, 0xff, 0xfe, 
	0xff, 0xfe, 0xff, 0xfe, 0xff, 0xfe, 0xff, 0xfe, 
	0xff, 0xfe, 0xff, 0xfe, 0xff, 0xfe, 0xff, 0xfe, 
	0xff, 0xfe, 0xff, 0xfe, 0xff, 0xfe, 0xf7, 0xbd, 
	0xf7, 0xbd, 0xf7, 0xbd, 0xf7, 0xbd, 0xf6, 0xb5, 
	0xf5, 0xaf, 0xec, 0xe9, 0xf7, 0xbd, 0xf7, 0xbd, 
	0xf7, 0xbd, 0xf5, 0xef, 0xf5, 0x2b, 0xf5, 0x29, 
	0xf7, 0xbd, 0xf7, 0xbd, 0xf7, 0xbd, 0xf7, 0xbd, 
	0xf7, 0xbd, 0xf7, 0xbd, 0xff, 0xfe, 0xff, 0xfe, 
	0xff, 0xfe, 0xff, 0xfe, 0xff, 0xfe, 0xff, 0xfe, 
	0xff, 0xfe, 0xff, 0xfe, 0xff, 0xfe, 0xff, 0xfe, 
	0xff, 0xfe, 0xff, 0xfe, 0xf7, 0xbd, 0xf7, 0xbd, 
	0xf7, 0xbd, 0xf7, 0xbd, 0xf7, 0xbd, 0xf0, 0x01, 
	0xf0, 0x01, 0xf0, 0x01, 0xf3, 0xe1, 0xf7, 0xbd, 
	0xf7, 0x3b, 0xf0, 0x01, 0xf0, 0x01, 0xf0, 0x01, 
	0xf7, 0xbd, 0xf7, 0xbd, 0xf7, 0xbd, 0xf7, 0xbd, 
	0xf7, 0xbd, 0xf7, 0xbd, 0xff, 0xfe, 0xff, 0xfe, 
	0xff, 0xfe, 0xff, 0xfe, 0xff, 0xfe, 0xff, 0xfe, 
	0xff, 0xfe, 0xff, 0xfe, 0xff, 0xfe, 0xff, 0xfe, 
	0xff, 0xfe, 0xff, 0xfe, 0xf7, 0xbd, 0xf7, 0xbd, 
	0xf7, 0xbd, 0xf7, 0xbd, 0xf5, 0xef, 0xf0, 0x01, 
	0xf0, 0x01, 0xf0, 0x01, 0xf0, 0x01, 0xf7, 0xbd, 
	0xf3, 0x19, 0xf0, 0x01, 0xf0, 0x01, 0xf0, 0x01, 
	0xf0, 0x01, 0xf7, 0xbd, 0xf7, 0xbd, 0xf7, 0xbd, 
	0xf7, 0xbd, 0xf7, 0xbd, 0xf7, 0xbd, 0xff, 0xfe, 
	0xff, 0xfe, 0xff, 0xfe, 0xff, 0xfe, 0xff, 0xfe, 
	0xff, 0xfe, 0xff, 0xfe, 0xff, 0xfe, 0xff, 0xfe, 
	0xff, 0xfe, 0xf7, 0xbd, 0xf7, 0xbd, 0xf7, 0xbd, 
	0xf7, 0xbd, 0xf7, 0xbd, 0xf0, 0x45, 0xf0, 0x01, 
	0xf0, 0x01, 0xf0, 0x01, 0xf0, 0x01, 0xee, 0xf7, 
	0xf0, 0x85, 0xf0, 0x01, 0xf0, 0x01, 0xf0, 0x01, 
	0xf0, 0x01, 0xf5, 0x6d, 0xf7, 0xbd, 0xf7, 0xbd, 
	0xf7, 0xbd, 0xf7, 0xbd, 0xf7, 0xbd, 0xf7, 0xbd, 
	0xff, 0xfe, 0xff, 0xfe, 0xff, 0xfe, 0xff, 0xfe, 
	0xff, 0xfe, 0xff, 0xfe, 0xff, 0xfe, 0xff, 0xfe, 
	0xff, 0xfe, 0xf7, 0xbd, 0xf7, 0xbd, 0xf7, 0xbd, 
	0xf7, 0xbd, 0xf7, 0xbd, 0xf0, 0x01, 0xf0, 0x01, 
	0xf0, 0x01, 0xf0, 0x01, 0xf0, 0x01, 0xf0, 0x01, 
	0xf0, 0x01, 0xf0, 0x01, 0xf0, 0x01, 0xf0, 0x01, 
	0xf0, 0x01, 0xf0, 0x01, 0xf7, 0xbd, 0xf7, 0xbd, 
	0xf7, 0xbd, 0xf7, 0xbd, 0xf7, 0xbd, 0xf7, 0xbd, 
	0xff, 0xfe, 0xff, 0xfe, 0xff, 0xfe, 0xff, 0xfe, 
	0xff, 0xfe, 0xff, 0xfe, 0xff, 0xfe, 0xff, 0xfe, 
	0xf7, 0xbd, 0xf7, 0xbd, 0xf7, 0xbd, 0xf7, 0xbd, 
	0xf7, 0xbd, 0xf2, 0xd9, 0xf0, 0x01, 0xf0, 0x01, 
	0xf2, 0x11, 0xf1, 0xd1, 0xf0, 0x01, 0xf0, 0x01, 
	0xf0, 0x01, 0xf0, 0x01, 0xf4, 0xa5, 0xf0, 0x01, 
	0xf0, 0x01, 0xf0, 0x01, 0xf3, 0x9d, 0xf7, 0xbd, 
	0xf7, 0xbd, 0xf7, 0xbd, 0xf7, 0xbd, 0xf7, 0xbd, 
	0xf7, 0xbd, 0xff, 0xfe, 0xff, 0xfe, 0xff, 0xfe, 
	0xff, 0xfe, 0xff, 0xfe, 0xff, 0xfe, 0xff, 0xfe, 
	0xf7, 0xbd, 0xf7, 0xbd, 0xf7, 0xbd, 0xf7, 0xbd, 
	0xf7, 0xbd, 0xf0, 0x01, 0xf0, 0x01, 0xf0, 0x01, 
	0xf4, 0x21, 0xf7, 0xbd, 0xf0, 0x01, 0xf0, 0x01, 
	0xf0, 0x01, 0xf0, 0x01, 0xf7, 0xbd, 0xf0, 0x01, 
	0xf0, 0x01, 0xf0, 0x01, 0xf0, 0x01, 0xf7, 0xbd, 
	0xf7, 0xbd, 0xf7, 0xbd, 0xf7, 0xbd, 0xf7, 0xbd, 
	0xf7, 0xbd, 0xff, 0xfe, 0xff, 0xfe, 0xff, 0xfe, 
	0xff, 0xfe, 0xff, 0xfe, 0xff, 0xfe, 0xff, 0xfe, 
	0xf7, 0xbd, 0xf7, 0xbd, 0xf7, 0xbd, 0xf7, 0xbd, 
	0xf5, 0x29, 0xf0, 0x01, 0xf0, 0x01, 0xf0, 0x01, 
	0xf6, 0x33, 0xf7, 0xbd, 0xf0, 0x01, 0xf0, 0x01, 
	0xf0, 0x01, 0xf4, 0xe7, 0xf7, 0xbd, 0xf2, 0x95, 
	0xf0, 0x01, 0xf0, 0x01, 0xf0, 0x01, 0xf1, 0x4b, 
	0xf7, 0xbd, 0xf7, 0xbd, 0xf7, 0xbd, 0xf7, 0xbd, 
	0xf7, 0xbd, 0xff, 0xfe, 0xff, 0xfe, 0xff, 0xfe, 
	0xff, 0xfe, 0xff, 0xfe, 0xff, 0xfe, 0xff, 0xfe, 
	0xf7, 0xbd, 0xf7, 0xbd, 0xf7, 0xbd, 0xf7, 0xbd, 
	0xf0, 0x87, 0xf0, 0x01, 0xf0, 0x01, 0xf0, 0x01, 
	0xf7, 0xbd, 0xf7, 0xbd, 0xf7, 0x3b, 0xf4, 0xa5, 
	0xf4, 0xa5, 0xf7, 0xbd, 0xf7, 0xbd, 0xf6, 0xb5, 
	0xf0, 0x01, 0xf0, 0x01, 0xf0, 0x01, 0xf0, 0x01, 
	0xf6, 0xf7, 0xf7, 0xbd, 0xf7, 0xbd, 0xf7, 0xbd, 
	0xf7, 0xbd, 0xff, 0xfe, 0xff, 0xfe, 0xff, 0xfe, 
	0xff, 0xfe, 0xff, 0xfe, 0xff, 0xfe, 0xff, 0xfe, 
	0xf7, 0xbd, 0xf7, 0xbd, 0xf7, 0xbd, 0xf7, 0xbd, 
	0xf0, 0x01, 0xf0, 0x01, 0xf0, 0x01, 0xf0, 0x87, 
	0xf7, 0xbd, 0xf7, 0xbd, 0xf7, 0xbd, 0xf7, 0xbd, 
	0xf7, 0xbd, 0xf7, 0xbd, 0xf7, 0xbd, 0xf7, 0xbd, 
	0xf0, 0x01, 0xf0, 0x01, 0xf0, 0x01, 0xf0, 0x01, 
	0xf0, 0x01, 0xf7, 0xbd, 0xf7, 0xbd, 0xf7, 0xbd, 
	0xf7, 0xbd, 0xff, 0xfe, 0xff, 0xfe, 0xff, 0xfe, 
	0xff, 0xfe, 0xff, 0xfe, 0xff, 0xfe, 0xff, 0xfe, 
	0xf7, 0xbd, 0xf7, 0xbd, 0xf7, 0xbd, 0xf2, 0x55, 
	0xf0, 0x01, 0xf0, 0x01, 0xf0, 0x01, 0xf4, 0x23, 
	0xf7, 0xbd, 0xf7, 0xbd, 0xf7, 0xbd, 0xf7, 0xbd, 
	0xf7, 0xbd, 0xf7, 0xbd, 0xf7, 0xbd, 0xf7, 0xbd, 
	0xf2, 0x13, 0xf0, 0x01, 0xf0, 0x01, 0xf0, 0x01, 
	0xf0, 0x01, 0xf3, 0xe1, 0xf7, 0xbd, 0xf7, 0xbd, 
	0xf7, 0xbd, 0xff, 0xfe, 0xff, 0xfe, 0xff, 0xfe, 
	0xff, 0xfe, 0xff, 0xfe, 0xff, 0xfe, 0xff, 0xfe, 
	0xf7, 0xbd, 0xf7, 0xbd, 0xf7, 0xbd, 0xf0, 0x01, 
	0xf0, 0x01, 0xf0, 0x01, 0xf0, 0x01, 0xf7, 0xbd, 
	0xf7, 0xbd, 0xf7, 0xbd, 0xf7, 0xbd, 0xf7, 0xbd, 
	0xf7, 0xbd, 0xf7, 0xbd, 0xf7, 0xbd, 0xf7, 0xbd, 
	0xf6, 0x75, 0xf0, 0x01, 0xf0, 0x01, 0xf0, 0x01, 
	0xf3, 0x9f, 0xf7, 0xbd, 0xf7, 0xbd, 0xf7, 0xbd, 
	0xf7, 0xbd, 0xff, 0xfe, 0xff, 0xfe, 0xff, 0xfe, 
	0xff, 0xfe, 0xff, 0xfe, 0xff, 0xfe, 0xff, 0xfe, 
	0xf7, 0xbd, 0xf7, 0xbd, 0xf7, 0xbd, 0xf7, 0x7b, 
	0xf3, 0x9f, 0xf0, 0x03, 0xf0, 0x01, 0xf7, 0xbd, 
	0xf7, 0xbd, 0xf7, 0xbd, 0xf7, 0xbd, 0xf7, 0xbd, 
	0xf7, 0xbd, 0xf7, 0xbd, 0xf7, 0xbd, 0xf7, 0xbd, 
	0xf7, 0xbd, 0xf0, 0x01, 0xf2, 0x13, 0xf7, 0xbd, 
	0xf7, 0xbd, 0xf7, 0xbd, 0xf7, 0xbd, 0xf7, 0xbd, 
	0xff, 0xfe, 0xff, 0xfe, 0xff, 0xfe, 0xff, 0xfe, 
	0xff, 0xfe, 0xff, 0xfe, 0xff, 0xfe, 0xff, 0xfe, 
	0xff, 0xfe, 0xf7, 0xbd, 0xf7, 0xbd, 0xf7, 0xbd, 
	0xf7, 0xbd, 0xf7, 0xbd, 0xf7, 0x7d, 0xf7, 0xbd, 
	0xf7, 0xbd, 0xf7, 0xbd, 0xf7, 0xbd, 0xf7, 0xbd, 
	0xf7, 0xbd, 0xf7, 0xbd, 0xf7, 0xbd, 0xf7, 0xbd, 
	0xf7, 0xbd, 0xf7, 0xbd, 0xf7, 0xbd, 0xf7, 0xbd, 
	0xf7, 0xbd, 0xf7, 0xbd, 0xf7, 0xbd, 0xf7, 0xbd, 
	0xff, 0xfe, 0xff, 0xfe, 0xff, 0xfe, 0xff, 0xfe, 
	0xff, 0xfe, 0xff, 0xfe, 0xff, 0xfe, 0xff, 0xfe, 
	0xff, 0xfe, 0xff, 0xfe, 0xf7, 0xbd, 0xf7, 0xbd, 
	0xf7, 0xbd, 0xf7, 0xbd, 0xf7, 0xbd, 0xf7, 0xbd, 
	0xf7, 0xbd, 0xf7, 0xbd, 0xf7, 0xbd, 0xf7, 0xbd, 
	0xf7, 0xbd, 0xf7, 0xbd, 0xf7, 0xbd, 0xf7, 0xbd, 
	0xf7, 0xbd, 0xf7, 0xbd, 0xf7, 0xbd, 0xf7, 0xbd, 
	0xf7, 0xbd, 0xf7, 0xbd, 0xf7, 0xbd, 0xff, 0xfe, 
	0xff, 0xfe, 0xff, 0xfe, 0xff, 0xfe, 0xff, 0xfe, 
	0xff, 0xfe, 0xff, 0xfe, 0xff, 0xfe, 0xff, 0xfe, 
	0xff, 0xfe, 0xff, 0xfe, 0xff, 0xfe, 0xf7, 0xbd, 
	0xf7, 0xbd, 0xf7, 0xbd, 0xf7, 0xbd, 0xf7, 0xbd, 
	0xf7, 0xbd, 0xf7, 0xbd, 0xf7, 0xbd, 0xf7, 0xbd, 
	0xf7, 0xbd, 0xf7, 0xbd, 0xf7, 0xbd, 0xf7, 0xbd, 
	0xf7, 0xbd, 0xf7, 0xbd, 0xf7, 0xbd, 0xf7, 0xbd, 
	0xf7, 0xbd, 0xff, 0xfe, 0xff, 0xfe, 0xff, 0xfe, 
	0xff, 0xfe, 0xff, 0xfe, 0xff, 0xfe, 0xff, 0xfe, 
	0xff, 0xfe, 0xff, 0xfe, 0xff, 0xfe, 0xff, 0xfe, 
	0xff, 0xfe, 0xff, 0xfe, 0xff, 0xfe, 0xff, 0xfe, 
	0xff, 0xfe, 0xf7, 0xbd, 0xf7, 0xbd, 0xf7, 0xbd, 
	0xf7, 0xbd, 0xf7, 0xbd, 0xf7, 0xbd, 0xf7, 0xbd, 
	0xf7, 0xbd, 0xf7, 0xbd, 0xf7, 0xbd, 0xf7, 0xbd, 
	0xf7, 0xbd, 0xf7, 0xbd, 0xf7, 0xbd, 0xff, 0xfe, 
	0xff, 0xfe, 0xff, 0xfe, 0xff, 0xfe, 0xff, 0xfe, 
	0xff, 0xfe, 0xff, 0xfe, 0xff, 0xfe, 0xff, 0xfe, 
	0xff, 0xfe, 0xff, 0xfe, 0xff, 0xfe, 0xff, 0xfe, 
	0xff, 0xfe, 0xff, 0xfe, 0xff, 0xfe, 0xff, 0xfe, 
	0xff, 0xfe, 0xff, 0xfe, 0xff, 0xfe, 0xff, 0xfe, 
	0xff, 0xfe, 0xff, 0xfe, 0xff, 0xfe, 0xff, 0xfe, 
	0xff, 0xfe, 0xff, 0xfe, 0xff, 0xfe, 0xff, 0xfe, 
	0xff, 0xfe, 0xff, 0xfe, 0xff, 0xfe, 0xff, 0xfe, 
	0xff, 0xfe, 0xff, 0xfe, 0xff, 0xfe, 0xff, 0xfe, 
	0xff, 0xfe, 0xff, 0xfe, 0xff, 0xfe, 0xff, 0xfe, 
	0xff, 0xfe, 0xff, 0xfe, 0xff, 0xfe, 0xff, 0xfe, 
	0xff, 0xfe, 0xff, 0xfe, 0xff, 0xfe, 0xff, 0xfe, 
	0xff, 0xfe, 0xff, 0xfe, 0xff, 0xfe, 0xff, 0xfe, 
	0xff, 0xfe, 0xff, 0xfe, 0xff, 0xfe, 0xff, 0xfe, 
	0xff, 0xfe, 0xff, 0xfe, 0xff, 0xfe, 0xff, 0xfe, 
	0xff, 0xfe, 0xff, 0xfe, 0xff, 0xfe, 0xff, 0xfe, 
	0xff, 0xfe, 0xff, 0xfe, 0xff, 0xfe, 0xff, 0xfe, 
	0xff, 0xfe, 0xff, 0xfe, 0xff, 0xfe, 0xff, 0xfe, 
	0xff, 0xfe, 0xff, 0xfe, 0xff, 0xfe, 0xff, 0xfe, 
	0xff, 0xfe, 0xff, 0xfe, 0xff, 0xfe, 0xff, 0xfe, 
	0xff, 0xfe, 0xff, 0xfe, 0xff, 0xfe, 0xff, 0xfe, 
	0xff, 0xfe, 0xff, 0xfe, 0xff, 0xfe, 0xff, 0xfe, 
	0xff, 0xfe, 0xff, 0xfe, 0xff, 0xfe, 0xff, 0xfe, 
	0xff, 0xfe, 0xff, 0xfe, 0xff, 0xfe, 0xff, 0xfe, 
	0xff, 0xfe, 0xff, 0xfe, 0xff, 0xfe, 0xff, 0xfe, 
	0xff, 0xfe, 0xff, 0xfe, 0xff, 0xfe, 0xff, 0xfe, 
	0xff, 0xfe, 0xff, 0xfe, 0xff, 0xfe, 0xff, 0xfe, 
	0xff, 0xfe, 0xff, 0xfe, 0xff, 0xfe, 0xff, 0xfe, 
	0xff, 0xfe, 0xff, 0xfe, 0xff, 0xfe, 0xff, 0xfe, 
	0xff, 0xfe, 0xff, 0xfe, 0xff, 0xfe, 0xff, 0xfe, 
	0xff, 0xfe, 0xff, 0xfe, 0xff, 0xfe, 0xff, 0xfe, 
	0xff, 0xfe, 0xff, 0xfe, 0xff, 0xfe, 0xff, 0xfe, 
	0xff, 0xfe, 0xff, 0xfe, 0xff, 0xfe, 0xff, 0xfe, 
	0xff, 0xfe, 0xff, 0xfe, 0xff, 0xfe, 0xff, 0xfe, 
	0xff, 0xfe, 0xff, 0xfe, 0xff, 0xfe, 0xff, 0xfe, 
	0xf7, 0xbc, 0xff, 0xfe, 0xff, 0xfe, 0xff, 0xfe, 
	0xff, 0xfe, 0xff, 0xfe, 0xff, 0xfe, 0xff, 0xfe, 
	0xff, 0xfe, 0xff, 0xfe, 0xff, 0xfe, 0xff, 0xfe, 
	0xff, 0xfe, 0xff, 0xfe, 0xff, 0xfe, 0xff, 0xfe, 
	0xff, 0xfe, 0xff, 0xfe, 0xff, 0xfe, 0xff, 0xfe, 
	0xff, 0xfe, 0xff, 0xfe, 0xff, 0xfe, 0xff, 0xfe, 
	0xf7, 0xbc, 0xff, 0xfe, 0xff, 0xfe, 0xff, 0xfe, 
	0xff, 0xfe, 0xff, 0xfe, 0xff, 0xfe, 0xff, 0xfe, 
	0xff, 0xfe, 0xff, 0xfe, 0xff, 0xfe, 0xff, 0xfe, 
	0xff, 0xfe, 0xff, 0xfe, 0xff, 0xfe, 0xff, 0xfe, 
	0xff, 0xfe, 0xff, 0xfe, 0xff, 0xfe, 0xff, 0xfe, 
	0xff, 0xfe, 0xff, 0xfe, 0xff, 0xfe, 0xff, 0xfe, 
	0xff, 0xfe, 0xff, 0xfe, 0xff, 0xfe, 0xff, 0xfe, 
	0xff, 0xfe, 0xff, 0xfe, 0xff, 0xfe, 0xff, 0xfe, 
	0xff, 0xfe, 0xff, 0xfe, 0xff, 0xfe, 0xff, 0xfe, 
	
};

Texture jared_LuigigaleakEdit_ci8[] = {
	0x00, 0x00, 0x00, 0x00, 0x00, 0x00, 0x00, 0x00, 
	0x00, 0x00, 0x00, 0x00, 0x00, 0x00, 0x00, 0x00, 
	0x00, 0x00, 0x00, 0x00, 0x00, 0x00, 0x00, 0x00, 
	0x00, 0x00, 0x00, 0x00, 0x00, 0x00, 0x00, 0x00, 
	0x00, 0x00, 0x00, 0x00, 0x00, 0x00, 0x00, 0x00, 
	0x00, 0x00, 0x00, 0x00, 0x00, 0x00, 0x00, 0x00, 
	0x00, 0x00, 0x00, 0x00, 0x00, 0x00, 0x00, 0x00, 
	0x00, 0x00, 0x00, 0x00, 0x00, 0x00, 0x00, 0x00, 
	0x00, 0x00, 0x00, 0x00, 0x00, 0x00, 0x00, 0x00, 
	0x00, 0x00, 0x00, 0x00, 0x00, 0x00, 0x00, 0x00, 
	0x00, 0x00, 0x00, 0x00, 0x00, 0x00, 0x00, 0x00, 
	0x00, 0x00, 0x00, 0x00, 0x00, 0x00, 0x00, 0x00, 
	0x00, 0x00, 0x00, 0x00, 0x00, 0x00, 0x00, 0x00, 
	0x00, 0x00, 0x00, 0x00, 0x00, 0x00, 0x00, 0x00, 
	0x00, 0x00, 0x00, 0x00, 0x00, 0x00, 0x00, 0x00, 
	0x00, 0x00, 0x00, 0x00, 0x00, 0x00, 0x00, 0x00, 
	0x00, 0x00, 0x00, 0x00, 0x00, 0x00, 0x00, 0x00, 
	0x00, 0x00, 0x00, 0x01, 0x01, 0x01, 0x01, 0x01, 
	0x01, 0x01, 0x01, 0x01, 0x01, 0x00, 0x00, 0x00, 
	0x00, 0x00, 0x00, 0x00, 0x00, 0x00, 0x00, 0x00, 
	0x00, 0x00, 0x00, 0x00, 0x00, 0x00, 0x00, 0x00, 
	0x00, 0x01, 0x01, 0x01, 0x02, 0x02, 0x02, 0x02, 
	0x02, 0x02, 0x02, 0x02, 0x01, 0x01, 0x01, 0x00, 
	0x00, 0x00, 0x00, 0x00, 0x00, 0x00, 0x00, 0x00, 
	0x00, 0x00, 0x00, 0x00, 0x00, 0x00, 0x00, 0x01, 
	0x01, 0x03, 0x02, 0x02, 0x02, 0x02, 0x02, 0x02, 
	0x02, 0x02, 0x02, 0x02, 0x02, 0x02, 0x01, 0x01, 
	0x01, 0x00, 0x00, 0x00, 0x00, 0x00, 0x00, 0x00, 
	0x00, 0x00, 0x00, 0x00, 0x00, 0x00, 0x01, 0x01, 
	0x02, 0x02, 0x04, 0x05, 0x06, 0x07, 0x02, 0x02, 
	0x02, 0x02, 0x02, 0x02, 0x02, 0x02, 0x02, 0x02, 
	0x01, 0x01, 0x00, 0x00, 0x00, 0x00, 0x00, 0x00, 
	0x00, 0x00, 0x00, 0x00, 0x00, 0x00, 0x01, 0x02, 
	0x02, 0x02, 0x08, 0x05, 0x05, 0x05, 0x05, 0x05, 
	0x09, 0x02, 0x02, 0x02, 0x02, 0x02, 0x02, 0x02, 
	0x02, 0x01, 0x01, 0x00, 0x00, 0x00, 0x00, 0x00, 
	0x00, 0x00, 0x00, 0x00, 0x00, 0x01, 0x01, 0x02, 
	0x02, 0x02, 0x0a, 0x05, 0x05, 0x05, 0x05, 0x05, 
	0x02, 0x02, 0x02, 0x02, 0x02, 0x02, 0x02, 0x02, 
	0x02, 0x02, 0x01, 0x00, 0x00, 0x00, 0x00, 0x00, 
	0x00, 0x00, 0x00, 0x00, 0x01, 0x01, 0x02, 0x02, 
	0x02, 0x02, 0x0b, 0x05, 0x05, 0x05, 0x05, 0x05, 
	0x02, 0x02, 0x02, 0x02, 0x02, 0x02, 0x02, 0x02, 
	0x02, 0x02, 0x01, 0x01, 0x00, 0x00, 0x00, 0x00, 
	0x00, 0x00, 0x00, 0x00, 0x01, 0x02, 0x02, 0x02, 
	0x02, 0x02, 0x0c, 0x05, 0x05, 0x05, 0x05, 0x0a, 
	0x02, 0x02, 0x02, 0x02, 0x02, 0x02, 0x02, 0x02, 
	0x02, 0x02, 0x02, 0x01, 0x01, 0x00, 0x00, 0x00, 
	0x00, 0x00, 0x00, 0x01, 0x01, 0x02, 0x02, 0x02, 
	0x02, 0x02, 0x05, 0x05, 0x05, 0x05, 0x05, 0x0d, 
	0x02, 0x02, 0x02, 0x02, 0x02, 0x02, 0x02, 0x02, 
	0x02, 0x02, 0x02, 0x02, 0x01, 0x00, 0x00, 0x00, 
	0x00, 0x00, 0x00, 0x01, 0x02, 0x02, 0x02, 0x02, 
	0x02, 0x02, 0x05, 0x05, 0x05, 0x05, 0x05, 0x0e, 
	0x02, 0x02, 0x02, 0x02, 0x02, 0x02, 0x02, 0x02, 
	0x02, 0x02, 0x02, 0x02, 0x01, 0x01, 0x00, 0x00, 
	0x00, 0x00, 0x01, 0x01, 0x02, 0x02, 0x02, 0x02, 
	0x02, 0x02, 0x05, 0x05, 0x05, 0x05, 0x05, 0x02, 
	0x02, 0x02, 0x02, 0x02, 0x02, 0x02, 0x02, 0x02, 
	0x02, 0x02, 0x02, 0x02, 0x02, 0x01, 0x00, 0x00, 
	0x00, 0x00, 0x01, 0x02, 0x02, 0x02, 0x02, 0x02, 
	0x02, 0x02, 0x05, 0x05, 0x05, 0x05, 0x05, 0x02, 
	0x02, 0x02, 0x02, 0x02, 0x02, 0x02, 0x02, 0x02, 
	0x02, 0x02, 0x02, 0x02, 0x02, 0x01, 0x00, 0x00, 
	0x00, 0x00, 0x01, 0x02, 0x02, 0x02, 0x02, 0x02, 
	0x02, 0x02, 0x05, 0x05, 0x05, 0x05, 0x05, 0x02, 
	0x02, 0x02, 0x02, 0x02, 0x02, 0x02, 0x02, 0x02, 
	0x02, 0x02, 0x02, 0x02, 0x02, 0x01, 0x00, 0x00, 
	0x00, 0x00, 0x01, 0x02, 0x02, 0x02, 0x02, 0x02, 
	0x02, 0x02, 0x05, 0x05, 0x05, 0x05, 0x0d, 0x02, 
	0x02, 0x02, 0x02, 0x02, 0x02, 0x02, 0x02, 0x02, 
	0x02, 0x02, 0x02, 0x02, 0x02, 0x01, 0x00, 0x00, 
	0x00, 0x00, 0x01, 0x02, 0x02, 0x02, 0x02, 0x02, 
	0x02, 0x02, 0x05, 0x05, 0x05, 0x05, 0x07, 0x02, 
	0x02, 0x02, 0x02, 0x02, 0x02, 0x0f, 0x10, 0x02, 
	0x02, 0x02, 0x02, 0x02, 0x02, 0x01, 0x00, 0x00, 
	0x00, 0x00, 0x01, 0x02, 0x02, 0x02, 0x02, 0x02, 
	0x02, 0x02, 0x05, 0x05, 0x05, 0x05, 0x02, 0x02, 
	0x11, 0x0c, 0x05, 0x05, 0x05, 0x05, 0x05, 0x02, 
	0x02, 0x02, 0x02, 0x02, 0x02, 0x01, 0x00, 0x00, 
	0x00, 0x00, 0x01, 0x02, 0x02, 0x02, 0x02, 0x02, 
	0x02, 0x02, 0x05, 0x05, 0x05, 0x05, 0x05, 0x05, 
	0x05, 0x05, 0x05, 0x05, 0x05, 0x05, 0x05, 0x02, 
	0x02, 0x02, 0x02, 0x02, 0x02, 0x01, 0x00, 0x00, 
	0x00, 0x00, 0x01, 0x02, 0x02, 0x02, 0x02, 0x02, 
	0x02, 0x06, 0x05, 0x05, 0x05, 0x05, 0x05, 0x05, 
	0x05, 0x05, 0x05, 0x05, 0x05, 0x05, 0x05, 0x02, 
	0x02, 0x02, 0x02, 0x02, 0x02, 0x01, 0x00, 0x00, 
	0x00, 0x00, 0x01, 0x02, 0x02, 0x02, 0x02, 0x02, 
	0x02, 0x0f, 0x05, 0x05, 0x05, 0x05, 0x05, 0x05, 
	0x05, 0x05, 0x05, 0x05, 0x05, 0x05, 0x05, 0x02, 
	0x02, 0x02, 0x02, 0x02, 0x01, 0x01, 0x00, 0x00, 
	0x00, 0x00, 0x01, 0x01, 0x02, 0x02, 0x02, 0x02, 
	0x02, 0x12, 0x05, 0x05, 0x05, 0x05, 0x05, 0x05, 
	0x05, 0x05, 0x05, 0x05, 0x05, 0x05, 0x05, 0x02, 
	0x02, 0x02, 0x02, 0x02, 0x01, 0x00, 0x00, 0x00, 
	0x00, 0x00, 0x00, 0x01, 0x02, 0x02, 0x02, 0x02, 
	0x02, 0x02, 0x02, 0x02, 0x02, 0x02, 0x02, 0x02, 
	0x06, 0x09, 0x09, 0x13, 0x04, 0x08, 0x14, 0x02, 
	0x02, 0x02, 0x02, 0x02, 0x01, 0x00, 0x00, 0x00, 
	0x00, 0x00, 0x00, 0x01, 0x01, 0x02, 0x02, 0x02, 
	0x02, 0x02, 0x02, 0x02, 0x02, 0x02, 0x02, 0x02, 
	0x02, 0x02, 0x02, 0x02, 0x02, 0x02, 0x02, 0x02, 
	0x02, 0x02, 0x02, 0x01, 0x01, 0x00, 0x00, 0x00, 
	0x00, 0x00, 0x00, 0x00, 0x01, 0x01, 0x02, 0x02, 
	0x02, 0x02, 0x02, 0x02, 0x02, 0x02, 0x02, 0x02, 
	0x02, 0x02, 0x02, 0x02, 0x02, 0x02, 0x02, 0x02, 
	0x02, 0x02, 0x01, 0x01, 0x00, 0x00, 0x00, 0x00, 
	0x00, 0x00, 0x00, 0x00, 0x00, 0x01, 0x01, 0x01, 
	0x02, 0x02, 0x02, 0x02, 0x02, 0x02, 0x02, 0x02, 
	0x02, 0x02, 0x02, 0x02, 0x02, 0x02, 0x02, 0x02, 
	0x01, 0x01, 0x01, 0x00, 0x00, 0x00, 0x00, 0x00, 
	0x00, 0x00, 0x00, 0x00, 0x00, 0x00, 0x00, 0x01, 
	0x01, 0x01, 0x01, 0x01, 0x02, 0x02, 0x02, 0x02, 
	0x02, 0x02, 0x02, 0x01, 0x01, 0x01, 0x01, 0x01, 
	0x01, 0x00, 0x00, 0x00, 0x00, 0x00, 0x00, 0x00, 
	0x00, 0x00, 0x00, 0x01, 0x01, 0x01, 0x00, 0x00, 
	0x00, 0x00, 0x00, 0x01, 0x01, 0x01, 0x01, 0x01, 
	0x01, 0x01, 0x01, 0x01, 0x00, 0x00, 0x00, 0x00, 
	0x00, 0x00, 0x00, 0x01, 0x01, 0x01, 0x00, 0x00, 
	0x00, 0x00, 0x00, 0x01, 0x02, 0x01, 0x00, 0x00, 
	0x00, 0x00, 0x00, 0x00, 0x00, 0x00, 0x00, 0x00, 
	0x00, 0x00, 0x00, 0x00, 0x00, 0x00, 0x00, 0x00, 
	0x00, 0x00, 0x00, 0x01, 0x02, 0x01, 0x00, 0x00, 
	0x00, 0x00, 0x00, 0x01, 0x01, 0x01, 0x00, 0x00, 
	0x00, 0x00, 0x00, 0x00, 0x00, 0x00, 0x00, 0x00, 
	0x00, 0x00, 0x00, 0x00, 0x00, 0x00, 0x00, 0x00, 
	0x00, 0x00, 0x00, 0x01, 0x01, 0x01, 0x00, 0x00, 
	
};

Texture jared_LuigigaleakEdit_pal_rgba16[] = {
	0x00, 0x00, 0xff, 0xfe, 0xff, 0xff, 0x97, 0xe4, 
	0x97, 0xe5, 0x07, 0xc1, 0xbf, 0xef, 0xf7, 0xfd, 
	0x67, 0xd9, 0xd7, 0xf5, 0x1f, 0xc7, 0x37, 0xcd, 
	0x2f, 0xcb, 0x5f, 0xd7, 0xb7, 0xed, 0xcf, 0xf3, 
	0x77, 0xdd, 0x87, 0xe1, 0xa7, 0xe9, 0xef, 0xfb, 
	0x7f, 0xdf, 
};

Texture jared_mario_sideburn_rgba16[] = {
	0xff, 0xfe, 0xff, 0xfe, 0xff, 0xfe, 0xff, 0xfe, 
	0xff, 0xfe, 0xff, 0xfe, 0xff, 0xfe, 0xff, 0xfe, 
	0xff, 0xfe, 0xff, 0xfe, 0xff, 0xfe, 0xff, 0xfe, 
	0xff, 0xfe, 0xff, 0xfe, 0xff, 0xfe, 0xff, 0xfe, 
	0xff, 0xfe, 0xff, 0xfe, 0xff, 0xfe, 0xff, 0xfe, 
	0xff, 0xfe, 0xff, 0xfe, 0xff, 0xfe, 0xff, 0xfe, 
	0xff, 0xfe, 0xff, 0xfe, 0xff, 0xfe, 0xff, 0xfe, 
	0xff, 0xfe, 0xff, 0xfe, 0xff, 0xfe, 0xff, 0xfe, 
	0xff, 0xfe, 0xff, 0xfe, 0xff, 0xfe, 0xff, 0xfe, 
	0xff, 0xfe, 0xff, 0xfe, 0xff, 0xfe, 0xff, 0xfe, 
	0xff, 0xfe, 0xff, 0xfe, 0xff, 0xfe, 0xff, 0xfe, 
	0xff, 0xfe, 0xff, 0xfe, 0xff, 0xfe, 0xff, 0xfe, 
	0xff, 0xfe, 0xff, 0xfe, 0xff, 0xfe, 0xff, 0xfe, 
	0xff, 0xfe, 0xff, 0xfe, 0xff, 0xfe, 0xff, 0xfe, 
	0xff, 0xfe, 0xff, 0xfe, 0xff, 0xfe, 0xff, 0xfe, 
	0xff, 0xfe, 0xff, 0xfe, 0xff, 0xfe, 0xff, 0xfe, 
	0xff, 0xfe, 0xff, 0xfe, 0xff, 0xfe, 0xff, 0xfe, 
	0xff, 0xfe, 0xff, 0xfe, 0xff, 0xfe, 0xff, 0xfe, 
	0xff, 0xfe, 0xff, 0xfe, 0xff, 0xfe, 0xff, 0xfe, 
	0xff, 0xfe, 0xff, 0xfe, 0xff, 0xfe, 0xff, 0xfe, 
	0xff, 0xfe, 0xff, 0xfe, 0xff, 0xfe, 0x70, 0x01, 
	0x78, 0x01, 0x68, 0x01, 0x60, 0x01, 0x50, 0x01, 
	0x50, 0x01, 0x48, 0x01, 0x60, 0x01, 0xff, 0xfe, 
	0xff, 0xfe, 0xff, 0xfe, 0xff, 0xfe, 0xff, 0xfe, 
	0xff, 0xfe, 0xff, 0xfe, 0xff, 0xfe, 0xff, 0xfe, 
	0xff, 0xfe, 0xff, 0xfe, 0xff, 0xfe, 0xff, 0xfe, 
	0xff, 0xfe, 0xff, 0xfe, 0xff, 0xfe, 0xff, 0xfe, 
	0xff, 0xfe, 0xff, 0xfe, 0xff, 0xfe, 0xff, 0xfe, 
	0xff, 0xfe, 0xff, 0xfe, 0xb0, 0x41, 0x80, 0x01, 
	0x80, 0x01, 0x78, 0x01, 0x60, 0x01, 0x50, 0x01, 
	0x48, 0x01, 0x40, 0x01, 0x38, 0x01, 0x30, 0x01, 
	0x28, 0x01, 0x30, 0x01, 0x38, 0x01, 0xff, 0xfe, 
	0xff, 0xfe, 0xff, 0xfe, 0xff, 0xfe, 0xff, 0xfe, 
	0xff, 0xfe, 0xff, 0xfe, 0xff, 0xfe, 0xff, 0xfe, 
	0xff, 0xfe, 0xff, 0xfe, 0xff, 0xfe, 0xff, 0xfe, 
	0xff, 0xfe, 0xff, 0xfe, 0xff, 0xfe, 0xff, 0xfe, 
	0xff, 0xfe, 0xff, 0xfe, 0x88, 0x01, 0x88, 0x01, 
	0x80, 0x01, 0x78, 0x01, 0x60, 0x01, 0x50, 0x01, 
	0x48, 0x01, 0x40, 0x01, 0x40, 0x01, 0x38, 0x01, 
	0x38, 0x01, 0x30, 0x01, 0x40, 0x01, 0xff, 0xfe, 
	0xff, 0xfe, 0xff, 0xfe, 0xff, 0xfe, 0xff, 0xfe, 
	0xff, 0xfe, 0xff, 0xfe, 0xff, 0xfe, 0xff, 0xfe, 
	0xff, 0xfe, 0xff, 0xfe, 0xff, 0xfe, 0xff, 0xfe, 
	0xff, 0xfe, 0xff, 0xfe, 0xff, 0xfe, 0xff, 0xfe, 
	0xff, 0xfe, 0xff, 0xfe, 0x80, 0x01, 0x88, 0x01, 
	0x78, 0x01, 0x68, 0x01, 0x58, 0x01, 0x50, 0x01, 
	0x48, 0x01, 0x40, 0x01, 0x40, 0x01, 0x38, 0x01, 
	0x38, 0x01, 0x28, 0x01, 0xff, 0xfe, 0xff, 0xfe, 
	0xff, 0xfe, 0xff, 0xfe, 0xff, 0xfe, 0xff, 0xfe, 
	0xff, 0xfe, 0xff, 0xfe, 0xff, 0xfe, 0xff, 0xfe, 
	0xff, 0xfe, 0xff, 0xfe, 0xff, 0xfe, 0xff, 0xfe, 
	0xff, 0xfe, 0xff, 0xfe, 0xff, 0xfe, 0xff, 0xfe, 
	0xff, 0xfe, 0x90, 0x01, 0x88, 0x01, 0x80, 0x01, 
	0x78, 0x01, 0x60, 0x01, 0x58, 0x01, 0x48, 0x01, 
	0x48, 0x01, 0x40, 0x01, 0x40, 0x01, 0x38, 0x01, 
	0x38, 0x01, 0x30, 0x01, 0xff, 0xfe, 0xff, 0xfe, 
	0xff, 0xfe, 0xff, 0xfe, 0xff, 0xfe, 0xff, 0xfe, 
	0xff, 0xfe, 0xff, 0xfe, 0xff, 0xfe, 0xff, 0xfe, 
	0xff, 0xfe, 0xff, 0xfe, 0xff, 0xfe, 0xff, 0xfe, 
	0xff, 0xfe, 0xff, 0xfe, 0xff, 0xfe, 0xff, 0xfe, 
	0xa8, 0x01, 0x80, 0x01, 0x80, 0x01, 0x78, 0x01, 
	0x68, 0x01, 0x58, 0x01, 0x50, 0x01, 0x48, 0x01, 
	0x40, 0x01, 0x40, 0x01, 0x40, 0x01, 0x38, 0x01, 
	0x30, 0x01, 0x58, 0x01, 0xff, 0xfe, 0xff, 0xfe, 
	0xff, 0xfe, 0xff, 0xfe, 0xff, 0xfe, 0xff, 0xfe, 
	0xff, 0xfe, 0xff, 0xfe, 0xff, 0xfe, 0xff, 0xfe, 
	0xff, 0xfe, 0xff, 0xfe, 0xff, 0xfe, 0xff, 0xfe, 
	0xff, 0xfe, 0xff, 0xfe, 0xff, 0xfe, 0xa8, 0x01, 
	0x80, 0x01, 0x80, 0x01, 0x78, 0x01, 0x68, 0x01, 
	0x58, 0x01, 0x50, 0x01, 0x48, 0x01, 0x48, 0x01, 
	0x40, 0x01, 0x40, 0x01, 0x38, 0x01, 0x38, 0x01, 
	0x28, 0x01, 0xff, 0xfe, 0xff, 0xfe, 0xff, 0xfe, 
	0xff, 0xfe, 0xff, 0xfe, 0xff, 0xfe, 0xff, 0xfe, 
	0xff, 0xfe, 0xff, 0xfe, 0xff, 0xfe, 0xff, 0xfe, 
	0x80, 0x01, 0x88, 0x01, 0x88, 0x01, 0x98, 0x01, 
	0xff, 0xfe, 0xa8, 0x01, 0x88, 0x01, 0x80, 0x01, 
	0x80, 0x01, 0x78, 0x01, 0x68, 0x01, 0x60, 0x01, 
	0x50, 0x01, 0x48, 0x01, 0x48, 0x01, 0x48, 0x01, 
	0x40, 0x01, 0x40, 0x01, 0x38, 0x01, 0x38, 0x01, 
	0x38, 0x01, 0xff, 0xfe, 0xff, 0xfe, 0xff, 0xfe, 
	0xff, 0xfe, 0xff, 0xfe, 0xff, 0xfe, 0xff, 0xfe, 
	0xff, 0xfe, 0xff, 0xfe, 0x90, 0x01, 0x78, 0x01, 
	0x80, 0x01, 0x88, 0x01, 0x88, 0x01, 0x88, 0x01, 
	0x80, 0x01, 0x80, 0x01, 0x80, 0x01, 0x80, 0x01, 
	0x78, 0x01, 0x68, 0x01, 0x60, 0x01, 0x50, 0x01, 
	0x48, 0x01, 0x48, 0x01, 0x48, 0x01, 0x40, 0x01, 
	0x40, 0x01, 0x38, 0x01, 0x38, 0x01, 0x30, 0x01, 
	0x50, 0x01, 0xff, 0xfe, 0xff, 0xfe, 0xff, 0xfe, 
	0xff, 0xfe, 0xff, 0xfe, 0xff, 0xfe, 0xff, 0xfe, 
	0xff, 0xfe, 0x90, 0x01, 0x68, 0x01, 0x78, 0x01, 
	0x80, 0x01, 0x88, 0x01, 0x88, 0x01, 0x88, 0x01, 
	0x80, 0x01, 0x80, 0x01, 0x78, 0x01, 0x68, 0x01, 
	0x60, 0x01, 0x58, 0x01, 0x50, 0x01, 0x48, 0x01, 
	0x48, 0x01, 0x48, 0x01, 0x40, 0x01, 0x40, 0x01, 
	0x40, 0x01, 0x38, 0x01, 0x38, 0x01, 0x28, 0x01, 
	0xff, 0xfe, 0xff, 0xfe, 0xff, 0xfe, 0xff, 0xfe, 
	0xff, 0xfe, 0xff, 0xfe, 0xff, 0xfe, 0xff, 0xfe, 
	0xff, 0xfe, 0x60, 0x01, 0x60, 0x01, 0x68, 0x01, 
	0x78, 0x01, 0x78, 0x01, 0x78, 0x01, 0x78, 0x01, 
	0x70, 0x01, 0x68, 0x01, 0x60, 0x01, 0x58, 0x01, 
	0x50, 0x01, 0x50, 0x01, 0x48, 0x01, 0x48, 0x01, 
	0x48, 0x01, 0x40, 0x01, 0x40, 0x01, 0x40, 0x01, 
	0x38, 0x01, 0x38, 0x01, 0x38, 0x01, 0x38, 0x01, 
	0xff, 0xfe, 0xff, 0xfe, 0xff, 0xfe, 0xff, 0xfe, 
	0xff, 0xfe, 0xff, 0xfe, 0xff, 0xfe, 0xff, 0xfe, 
	0xff, 0xfe, 0x58, 0x01, 0x50, 0x01, 0x58, 0x01, 
	0x60, 0x01, 0x60, 0x01, 0x60, 0x01, 0x60, 0x01, 
	0x60, 0x01, 0x58, 0x01, 0x50, 0x01, 0x50, 0x01, 
	0x48, 0x01, 0x48, 0x01, 0x48, 0x01, 0x48, 0x01, 
	0x40, 0x01, 0x40, 0x01, 0x40, 0x01, 0x40, 0x01, 
	0x38, 0x01, 0x38, 0x01, 0x28, 0x01, 0x58, 0x01, 
	0xff, 0xfe, 0xff, 0xfe, 0xff, 0xfe, 0xff, 0xfe, 
	0xff, 0xfe, 0xff, 0xfe, 0xff, 0xfe, 0xff, 0xfe, 
	0xff, 0xfe, 0x78, 0x01, 0x40, 0x01, 0x50, 0x01, 
	0x50, 0x01, 0x50, 0x01, 0x50, 0x01, 0x50, 0x01, 
	0x50, 0x01, 0x50, 0x01, 0x48, 0x01, 0x48, 0x01, 
	0x48, 0x01, 0x48, 0x01, 0x48, 0x01, 0x40, 0x01, 
	0x40, 0x01, 0x40, 0x01, 0x40, 0x01, 0x38, 0x01, 
	0x38, 0x01, 0x38, 0x01, 0x30, 0x01, 0xff, 0xfe, 
	0xff, 0xfe, 0xff, 0xfe, 0xff, 0xfe, 0xff, 0xfe, 
	0xff, 0xfe, 0xff, 0xfe, 0xff, 0xfe, 0xff, 0xfe, 
	0xff, 0xfe, 0xff, 0xfe, 0x60, 0x01, 0x50, 0x01, 
	0x48, 0x01, 0x48, 0x01, 0x48, 0x01, 0x48, 0x01, 
	0x48, 0x01, 0x48, 0x01, 0x48, 0x01, 0x48, 0x01, 
	0x48, 0x01, 0x48, 0x01, 0x40, 0x01, 0x40, 0x01, 
	0x40, 0x01, 0x40, 0x01, 0x38, 0x01, 0x38, 0x01, 
	0x38, 0x01, 0x28, 0x01, 0x60, 0x01, 0xff, 0xfe, 
	0xff, 0xfe, 0xff, 0xfe, 0xff, 0xfe, 0xff, 0xfe, 
	0xff, 0xfe, 0xff, 0xfe, 0xff, 0xfe, 0x58, 0x01, 
	0x78, 0x01, 0x90, 0x01, 0x88, 0x01, 0x68, 0x01, 
	0x50, 0x01, 0x48, 0x01, 0x48, 0x01, 0x48, 0x01, 
	0x48, 0x01, 0x48, 0x01, 0x48, 0x01, 0x48, 0x01, 
	0x40, 0x01, 0x40, 0x01, 0x40, 0x01, 0x40, 0x01, 
	0x40, 0x01, 0x38, 0x01, 0x38, 0x01, 0x38, 0x01, 
	0x30, 0x01, 0x38, 0x01, 0xff, 0xfe, 0xff, 0xfe, 
	0xff, 0xfe, 0xff, 0xfe, 0xff, 0xfe, 0xff, 0xfe, 
	0xff, 0xfe, 0xff, 0xfe, 0x38, 0x01, 0x58, 0x01, 
	0x78, 0x01, 0x80, 0x01, 0x80, 0x01, 0x68, 0x01, 
	0x50, 0x01, 0x48, 0x01, 0x48, 0x01, 0x48, 0x01, 
	0x48, 0x01, 0x48, 0x01, 0x48, 0x01, 0x40, 0x01, 
	0x40, 0x01, 0x40, 0x01, 0x40, 0x01, 0x40, 0x01, 
	0x38, 0x01, 0x38, 0x01, 0x38, 0x01, 0x38, 0x01, 
	0x28, 0x01, 0xff, 0xfe, 0xff, 0xfe, 0xff, 0xfe, 
	0xff, 0xfe, 0xff, 0xfe, 0xff, 0xfe, 0xff, 0xfe, 
	0xff, 0xfe, 0x40, 0x01, 0x38, 0x01, 0x48, 0x01, 
	0x58, 0x01, 0x60, 0x01, 0x60, 0x01, 0x58, 0x01, 
	0x48, 0x01, 0x48, 0x01, 0x48, 0x01, 0x48, 0x01, 
	0x40, 0x01, 0x40, 0x01, 0x40, 0x01, 0x40, 0x01, 
	0x40, 0x01, 0x40, 0x01, 0x40, 0x01, 0x38, 0x01, 
	0x38, 0x01, 0x38, 0x01, 0x38, 0x01, 0x28, 0x01, 
	0x40, 0x01, 0xff, 0xfe, 0xff, 0xfe, 0xff, 0xfe, 
	0xff, 0xfe, 0xff, 0xfe, 0xff, 0xfe, 0xff, 0xfe, 
	0xff, 0xfe, 0x38, 0x01, 0x30, 0x01, 0x38, 0x01, 
	0x40, 0x01, 0x40, 0x01, 0x48, 0x01, 0x48, 0x01, 
	0x40, 0x01, 0x40, 0x01, 0x40, 0x01, 0x40, 0x01, 
	0x40, 0x01, 0x40, 0x01, 0x40, 0x01, 0x40, 0x01, 
	0x40, 0x01, 0x38, 0x01, 0x38, 0x01, 0x38, 0x01, 
	0x38, 0x01, 0x30, 0x01, 0x28, 0x01, 0x40, 0x01, 
	0xff, 0xfe, 0xff, 0xfe, 0xff, 0xfe, 0xff, 0xfe, 
	0xff, 0xfe, 0xff, 0xfe, 0xff, 0xfe, 0xff, 0xfe, 
	0xff, 0xfe, 0x38, 0x01, 0x30, 0x01, 0x38, 0x01, 
	0x38, 0x01, 0x38, 0x01, 0x38, 0x01, 0x40, 0x01, 
	0x40, 0x01, 0x40, 0x01, 0x40, 0x01, 0x40, 0x01, 
	0x40, 0x01, 0x40, 0x01, 0x40, 0x01, 0x38, 0x01, 
	0x38, 0x01, 0x38, 0x01, 0x30, 0x01, 0x30, 0x01, 
	0x30, 0x01, 0x30, 0x01, 0x38, 0x01, 0xff, 0xfe, 
	0xff, 0xfe, 0xff, 0xfe, 0xff, 0xfe, 0xff, 0xfe, 
	0xff, 0xfe, 0xff, 0xfe, 0xff, 0xfe, 0xff, 0xfe, 
	0xff, 0xfe, 0xff, 0xfe, 0x20, 0x01, 0x30, 0x01, 
	0x30, 0x01, 0x38, 0x01, 0x38, 0x01, 0x38, 0x01, 
	0x38, 0x01, 0x38, 0x01, 0x38, 0x01, 0x38, 0x01, 
	0x38, 0x01, 0x38, 0x01, 0x38, 0x01, 0x38, 0x01, 
	0x38, 0x01, 0x30, 0x01, 0x30, 0x01, 0x30, 0x01, 
	0x28, 0x01, 0x38, 0x01, 0xff, 0xfe, 0xff, 0xfe, 
	0xff, 0xfe, 0xff, 0xfe, 0xff, 0xfe, 0xff, 0xfe, 
	0xff, 0xfe, 0xff, 0xfe, 0xff, 0xfe, 0xff, 0xfe, 
	0xff, 0xfe, 0xff, 0xfe, 0x38, 0x01, 0x28, 0x01, 
	0x30, 0x01, 0x30, 0x01, 0x30, 0x01, 0x30, 0x01, 
	0x38, 0x01, 0x38, 0x01, 0x38, 0x01, 0x38, 0x01, 
	0x38, 0x01, 0x38, 0x01, 0x38, 0x01, 0x30, 0x01, 
	0x30, 0x01, 0x30, 0x01, 0x30, 0x01, 0x28, 0x01, 
	0x60, 0x01, 0xff, 0xfe, 0xff, 0xfe, 0xff, 0xfe, 
	0xff, 0xfe, 0xff, 0xfe, 0xff, 0xfe, 0xff, 0xfe, 
	0xff, 0xfe, 0xff, 0xfe, 0xff, 0xfe, 0xff, 0xfe, 
	0xff, 0xfe, 0xff, 0xfe, 0xff, 0xfe, 0x48, 0x01, 
	0x20, 0x01, 0x28, 0x01, 0x28, 0x01, 0x30, 0x01, 
	0x30, 0x01, 0x30, 0x01, 0x30, 0x01, 0x30, 0x01, 
	0x30, 0x01, 0x30, 0x01, 0x38, 0x01, 0x30, 0x01, 
	0x30, 0x01, 0x28, 0x01, 0x40, 0x01, 0xff, 0xfe, 
	0xff, 0xfe, 0xff, 0xfe, 0xff, 0xfe, 0xff, 0xfe, 
	0xff, 0xfe, 0xff, 0xfe, 0xff, 0xfe, 0xff, 0xfe, 
	0xff, 0xfe, 0xff, 0xfe, 0xff, 0xfe, 0xff, 0xfe, 
	0xff, 0xfe, 0xff, 0xfe, 0xff, 0xfe, 0xff, 0xfe, 
	0x68, 0x01, 0x38, 0x01, 0x20, 0x01, 0x28, 0x01, 
	0x28, 0x01, 0x30, 0x01, 0x30, 0x01, 0x30, 0x01, 
	0x30, 0x01, 0x28, 0x01, 0x28, 0x01, 0x28, 0x01, 
	0x40, 0x01, 0xff, 0xfe, 0xff, 0xfe, 0xff, 0xfe, 
	0xff, 0xfe, 0xff, 0xfe, 0xff, 0xfe, 0xff, 0xfe, 
	0xff, 0xfe, 0xff, 0xfe, 0xff, 0xfe, 0xff, 0xfe, 
	0xff, 0xfe, 0xff, 0xfe, 0xff, 0xfe, 0xff, 0xfe, 
	0xff, 0xfe, 0xff, 0xfe, 0xff, 0xfe, 0xff, 0xfe, 
	0xff, 0xfe, 0xff, 0xfe, 0xff, 0xfe, 0x60, 0x01, 
	0x50, 0x01, 0x38, 0x01, 0x40, 0x01, 0x38, 0x01, 
	0x40, 0x01, 0x60, 0x01, 0xff, 0xfe, 0xff, 0xfe, 
	0xff, 0xfe, 0xff, 0xfe, 0xff, 0xfe, 0xff, 0xfe, 
	0xff, 0xfe, 0xff, 0xfe, 0xff, 0xfe, 0xff, 0xfe, 
	0xff, 0xfe, 0xff, 0xfe, 0xff, 0xfe, 0xff, 0xfe, 
	0xff, 0xfe, 0xff, 0xfe, 0xff, 0xfe, 0xff, 0xfe, 
	0xff, 0xfe, 0xff, 0xfe, 0xff, 0xfe, 0xff, 0xfe, 
	0xff, 0xfe, 0xff, 0xfe, 0xff, 0xfe, 0xff, 0xfe, 
	0xff, 0xfe, 0xff, 0xfe, 0xff, 0xfe, 0xff, 0xfe, 
	0xff, 0xfe, 0xff, 0xfe, 0xff, 0xfe, 0xff, 0xfe, 
	0xff, 0xfe, 0xff, 0xfe, 0xff, 0xfe, 0xff, 0xfe, 
	0xff, 0xfe, 0xff, 0xfe, 0xff, 0xfe, 0xff, 0xfe, 
	0xff, 0xfe, 0xff, 0xfe, 0xff, 0xfe, 0xff, 0xfe, 
	0xff, 0xfe, 0xff, 0xfe, 0xff, 0xfe, 0xff, 0xfe, 
	0xff, 0xfe, 0xff, 0xfe, 0xff, 0xfe, 0xff, 0xfe, 
	0xff, 0xfe, 0xff, 0xfe, 0xff, 0xfe, 0xff, 0xfe, 
	0xff, 0xfe, 0xff, 0xfe, 0xff, 0xfe, 0xff, 0xfe, 
	0xff, 0xfe, 0xff, 0xfe, 0xff, 0xfe, 0xff, 0xfe, 
	0xff, 0xfe, 0xff, 0xfe, 0xff, 0xfe, 0xff, 0xfe, 
	0xff, 0xfe, 0xff, 0xfe, 0xff, 0xfe, 0xff, 0xfe, 
	0xff, 0xfe, 0xff, 0xfe, 0xff, 0xfe, 0xff, 0xfe, 
	0xff, 0xfe, 0xff, 0xfe, 0xff, 0xfe, 0xff, 0xfe, 
	0xff, 0xfe, 0xff, 0xfe, 0xff, 0xfe, 0xff, 0xfe, 
	0xff, 0xfe, 0xff, 0xfe, 0xff, 0xfe, 0xff, 0xfe, 
	0xff, 0xfe, 0xff, 0xfe, 0xff, 0xfe, 0xff, 0xfe, 
	0xff, 0xfe, 0xff, 0xfe, 0xff, 0xfe, 0xff, 0xfe, 
	0xff, 0xfe, 0xff, 0xfe, 0xff, 0xfe, 0xff, 0xfe, 
	0xff, 0xfe, 0xff, 0xfe, 0xff, 0xfe, 0xff, 0xfe, 
	0xff, 0xfe, 0xff, 0xfe, 0xff, 0xfe, 0xff, 0xfe, 
	0xff, 0xfe, 0xff, 0xfe, 0xff, 0xfe, 0xff, 0xfe, 
	0xff, 0xfe, 0xff, 0xfe, 0xff, 0xfe, 0xff, 0xfe, 
	0xff, 0xfe, 0xff, 0xfe, 0xff, 0xfe, 0xff, 0xfe, 
	0xff, 0xfe, 0xff, 0xfe, 0xff, 0xfe, 0xff, 0xfe, 
	0xff, 0xfe, 0xff, 0xfe, 0xff, 0xfe, 0xff, 0xfe, 
	0xff, 0xfe, 0xff, 0xfe, 0xff, 0xfe, 0xff, 0xfe, 
	0xff, 0xfe, 0xff, 0xfe, 0xff, 0xfe, 0xff, 0xfe, 
	0xff, 0xfe, 0xff, 0xfe, 0xff, 0xfe, 0xff, 0xfe, 
	0xff, 0xfe, 0xff, 0xfe, 0xff, 0xfe, 0xff, 0xfe, 
	0xff, 0xfe, 0xff, 0xfe, 0xff, 0xfe, 0xff, 0xfe, 
	0xff, 0xfe, 0xff, 0xfe, 0xff, 0xfe, 0xff, 0xfe, 
	0xff, 0xfe, 0xff, 0xfe, 0xff, 0xfe, 0xff, 0xfe, 
	0xff, 0xfe, 0xff, 0xfe, 0xff, 0xfe, 0xff, 0xfe, 
	0xff, 0xfe, 0xff, 0xfe, 0xff, 0xfe, 0xff, 0xfe, 
	0xff, 0xfe, 0xff, 0xfe, 0xff, 0xfe, 0xff, 0xfe, 
	0xff, 0xfe, 0xff, 0xfe, 0xff, 0xfe, 0xff, 0xfe, 
	0xff, 0xfe, 0xff, 0xfe, 0xff, 0xfe, 0xff, 0xfe, 
	0xff, 0xfe, 0xff, 0xfe, 0xff, 0xfe, 0xff, 0xfe, 
	0xff, 0xfe, 0xff, 0xfe, 0xff, 0xfe, 0xff, 0xfe, 
	0xff, 0xfe, 0xff, 0xfe, 0xff, 0xfe, 0xff, 0xfe, 
	0xff, 0xfe, 0xff, 0xfe, 0xff, 0xfe, 0xff, 0xfe, 
	0xff, 0xfe, 0xff, 0xfe, 0xff, 0xfe, 0xff, 0xfe, 
	0xff, 0xfe, 0xff, 0xfe, 0xff, 0xfe, 0xff, 0xfe, 
	0xff, 0xfe, 0xff, 0xfe, 0xff, 0xfe, 0xff, 0xfe, 
	0xff, 0xfe, 0xff, 0xfe, 0xff, 0xfe, 0xff, 0xfe, 
	
};

Texture jared_mario_face_1_rgba16[] = {
	0xff, 0xfe, 0xff, 0xfe, 0xff, 0xfe, 0xff, 0xfe, 
	0xff, 0xfe, 0xff, 0xfe, 0xff, 0xfe, 0xff, 0xfe, 
	0xff, 0xfe, 0xff, 0xfe, 0xff, 0xfe, 0xff, 0xfe, 
	0xff, 0xfe, 0xff, 0xfe, 0xff, 0xfe, 0xff, 0xfe, 
	0xff, 0xfe, 0xff, 0xfe, 0xff, 0xfe, 0xff, 0xfe, 
	0xff, 0xfe, 0xff, 0xfe, 0xff, 0xfe, 0xff, 0xfe, 
	0xff, 0xfe, 0xff, 0xfe, 0xff, 0xfe, 0xff, 0xfe, 
	0xff, 0xfe, 0xff, 0xfe, 0xff, 0xfe, 0xff, 0xfe, 
	0xff, 0xfe, 0xff, 0xfe, 0xff, 0xfe, 0xff, 0xfe, 
	0xff, 0xfe, 0xff, 0xfe, 0xff, 0xfe, 0xff, 0xfe, 
	0xff, 0xfe, 0xff, 0xfe, 0xff, 0xfe, 0xff, 0xfe, 
	0xff, 0xfe, 0xff, 0xfe, 0xff, 0xfe, 0xff, 0xfe, 
	0xff, 0xfe, 0xff, 0xfe, 0xff, 0xfe, 0xff, 0xfe, 
	0xff, 0xfe, 0xff, 0xfe, 0xff, 0xfe, 0xff, 0xfe, 
	0xff, 0xfe, 0xff, 0xfe, 0xff, 0xfe, 0xff, 0xfe, 
	0xff, 0xfe, 0xff, 0xfe, 0xff, 0xfe, 0xff, 0xfe, 
	0xff, 0xfe, 0xff, 0xfe, 0xff, 0xfe, 0xff, 0xfe, 
	0xff, 0xfe, 0xff, 0xfe, 0xff, 0xfe, 0xff, 0xfe, 
	0xff, 0xfe, 0xff, 0xfe, 0xff, 0xfe, 0xff, 0xfe, 
	0xff, 0xfe, 0xff, 0xfe, 0xff, 0xfe, 0xff, 0xfe, 
	0xff, 0xfe, 0xff, 0xfe, 0xff, 0xfe, 0xff, 0xfe, 
	0xff, 0xfe, 0xff, 0xfe, 0xff, 0xfe, 0xff, 0xfe, 
	0xff, 0xfe, 0xff, 0xfe, 0xff, 0xfe, 0xff, 0xfe, 
	0xff, 0xfe, 0xff, 0xfe, 0xff, 0xfe, 0xff, 0xfe, 
	0xff, 0xfe, 0xff, 0xfe, 0xff, 0xfe, 0xff, 0xfe, 
	0xff, 0xfe, 0xff, 0xfe, 0xff, 0xfe, 0xff, 0xfe, 
	0xff, 0xfe, 0xff, 0xfe, 0xff, 0xfe, 0xff, 0xfe, 
	0xff, 0xfe, 0xff, 0xfe, 0xff, 0xfe, 0xff, 0xfe, 
	0xff, 0xfe, 0xff, 0xfe, 0xff, 0xfe, 0xff, 0xfe, 
	0xff, 0xfe, 0xff, 0xfe, 0xff, 0xfe, 0xff, 0xfe, 
	0xff, 0xfe, 0xff, 0xfe, 0xff, 0xfe, 0xff, 0xfe, 
	0xff, 0xfe, 0xff, 0xfe, 0xff, 0xfe, 0xff, 0xfe, 
	0xff, 0xfe, 0xff, 0xfe, 0xff, 0xfe, 0xff, 0xfe, 
	0xff, 0xfe, 0xff, 0xfe, 0xff, 0xfe, 0xff, 0xfe, 
	0xff, 0xfe, 0xff, 0xfe, 0xff, 0xfe, 0xff, 0xfe, 
	0xff, 0xfe, 0xff, 0xfe, 0xff, 0xfe, 0xff, 0xfe, 
	0xff, 0xfe, 0xff, 0xfe, 0xff, 0xfe, 0xff, 0xfe, 
	0xff, 0xfe, 0xff, 0xfe, 0xff, 0xfe, 0xff, 0xfe, 
	0xff, 0xfe, 0xff, 0xfe, 0xff, 0xfe, 0xff, 0xfe, 
	0xff, 0xfe, 0xff, 0xfe, 0xff, 0xfe, 0xff, 0xfe, 
	0xff, 0xfe, 0xff, 0xfe, 0xff, 0xfe, 0xff, 0xfe, 
	0x18, 0x87, 0x00, 0x01, 0x08, 0x03, 0x08, 0x01, 
	0x10, 0x43, 0xff, 0xfe, 0xff, 0xfe, 0xff, 0xfe, 
	0xff, 0xfe, 0xff, 0xfe, 0xff, 0xfe, 0xff, 0xfe, 
	0xff, 0xfe, 0xff, 0xfe, 0xff, 0xfe, 0xff, 0xfe, 
	0xff, 0xfe, 0xff, 0xfe, 0xff, 0xfe, 0x08, 0x43, 
	0x08, 0x01, 0x08, 0x03, 0x00, 0x01, 0x18, 0x87, 
	0xff, 0xfe, 0xff, 0xfe, 0xff, 0xfe, 0xff, 0xfe, 
	0xff, 0xfe, 0xff, 0xfe, 0xff, 0xfe, 0x08, 0x43, 
	0x08, 0x03, 0x08, 0x03, 0x08, 0x03, 0x08, 0x03, 
	0x08, 0x43, 0x08, 0x03, 0xff, 0xfe, 0xff, 0xfe, 
	0xff, 0xfe, 0xff, 0xfe, 0xff, 0xfe, 0xff, 0xfe, 
	0xff, 0xfe, 0xff, 0xfe, 0xff, 0xfe, 0xff, 0xfe, 
	0xff, 0xfe, 0xff, 0xfe, 0x08, 0x01, 0x08, 0x43, 
	0x08, 0x01, 0x08, 0x03, 0x08, 0x01, 0x08, 0x03, 
	0x10, 0x45, 0xff, 0xfe, 0xff, 0xfe, 0xff, 0xfe, 
	0xff, 0xfe, 0xff, 0xfe, 0x29, 0x4b, 0x00, 0x01, 
	0x41, 0xcf, 0xff, 0xfe, 0xff, 0xfe, 0xff, 0xfe, 
	0x31, 0x8d, 0x00, 0x01, 0x20, 0xc9, 0xff, 0xfe, 
	0xff, 0xfe, 0xff, 0xfe, 0xff, 0xfe, 0xff, 0xfe, 
	0xff, 0xfe, 0xff, 0xfe, 0xff, 0xfe, 0xff, 0xfe, 
	0xff, 0xfe, 0x18, 0x85, 0x08, 0x01, 0x39, 0x8f, 
	0xff, 0xfe, 0xff, 0xfe, 0xff, 0xfe, 0x41, 0xcf, 
	0x00, 0x01, 0x39, 0x8f, 0xff, 0xfe, 0xff, 0xfe, 
	0xff, 0xfe, 0xff, 0xfe, 0x08, 0x03, 0xff, 0xfe, 
	0xff, 0xfe, 0xff, 0xfe, 0xff, 0xfe, 0xff, 0xfe, 
	0xff, 0xfe, 0xff, 0xfe, 0x08, 0x03, 0xff, 0xfe, 
	0xff, 0xfe, 0xff, 0xfe, 0xff, 0xfe, 0xff, 0xfe, 
	0xff, 0xfe, 0xff, 0xfe, 0xff, 0xfe, 0xff, 0xfe, 
	0xff, 0xfe, 0x20, 0xc7, 0xff, 0xfe, 0xff, 0xfe, 
	0xff, 0xfe, 0xff, 0xfe, 0xff, 0xfe, 0xff, 0xfe, 
	0xff, 0xfe, 0x18, 0x87, 0xff, 0xfe, 0xff, 0xfe, 
	0xff, 0xfe, 0xff, 0xfe, 0xff, 0xfe, 0xff, 0xfe, 
	0xff, 0xfe, 0xff, 0xfe, 0xff, 0xfe, 0xff, 0xfe, 
	0xff, 0xfe, 0xff, 0xfe, 0xff, 0xfe, 0xff, 0xfe, 
	0xff, 0xfe, 0xff, 0xfe, 0xff, 0xfe, 0xff, 0xfe, 
	0xff, 0xfe, 0xff, 0xfe, 0xff, 0xfe, 0xff, 0xfe, 
	0xff, 0xfe, 0xff, 0xfe, 0xff, 0xfe, 0xff, 0xfe, 
	0xff, 0xfe, 0xff, 0xfe, 0xff, 0xfe, 0xff, 0xfe, 
	0xff, 0xfe, 0xff, 0xfe, 0xff, 0xfe, 0xff, 0xfe, 
	0xff, 0xfe, 0xff, 0xfe, 0xff, 0xfe, 0xff, 0xfe, 
	0xff, 0xfe, 0xff, 0xfe, 0xf7, 0xbd, 0xf7, 0xbd, 
	0xf7, 0xbd, 0xff, 0xfe, 0xff, 0xfe, 0xff, 0xfe, 
	0xff, 0xfe, 0xff, 0xfe, 0xff, 0xfe, 0xff, 0xfe, 
	0xff, 0xfe, 0xff, 0xfe, 0xff, 0xfe, 0xff, 0xfe, 
	0xff, 0xfe, 0xff, 0xfe, 0xff, 0xfe, 0xf7, 0xbd, 
	0xf7, 0xbd, 0xf7, 0xbd, 0xff, 0xfe, 0xff, 0xfe, 
	0xff, 0xfe, 0xff, 0xfe, 0xff, 0xfe, 0xff, 0xfe, 
	0xff, 0xfe, 0xff, 0xfe, 0xff, 0xfe, 0xff, 0xfe, 
	0xff, 0xfe, 0xf7, 0xbd, 0xf7, 0xbd, 0xf7, 0xbd, 
	0xf7, 0xbd, 0xef, 0xbd, 0xef, 0x7d, 0xff, 0xfe, 
	0xff, 0xfe, 0xff, 0xfe, 0xff, 0xfe, 0xff, 0xfe, 
	0xff, 0xfe, 0xff, 0xfe, 0xff, 0xfe, 0xff, 0xfe, 
	0xff, 0xfe, 0xff, 0xfe, 0xe7, 0x7d, 0xf7, 0xbd, 
	0xf7, 0xbd, 0xf7, 0xbd, 0xf7, 0xbd, 0xf7, 0xbd, 
	0xff, 0xfe, 0xff, 0xfe, 0xff, 0xfe, 0xff, 0xfe, 
	0xff, 0xfe, 0xff, 0xfe, 0xff, 0xfe, 0xff, 0xfe, 
	0xf7, 0xbd, 0xf7, 0xbd, 0xf7, 0xbd, 0xf7, 0xbd, 
	0xb6, 0xbd, 0x3c, 0x3b, 0x33, 0xf9, 0xa6, 0x3d, 
	0xff, 0xfe, 0xff, 0xfe, 0xff, 0xfe, 0xff, 0xfe, 
	0xff, 0xfe, 0xff, 0xfe, 0xff, 0xfe, 0xff, 0xfe, 
	0xff, 0xfe, 0x44, 0x7b, 0x2b, 0xf9, 0x95, 0xbd, 
	0xf7, 0xbd, 0xf7, 0xbd, 0xf7, 0xbd, 0xf7, 0xbd, 
	0xf7, 0xbd, 0xff, 0xfe, 0xff, 0xfe, 0xff, 0xfe, 
	0xff, 0xfe, 0xff, 0xfe, 0xff, 0xfe, 0xf7, 0xbd, 
	0xf7, 0xbd, 0xf7, 0xbd, 0xf7, 0xbd, 0xc6, 0xfd, 
	0x2b, 0xb9, 0x1b, 0x77, 0x1b, 0x79, 0x23, 0xb9, 
	0xff, 0xfe, 0xff, 0xfe, 0xff, 0xfe, 0xff, 0xfe, 
	0xff, 0xfe, 0xff, 0xfe, 0xff, 0xfe, 0xff, 0xfe, 
	0x44, 0x7b, 0x1b, 0x79, 0x1b, 0x79, 0x13, 0x37, 
	0x95, 0xfd, 0xf7, 0xbd, 0xf7, 0xbd, 0xf7, 0xbd, 
	0xf7, 0xbd, 0xff, 0xfe, 0xff, 0xfe, 0xff, 0xfe, 
	0xff, 0xfe, 0xff, 0xfe, 0xff, 0xfe, 0xf7, 0xbd, 
	0xf7, 0xbd, 0xf7, 0xbd, 0xf7, 0xbd, 0x5c, 0xbd, 
	0x1b, 0x37, 0x23, 0xb9, 0x23, 0x35, 0x12, 0xf5, 
	0x4c, 0xbd, 0xff, 0xfe, 0xff, 0xfe, 0xff, 0xfe, 
	0xff, 0xfe, 0xff, 0xfe, 0xff, 0xfe, 0x85, 0x7d, 
	0x12, 0xf5, 0x1b, 0x33, 0x23, 0xb9, 0x1b, 0x79, 
	0x33, 0xf9, 0xdf, 0x7d, 0xf7, 0xbd, 0xf7, 0xbd, 
	0xf7, 0xbd, 0xf7, 0xbd, 0xff, 0xfe, 0xff, 0xfe, 
	0xff, 0xfe, 0xff, 0xfe, 0xf7, 0xbd, 0xf7, 0xbd, 
	0xf7, 0xbd, 0xf7, 0xbd, 0xd7, 0x3d, 0x2b, 0xb9, 
	0x23, 0xb9, 0x1a, 0xf3, 0x00, 0x93, 0x00, 0x53, 
	0x1a, 0xaf, 0xff, 0xfe, 0xff, 0xfe, 0xff, 0xfe, 
	0xff, 0xfe, 0xff, 0xfe, 0xff, 0xfe, 0x3b, 0xf5, 
	0x00, 0xd9, 0x00, 0x4b, 0x12, 0x6b, 0x23, 0xb9, 
	0x1b, 0x77, 0xa6, 0x3d, 0xf7, 0xbd, 0xf7, 0xbd, 
	0xf7, 0xbd, 0xf7, 0xbd, 0xff, 0xfe, 0xff, 0xfe, 
	0xff, 0xfe, 0xff, 0xfe, 0xf7, 0xbd, 0xf7, 0xbd, 
	0xf7, 0xbd, 0xf7, 0xbd, 0x95, 0xfd, 0x1b, 0x79, 
	0x23, 0xb9, 0x09, 0x1d, 0x00, 0x01, 0x00, 0x01, 
	0x00, 0x0b, 0x8d, 0x7d, 0xff, 0xfe, 0xff, 0xfe, 
	0xff, 0xfe, 0xff, 0xfe, 0xff, 0xfe, 0x01, 0x1d, 
	0x00, 0x01, 0x00, 0x01, 0x00, 0x4f, 0x1b, 0x35, 
	0x1b, 0x79, 0x6c, 0xfd, 0xf7, 0xbd, 0xf7, 0xbd, 
	0xf7, 0xbd, 0xf7, 0xbd, 0xff, 0xfe, 0xff, 0xfe, 
	0xff, 0xfe, 0xff, 0xfe, 0xf7, 0xbd, 0xf7, 0xbd, 
	0xf7, 0xbd, 0xf7, 0xbd, 0x7d, 0x3d, 0x1b, 0x79, 
	0x1b, 0x33, 0x00, 0x05, 0x00, 0x01, 0x00, 0x01, 
	0x00, 0x01, 0x5c, 0x33, 0xff, 0xfe, 0xff, 0xfe, 
	0xff, 0xfe, 0xff, 0xfe, 0x95, 0x7b, 0x00, 0x01, 
	0x00, 0x01, 0x00, 0x01, 0x00, 0x01, 0x12, 0x29, 
	0x23, 0xb9, 0x44, 0x7b, 0xf7, 0xbd, 0xf7, 0xbd, 
	0xf7, 0xbd, 0xf7, 0xbd, 0xf7, 0xbd, 0xff, 0xfe, 
	0xff, 0xfe, 0xf7, 0xbd, 0xf7, 0xbd, 0xf7, 0xbd, 
	0xf7, 0xbd, 0xf7, 0xbd, 0x64, 0xfd, 0x1b, 0x79, 
	0x12, 0x2b, 0x00, 0x01, 0x00, 0x01, 0x00, 0x8d, 
	0x00, 0x01, 0x32, 0xe7, 0xff, 0xfe, 0xff, 0xfe, 
	0xff, 0xfe, 0xff, 0xfe, 0x6c, 0xb3, 0x00, 0x01, 
	0x00, 0x8f, 0x00, 0x01, 0x00, 0x01, 0x09, 0x63, 
	0x23, 0x79, 0x33, 0xfb, 0xef, 0xbd, 0xf7, 0xbd, 
	0xf7, 0xbd, 0xf7, 0xbd, 0xf7, 0xbd, 0xff, 0xfe, 
	0xff, 0xfe, 0xf7, 0xbd, 0xf7, 0xbd, 0xf7, 0xbd, 
	0xf7, 0xbd, 0xf7, 0xbd, 0x54, 0xbb, 0x1b, 0x79, 
	0x11, 0xe7, 0x00, 0x01, 0x21, 0xdd, 0xce, 0xbd, 
	0x6c, 0x2f, 0x19, 0xe1, 0xff, 0xfe, 0xff, 0xfe, 
	0xff, 0xfe, 0xff, 0xfe, 0x53, 0xed, 0x32, 0x61, 
	0xce, 0xbd, 0x53, 0xa9, 0x00, 0x01, 0x09, 0x1d, 
	0x23, 0x79, 0x2b, 0xb9, 0xdf, 0x3d, 0xf7, 0xbd, 
	0xf7, 0xbd, 0xf7, 0xbd, 0xf7, 0xbd, 0xff, 0xfe, 
	0xff, 0xfe, 0xf7, 0xbd, 0xf7, 0xbd, 0xf7, 0xbd, 
	0xf7, 0xbd, 0xf7, 0xbd, 0x44, 0x7b, 0x23, 0x79, 
	0x09, 0xe5, 0x00, 0x01, 0x5b, 0xeb, 0xf7, 0xbd, 
	0xb6, 0x3d, 0x11, 0x9f, 0xff, 0xfe, 0xff, 0xfe, 
	0xff, 0xfe, 0xff, 0xfe, 0x43, 0x29, 0x74, 0x6f, 
	0xf7, 0xbd, 0x9d, 0xb9, 0x00, 0x01, 0x00, 0xd9, 
	0x23, 0x77, 0x2b, 0xb9, 0xd7, 0x3d, 0xf7, 0xbd, 
	0xf7, 0xbd, 0xf7, 0xbd, 0xf7, 0xbd, 0xff, 0xfe, 
	0xff, 0xfe, 0xf7, 0xbd, 0xf7, 0xbd, 0xf7, 0xbd, 
	0xf7, 0xbd, 0xf7, 0xbd, 0x54, 0xbd, 0x1b, 0x79, 
	0x11, 0xe7, 0x00, 0x01, 0x19, 0x9b, 0xb6, 0x3d, 
	0x5b, 0xeb, 0x19, 0xe1, 0xff, 0xfe, 0xff, 0xfe, 
	0xff, 0xfe, 0xff, 0xfe, 0x4b, 0xad, 0x2a, 0x1f, 
	0xb6, 0x3d, 0x4b, 0x67, 0x00, 0x01, 0x01, 0x1d, 
	0x23, 0x77, 0x2b, 0xf9, 0xe7, 0x7d, 0xf7, 0xbd, 
	0xf7, 0xbd, 0xf7, 0xbd, 0xf7, 0xbd, 0xff, 0xfe, 
	0xff, 0xfe, 0xf7, 0xbd, 0xf7, 0xbd, 0xf7, 0xbd, 
	0xf7, 0xbd, 0xf7, 0xbd, 0x6c, 0xfd, 0x1b, 0x79, 
	0x12, 0x29, 0x00, 0x01, 0x00, 0x01, 0x00, 0x01, 
	0x00, 0x01, 0x2a, 0xa7, 0xff, 0xfe, 0xff, 0xfe, 
	0xff, 0xfe, 0xff, 0xfe, 0x64, 0x73, 0x00, 0x01, 
	0x00, 0x05, 0x00, 0x01, 0x00, 0x01, 0x09, 0x61, 
	0x23, 0x79, 0x33, 0xfb, 0xef, 0xbd, 0xf7, 0xbd, 
	0xf7, 0xbd, 0xf7, 0xbd, 0xf7, 0xbd, 0xff, 0xfe, 
	0xff, 0xfe, 0xff, 0xfe, 0xf7, 0xbd, 0xf7, 0xbd, 
	0xf7, 0xbd, 0xf7, 0xbd, 0x7d, 0x3d, 0x1b, 0x79, 
	0x1a, 0xf1, 0x00, 0x05, 0x00, 0x01, 0x00, 0x01, 
	0x00, 0x01, 0x53, 0xf1, 0xff, 0xfe, 0xff, 0xfe, 
	0xff, 0xfe, 0xff, 0xfe, 0x8d, 0x3b, 0x00, 0x01, 
	0x00, 0x01, 0x00, 0x01, 0x00, 0x01, 0x12, 0x27, 
	0x1b, 0xb9, 0x4c, 0x7b, 0xf7, 0xbd, 0xf7, 0xbd, 
	0xf7, 0xbd, 0xf7, 0xbd, 0xf7, 0xbd, 0xff, 0xfe, 
	0xff, 0xfe, 0xff, 0xfe, 0xf7, 0xbd, 0xf7, 0xbd, 
	0xf7, 0xbd, 0xf7, 0xbd, 0x9e, 0x3d, 0x1b, 0x79, 
	0x23, 0x77, 0x00, 0xd9, 0x00, 0x01, 0x00, 0x01, 
	0x00, 0x01, 0x85, 0x7b, 0xff, 0xfe, 0xff, 0xfe, 
	0xff, 0xfe, 0xff, 0xfe, 0xff, 0xfe, 0x00, 0xd9, 
	0x00, 0x01, 0x00, 0x01, 0x00, 0x05, 0x1a, 0xf3, 
	0x1b, 0x79, 0x75, 0x3d, 0xf7, 0xbd, 0xf7, 0xbd, 
	0xf7, 0xbd, 0xf7, 0xbd, 0xff, 0xfe, 0xff, 0xfe, 
	0xff, 0xfe, 0xff, 0xfe, 0xf7, 0xbd, 0xf7, 0xbd, 
	0xf7, 0xbd, 0xf7, 0xbd, 0xdf, 0x3d, 0x2b, 0xb9, 
	0x23, 0xb9, 0x12, 0x6d, 0x00, 0x01, 0x00, 0x01, 
	0x11, 0xe7, 0xff, 0xfe, 0xff, 0xfe, 0xff, 0xfe, 
	0xff, 0xfe, 0xff, 0xfe, 0xff, 0xfe, 0x2b, 0x73, 
	0x00, 0x0b, 0x00, 0x01, 0x09, 0xe5, 0x23, 0xb9, 
	0x1b, 0x79, 0xae, 0x7d, 0xf7, 0xbd, 0xf7, 0xbd, 
	0xf7, 0xbd, 0xf7, 0xbd, 0xff, 0xfe, 0xff, 0xfe, 
	0xff, 0xfe, 0xff, 0xfe, 0xff, 0xfe, 0xf7, 0xbd, 
	0xf7, 0xbd, 0xf7, 0xbd, 0xf7, 0xbd, 0x6c, 0xfd, 
	0x1b, 0x37, 0x23, 0xb9, 0x1a, 0xb1, 0x12, 0x6f, 
	0x4c, 0x7b, 0xff, 0xfe, 0xff, 0xfe, 0xff, 0xfe, 
	0xff, 0xfe, 0xff, 0xfe, 0xff, 0xfe, 0x7d, 0x3d, 
	0x0a, 0x71, 0x12, 0xad, 0x23, 0x77, 0x1b, 0x79, 
	0x3c, 0x3b, 0xe7, 0x7d, 0xf7, 0xbd, 0xf7, 0xbd, 
	0xf7, 0xbd, 0xf7, 0xbd, 0xff, 0xfe, 0xff, 0xfe, 
	0xff, 0xfe, 0xff, 0xfe, 0xff, 0xfe, 0xf7, 0xbd, 
	0xf7, 0xbd, 0xf7, 0xbd, 0xf7, 0xbd, 0xd7, 0x3d, 
	0x2b, 0xb9, 0x13, 0x37, 0x1b, 0x79, 0x23, 0x79, 
	0xff, 0xfe, 0xff, 0xfe, 0xff, 0xfe, 0xff, 0xfe, 
	0xff, 0xfe, 0xff, 0xfe, 0xff, 0xfe, 0xff, 0xfe, 
	0x3c, 0x3b, 0x13, 0x79, 0x1b, 0x79, 0x13, 0x37, 
	0x9e, 0x3d, 0xf7, 0xbd, 0xf7, 0xbd, 0xf7, 0xbd, 
	0xf7, 0xbd, 0xff, 0xfe, 0xff, 0xfe, 0xff, 0xfe, 
	0xff, 0xfe, 0xff, 0xfe, 0xff, 0xfe, 0xff, 0xfe, 
	0xf7, 0xbd, 0xf7, 0xbd, 0xf7, 0xbd, 0xf7, 0xbd, 
	0xbe, 0xbd, 0x54, 0xbd, 0x4c, 0xbb, 0xae, 0x7d, 
	0xff, 0xfe, 0xff, 0xfe, 0xff, 0xfe, 0xff, 0xfe, 
	0xff, 0xfe, 0xff, 0xfe, 0xff, 0xfe, 0xff, 0xfe, 
	0xc6, 0xfd, 0x5c, 0xbd, 0x4c, 0x7b, 0x9e, 0x3d, 
	0xf7, 0xbd, 0xf7, 0xbd, 0xf7, 0xbd, 0xf7, 0xbd, 
	0xf7, 0xbd, 0xff, 0xfe, 0xff, 0xfe, 0xff, 0xfe, 
	0xff, 0xfe, 0xff, 0xfe, 0xff, 0xfe, 0xff, 0xfe, 
	0xf7, 0xbd, 0xf7, 0xbd, 0xf7, 0xbd, 0xf7, 0xbd, 
	0xf7, 0xbd, 0xf7, 0xbd, 0xf7, 0xbd, 0xff, 0xfe, 
	0xff, 0xfe, 0xff, 0xfe, 0xff, 0xfe, 0xff, 0xfe, 
	0xff, 0xfe, 0xff, 0xfe, 0xff, 0xfe, 0xff, 0xfe, 
	0xff, 0xfe, 0xf7, 0xbd, 0xf7, 0xbd, 0xf7, 0xbd, 
	0xf7, 0xbd, 0xf7, 0xbd, 0xf7, 0xbd, 0xf7, 0xbd, 
	0xff, 0xfe, 0xff, 0xfe, 0xff, 0xfe, 0xff, 0xfe, 
	0xff, 0xfe, 0xff, 0xfe, 0xff, 0xfe, 0xff, 0xfe, 
	0xff, 0xfe, 0xff, 0xfe, 0xf7, 0xbd, 0xf7, 0xbd, 
	0xf7, 0xbd, 0xf7, 0xbd, 0xff, 0xfe, 0xff, 0xfe, 
	0xff, 0xfe, 0xff, 0xfe, 0xff, 0xfe, 0xff, 0xfe, 
	0xff, 0xfe, 0xff, 0xfe, 0xff, 0xfe, 0xff, 0xfe, 
	0xff, 0xfe, 0xff, 0xfe, 0xff, 0xfe, 0xf7, 0xbd, 
	0xf7, 0xbd, 0xf7, 0xbd, 0xff, 0xfe, 0xff, 0xfe, 
	0xff, 0xfe, 0xff, 0xfe, 0xff, 0xfe, 0xff, 0xfe, 
	0xff, 0xfe, 0xff, 0xfe, 0xff, 0xfe, 0xff, 0xfe, 
	0xff, 0xfe, 0xff, 0xfe, 0xff, 0xfe, 0xff, 0xfe, 
	0xff, 0xfe, 0xff, 0xfe, 0xff, 0xfe, 0xff, 0xfe, 
	0xff, 0xfe, 0xff, 0xfe, 0xff, 0xfe, 0xff, 0xfe, 
	0xff, 0xfe, 0xff, 0xfe, 0xff, 0xfe, 0xff, 0xfe, 
	0xff, 0xfe, 0xff, 0xfe, 0xff, 0xfe, 0xff, 0xfe, 
	0xff, 0xfe, 0xff, 0xfe, 0xff, 0xfe, 0xff, 0xfe, 
	0xff, 0xfe, 0xff, 0xfe, 0xff, 0xfe, 0xff, 0xfe, 
	
};

Texture jared_custom_luigi_mustache_ia8[] = {
	0x00, 0x00, 0x00, 0x00, 0x00, 0x00, 0x00, 0x00, 
	0x00, 0x00, 0x00, 0x00, 0x00, 0x00, 0x00, 0x00, 
	0x00, 0x00, 0x00, 0x00, 0x00, 0x00, 0x00, 0x00, 
	0x00, 0x00, 0x00, 0x00, 0x00, 0x00, 0x00, 0x00, 
	0x00, 0x00, 0x00, 0x00, 0x00, 0x00, 0x00, 0x00, 
	0x00, 0x00, 0x00, 0x00, 0x00, 0x00, 0x00, 0x00, 
	0x00, 0x00, 0x00, 0x00, 0x00, 0x00, 0x00, 0x00, 
	0x00, 0x00, 0x00, 0x00, 0x00, 0x00, 0x00, 0x00, 
	0x00, 0x00, 0x00, 0x00, 0x00, 0x00, 0x00, 0x00, 
	0x00, 0x00, 0x00, 0x00, 0x00, 0x00, 0x00, 0x00, 
	0x00, 0x00, 0x00, 0x00, 0x00, 0x00, 0x00, 0x00, 
	0x00, 0x0f, 0x00, 0x00, 0x00, 0x00, 0x00, 0x00, 
	0x00, 0x00, 0x00, 0x00, 0x00, 0x00, 0x00, 0x00, 
	0x00, 0x00, 0x00, 0x00, 0x00, 0x00, 0x00, 0x00, 
	0x00, 0x00, 0x00, 0x00, 0x00, 0x00, 0x00, 0x00, 
	0x0f, 0x0f, 0x00, 0x00, 0x00, 0x00, 0x00, 0x00, 
	0x00, 0x00, 0x00, 0x00, 0x00, 0x00, 0x00, 0x00, 
	0x00, 0x00, 0x00, 0x00, 0x00, 0x00, 0x00, 0x00, 
	0x00, 0x00, 0x00, 0x00, 0x00, 0x00, 0x00, 0x0f, 
	0x0f, 0x0f, 0x0f, 0x00, 0x00, 0x00, 0x00, 0x00, 
	0x00, 0x00, 0x00, 0x00, 0x00, 0x00, 0x00, 0x00, 
	0x00, 0x00, 0x00, 0x00, 0x00, 0x00, 0x00, 0x00, 
	0x00, 0x00, 0x00, 0x00, 0x00, 0x00, 0x0f, 0x0f, 
	0x0f, 0x0f, 0x0f, 0x00, 0x00, 0x00, 0x00, 0x00, 
	0x00, 0x00, 0x00, 0x00, 0x00, 0x00, 0x00, 0x00, 
	0x00, 0x00, 0x00, 0x00, 0x00, 0x00, 0x00, 0x00, 
	0x00, 0x00, 0x00, 0x00, 0x00, 0x0f, 0x0f, 0x0f, 
	0x0f, 0x0f, 0x0f, 0x00, 0x00, 0x00, 0x00, 0x00, 
	0x00, 0x00, 0x00, 0x00, 0x00, 0x00, 0x00, 0x00, 
	0x00, 0x00, 0x00, 0x00, 0x00, 0x00, 0x00, 0x00, 
	0x00, 0x00, 0x00, 0x00, 0x0f, 0x0f, 0x0f, 0x0f, 
	0x0f, 0x0f, 0x0f, 0x0f, 0x00, 0x00, 0x00, 0x00, 
	0x00, 0x00, 0x00, 0x00, 0x00, 0x00, 0x00, 0x00, 
	0x00, 0x00, 0x00, 0x00, 0x00, 0x00, 0x00, 0x00, 
	0x00, 0x00, 0x00, 0x0f, 0x0f, 0x0f, 0x0f, 0x0f, 
	0x0f, 0x0f, 0x0f, 0x0f, 0x00, 0x00, 0x00, 0x00, 
	0x00, 0x00, 0x00, 0x00, 0x00, 0x00, 0x00, 0x00, 
	0x00, 0x00, 0x00, 0x00, 0x00, 0x00, 0x00, 0x00, 
	0x00, 0x00, 0x0f, 0x0f, 0x0f, 0x0f, 0x0f, 0x0f, 
	0x0f, 0x0f, 0x0f, 0x0f, 0x00, 0x00, 0x00, 0x00, 
	0x00, 0x00, 0x00, 0x00, 0x00, 0x00, 0x00, 0x00, 
	0x00, 0x00, 0x00, 0x00, 0x00, 0x00, 0x00, 0x00, 
	0x00, 0x0f, 0x0f, 0x0f, 0x0f, 0x0f, 0x0f, 0x0f, 
	0x0f, 0x0f, 0x0f, 0x0f, 0x00, 0x00, 0x00, 0x00, 
	0x00, 0x00, 0x00, 0x00, 0x00, 0x00, 0x00, 0x00, 
	0x00, 0x00, 0x00, 0x00, 0x00, 0x00, 0x00, 0x00, 
	0x0f, 0x0f, 0x0f, 0x0f, 0x0f, 0x0f, 0x0f, 0x0f, 
	0x0f, 0x0f, 0x0f, 0x0f, 0x00, 0x00, 0x00, 0x00, 
	0x00, 0x00, 0x00, 0x00, 0x00, 0x00, 0x00, 0x00, 
	0x00, 0x00, 0x00, 0x00, 0x00, 0x00, 0x0f, 0x0f, 
	0x0f, 0x0f, 0x0f, 0x0f, 0x0f, 0x0f, 0x0f, 0x0f, 
	0x0f, 0x0f, 0x0f, 0x0f, 0x00, 0x00, 0x00, 0x00, 
	0x00, 0x00, 0x00, 0x00, 0x00, 0x00, 0x00, 0x00, 
	0x00, 0x00, 0x00, 0x00, 0x0f, 0x0f, 0x0f, 0x0f, 
	0x0f, 0x0f, 0x0f, 0x0f, 0x0f, 0x0f, 0x0f, 0x0f, 
	0x0f, 0x0f, 0x0f, 0x0f, 0x00, 0x00, 0x00, 0x00, 
	0x00, 0x00, 0x00, 0x00, 0x00, 0x00, 0x00, 0x00, 
	0x00, 0x0f, 0x0f, 0x0f, 0x0f, 0x0f, 0x0f, 0x0f, 
	0x0f, 0x0f, 0x0f, 0x0f, 0x0f, 0x0f, 0x0f, 0x0f, 
	0x0f, 0x0f, 0x0f, 0x0f, 0x00, 0x00, 0x00, 0x00, 
	0x00, 0x00, 0x00, 0x00, 0x00, 0x0f, 0x0f, 0x0f, 
	0x0f, 0x0f, 0x0f, 0x0f, 0x0f, 0x0f, 0x0f, 0x0f, 
	0x0f, 0x0f, 0x0f, 0x0f, 0x0f, 0x0f, 0x0f, 0x0f, 
	0x0f, 0x0f, 0x0f, 0x00, 0x00, 0x00, 0x00, 0x00, 
	0x00, 0x00, 0x0f, 0x0f, 0x0f, 0x0f, 0x0f, 0x0f, 
	0x0f, 0x0f, 0x0f, 0x0f, 0x0f, 0x0f, 0x0f, 0x0f, 
	0x0f, 0x0f, 0x0f, 0x0f, 0x0f, 0x0f, 0x0f, 0x0f, 
	0x0f, 0x0f, 0x0f, 0x00, 0x00, 0x00, 0x00, 0x00, 
	0x00, 0x00, 0x0f, 0x0f, 0x0f, 0x0f, 0x0f, 0x0f, 
	0x0f, 0x0f, 0x0f, 0x0f, 0x0f, 0x0f, 0x0f, 0x0f, 
	0x0f, 0x0f, 0x0f, 0x0f, 0x0f, 0x0f, 0x0f, 0x0f, 
	0x0f, 0x0f, 0x0f, 0x00, 0x00, 0x00, 0x00, 0x00, 
	0x00, 0x00, 0x0f, 0x0f, 0x0f, 0x0f, 0x0f, 0x0f, 
	0x0f, 0x0f, 0x0f, 0x0f, 0x0f, 0x0f, 0x0f, 0x0f, 
	0x0f, 0x0f, 0x0f, 0x0f, 0x0f, 0x0f, 0x0f, 0x0f, 
	0x0f, 0x0f, 0x00, 0x00, 0x00, 0x00, 0x00, 0x00, 
	0x00, 0x00, 0x0f, 0x0f, 0x0f, 0x0f, 0x0f, 0x0f, 
	0x0f, 0x0f, 0x0f, 0x0f, 0x0f, 0x0f, 0x0f, 0x0f, 
	0x0f, 0x0f, 0x0f, 0x0f, 0x0f, 0x0f, 0x0f, 0x0f, 
	0x0f, 0x0f, 0x00, 0x00, 0x00, 0x00, 0x00, 0x00, 
	0x00, 0x00, 0x0f, 0x0f, 0x0f, 0x0f, 0x0f, 0x0f, 
	0x0f, 0x0f, 0x0f, 0x0f, 0x0f, 0x0f, 0x0f, 0x0f, 
	0x0f, 0x0f, 0x0f, 0x0f, 0x0f, 0x0f, 0x0f, 0x0f, 
	0x0f, 0x00, 0x00, 0x00, 0x00, 0x00, 0x00, 0x00, 
	0x00, 0x00, 0x0f, 0x0f, 0x0f, 0x0f, 0x0f, 0x0f, 
	0x0f, 0x0f, 0x0f, 0x0f, 0x0f, 0x0f, 0x0f, 0x0f, 
	0x0f, 0x0f, 0x0f, 0x0f, 0x0f, 0x0f, 0x0f, 0x0f, 
	0x0f, 0x00, 0x00, 0x00, 0x00, 0x00, 0x00, 0x00, 
	0x00, 0x00, 0x0f, 0x0f, 0x0f, 0x0f, 0x0f, 0x0f, 
	0x0f, 0x0f, 0x0f, 0x0f, 0x0f, 0x0f, 0x0f, 0x0f, 
	0x0f, 0x0f, 0x0f, 0x0f, 0x0f, 0x0f, 0x0f, 0x0f, 
	0x00, 0x00, 0x00, 0x00, 0x00, 0x00, 0x00, 0x00, 
	0x00, 0x00, 0x0f, 0x0f, 0x0f, 0x0f, 0x0f, 0x0f, 
	0x0f, 0x0f, 0x0f, 0x0f, 0x0f, 0x0f, 0x0f, 0x0f, 
	0x0f, 0x0f, 0x0f, 0x0f, 0x0f, 0x0f, 0x0f, 0x00, 
	0x00, 0x00, 0x00, 0x00, 0x00, 0x00, 0x00, 0x00, 
	0x00, 0x00, 0x0f, 0x0f, 0x0f, 0x0f, 0x0f, 0x0f, 
	0x0f, 0x0f, 0x0f, 0x0f, 0x0f, 0x0f, 0x0f, 0x0f, 
	0x0f, 0x0f, 0x0f, 0x0f, 0x0f, 0x0f, 0x00, 0x00, 
	0x00, 0x00, 0x00, 0x00, 0x00, 0x00, 0x00, 0x00, 
	0x00, 0x00, 0x0f, 0x0f, 0x0f, 0x0f, 0x0f, 0x0f, 
	0x0f, 0x0f, 0x0f, 0x0f, 0x0f, 0x0f, 0x0f, 0x0f, 
	0x0f, 0x0f, 0x0f, 0x0f, 0x0f, 0x00, 0x00, 0x00, 
	0x00, 0x00, 0x00, 0x00, 0x00, 0x00, 0x00, 0x00, 
	0x00, 0x00, 0x0f, 0x0f, 0x0f, 0x0f, 0x0f, 0x0f, 
	0x0f, 0x0f, 0x0f, 0x0f, 0x0f, 0x0f, 0x0f, 0x0f, 
	0x0f, 0x0f, 0x0f, 0x0f, 0x00, 0x00, 0x00, 0x00, 
	0x00, 0x00, 0x00, 0x00, 0x00, 0x00, 0x00, 0x00, 
	0x00, 0x00, 0x0f, 0x0f, 0x0f, 0x0f, 0x0f, 0x0f, 
	0x0f, 0x0f, 0x0f, 0x0f, 0x0f, 0x0f, 0x0f, 0x0f, 
	0x0f, 0x0f, 0x00, 0x00, 0x00, 0x00, 0x00, 0x00, 
	0x00, 0x00, 0x00, 0x00, 0x00, 0x00, 0x00, 0x00, 
	0x00, 0x00, 0x00, 0x0f, 0x0f, 0x0f, 0x0f, 0x0f, 
	0x0f, 0x0f, 0x0f, 0x0f, 0x0f, 0x0f, 0x0f, 0x0f, 
	0x00, 0x00, 0x00, 0x00, 0x00, 0x00, 0x00, 0x00, 
	0x00, 0x00, 0x00, 0x00, 0x00, 0x00, 0x00, 0x00, 
	0x00, 0x00, 0x00, 0x00, 0x00, 0x0f, 0x0f, 0x0f, 
	0x0f, 0x0f, 0x0f, 0x0f, 0x0f, 0x00, 0x00, 0x00, 
	0x00, 0x00, 0x00, 0x00, 0x00, 0x00, 0x00, 0x00, 
	0x00, 0x00, 0x00, 0x00, 0x00, 0x00, 0x00, 0x00, 
	0x00, 0x00, 0x00, 0x00, 0x00, 0x00, 0x00, 0x00, 
	0x00, 0x00, 0x00, 0x00, 0x00, 0x00, 0x00, 0x00, 
	0x00, 0x00, 0x00, 0x00, 0x00, 0x00, 0x00, 0x00, 
	0x00, 0x00, 0x00, 0x00, 0x00, 0x00, 0x00, 0x00, 
	0x00, 0x00, 0x00, 0x00, 0x00, 0x00, 0x00, 0x00, 
	0x00, 0x00, 0x00, 0x00, 0x00, 0x00, 0x00, 0x00, 
	0x00, 0x00, 0x00, 0x00, 0x00, 0x00, 0x00, 0x00, 
	0x00, 0x00, 0x00, 0x00, 0x00, 0x00, 0x00, 0x00, 
	
};

Texture jared_wing_2_rgba16[] = {
	0x00, 0x00, 0x00, 0x00, 0x00, 0x00, 0x00, 0x00, 
	0x00, 0x00, 0x00, 0x00, 0x00, 0x00, 0x00, 0x00, 
	0x00, 0x00, 0x00, 0x00, 0x00, 0x00, 0x00, 0x00, 
	0x00, 0x00, 0x00, 0x00, 0x00, 0x00, 0x00, 0x00, 
	0x00, 0x00, 0x00, 0x00, 0x00, 0x00, 0x00, 0x00, 
	0x00, 0x00, 0x00, 0x00, 0x00, 0x00, 0x00, 0x00, 
	0x00, 0x00, 0x00, 0x00, 0x00, 0x00, 0x00, 0x00, 
	0x00, 0x00, 0x00, 0x00, 0x00, 0x00, 0x00, 0x00, 
	0x00, 0x00, 0x00, 0x00, 0x00, 0x00, 0x00, 0x00, 
	0x00, 0x00, 0x00, 0x00, 0x00, 0x00, 0x00, 0x00, 
	0x00, 0x00, 0x00, 0x00, 0x00, 0x00, 0x00, 0x00, 
	0x00, 0x00, 0x00, 0x00, 0x00, 0x00, 0x00, 0x00, 
	0x00, 0x00, 0x00, 0x00, 0x00, 0x00, 0x00, 0x00, 
	0x00, 0x00, 0x00, 0x00, 0x00, 0x00, 0x00, 0x00, 
	0x00, 0x00, 0x00, 0x00, 0x00, 0x00, 0x00, 0x00, 
	0x00, 0x00, 0x00, 0x00, 0x00, 0x00, 0x00, 0x00, 
	0x00, 0x00, 0x00, 0x00, 0x00, 0x00, 0x00, 0x00, 
	0x00, 0x00, 0x00, 0x00, 0x00, 0x00, 0x00, 0x00, 
	0x00, 0x00, 0x00, 0x00, 0x00, 0x00, 0x00, 0x00, 
	0x00, 0x00, 0x00, 0x00, 0x00, 0x00, 0x00, 0x00, 
	0x00, 0x00, 0x00, 0x00, 0x00, 0x00, 0x00, 0x00, 
	0x00, 0x00, 0x00, 0x00, 0x00, 0x00, 0x00, 0x00, 
	0x00, 0x00, 0x00, 0x00, 0x00, 0x00, 0x00, 0x00, 
	0x00, 0x00, 0x00, 0x00, 0x00, 0x00, 0x00, 0x00, 
	0x00, 0x00, 0x00, 0x00, 0x00, 0x00, 0x00, 0x00, 
	0x00, 0x00, 0x00, 0x00, 0x00, 0x00, 0x00, 0x00, 
	0x00, 0x00, 0x00, 0x00, 0x00, 0x00, 0x00, 0x00, 
	0x00, 0x00, 0x00, 0x00, 0x00, 0x00, 0x00, 0x00, 
	0x00, 0x00, 0x00, 0x00, 0x00, 0x00, 0x94, 0xa5, 
	0x00, 0x00, 0x00, 0x00, 0x00, 0x00, 0x00, 0x00, 
	0x00, 0x00, 0x00, 0x00, 0x00, 0x00, 0x00, 0x00, 
	0x00, 0x00, 0x00, 0x00, 0x00, 0x00, 0x00, 0x00, 
	0x00, 0x00, 0x00, 0x00, 0x00, 0x00, 0x00, 0x00, 
	0x00, 0x00, 0x00, 0x00, 0x00, 0x00, 0x00, 0x00, 
	0x00, 0x00, 0x00, 0x00, 0x00, 0x00, 0x00, 0x00, 
	0x00, 0x00, 0x00, 0x00, 0x00, 0x00, 0x00, 0x00, 
	0x00, 0x00, 0x00, 0x00, 0x8c, 0x63, 0xbd, 0xef, 
	0x00, 0x00, 0x00, 0x00, 0x00, 0x00, 0x00, 0x00, 
	0x00, 0x00, 0x00, 0x00, 0x00, 0x00, 0x00, 0x00, 
	0x00, 0x00, 0x00, 0x00, 0x00, 0x00, 0x00, 0x00, 
	0x00, 0x00, 0x00, 0x00, 0x00, 0x00, 0x00, 0x00, 
	0x00, 0x00, 0x00, 0x00, 0x00, 0x00, 0x00, 0x00, 
	0x00, 0x00, 0x00, 0x00, 0x00, 0x00, 0x00, 0x00, 
	0x00, 0x00, 0x00, 0x00, 0x00, 0x00, 0x00, 0x00, 
	0xad, 0x6b, 0xa5, 0x29, 0xb5, 0xad, 0xde, 0xf7, 
	0x00, 0x00, 0x00, 0x00, 0x00, 0x00, 0x00, 0x00, 
	0x00, 0x00, 0x00, 0x00, 0x00, 0x00, 0x00, 0x00, 
	0x00, 0x00, 0x00, 0x00, 0x00, 0x00, 0x00, 0x00, 
	0xb5, 0xad, 0xb5, 0xad, 0xbd, 0xef, 0xbd, 0xef, 
	0xbd, 0xef, 0xbd, 0xef, 0xbd, 0xef, 0xbd, 0xef, 
	0xbd, 0xef, 0xbd, 0xef, 0xbd, 0xef, 0xbd, 0xef, 
	0xc6, 0x31, 0xc6, 0x31, 0xc6, 0x31, 0xc6, 0x31, 
	0xc6, 0x31, 0xce, 0x73, 0xef, 0x7b, 0xce, 0x73, 
	0x00, 0x00, 0x00, 0x00, 0x00, 0x00, 0x00, 0x00, 
	0x00, 0x00, 0x00, 0x00, 0x00, 0x00, 0x00, 0x00, 
	0x00, 0x00, 0x00, 0x00, 0x00, 0x00, 0x00, 0x00, 
	0xc6, 0x31, 0xce, 0x73, 0xd6, 0xb5, 0xd6, 0xb5, 
	0xd6, 0xb5, 0xde, 0xf7, 0xde, 0xf7, 0xde, 0xf7, 
	0xde, 0xf7, 0xde, 0xf7, 0xde, 0xf7, 0xde, 0xf7, 
	0xde, 0xf7, 0xde, 0xf7, 0xde, 0xf7, 0xde, 0xf7, 
	0xde, 0xf7, 0xf7, 0xbd, 0xef, 0x7b, 0xbd, 0xef, 
	0x00, 0x00, 0x00, 0x00, 0x00, 0x00, 0x00, 0x00, 
	0x00, 0x00, 0x00, 0x00, 0x00, 0x00, 0x00, 0x00, 
	0x00, 0x00, 0x00, 0x00, 0x00, 0x00, 0x00, 0x00, 
	0xd6, 0xb5, 0xd6, 0xb5, 0xde, 0xf7, 0xe7, 0x39, 
	0xe7, 0x39, 0xef, 0x7b, 0xef, 0x7b, 0xef, 0x7b, 
	0xef, 0x7b, 0xef, 0x7b, 0xef, 0x7b, 0xef, 0x7b, 
	0xef, 0x7b, 0xef, 0x7b, 0xf7, 0xbd, 0xf7, 0xbd, 
	0xf7, 0xbd, 0xf7, 0xbd, 0xd6, 0xb5, 0xad, 0x6b, 
	0x00, 0x00, 0x00, 0x00, 0x00, 0x00, 0x00, 0x00, 
	0x00, 0x00, 0x00, 0x00, 0x00, 0x00, 0x00, 0x00, 
	0x00, 0x00, 0x00, 0x00, 0x00, 0x00, 0x00, 0x00, 
	0xde, 0xf7, 0xe7, 0x39, 0xef, 0x7b, 0xef, 0x7b, 
	0xf7, 0xbd, 0xf7, 0xbd, 0xf7, 0xbd, 0xf7, 0xbd, 
	0xf7, 0xbd, 0xf7, 0xbd, 0xf7, 0xbd, 0xf7, 0xbd, 
	0xf7, 0xbd, 0xf7, 0xbd, 0xf7, 0xbd, 0xf7, 0xbd, 
	0xf7, 0xbd, 0xe7, 0x39, 0xc6, 0x31, 0x9c, 0xe7, 
	0x00, 0x00, 0x00, 0x00, 0x00, 0x00, 0x00, 0x00, 
	0x00, 0x00, 0x00, 0x00, 0x00, 0x00, 0x00, 0x00, 
	0x00, 0x00, 0x00, 0x00, 0x00, 0x00, 0x00, 0x00, 
	0xe7, 0x39, 0xef, 0x7b, 0xf7, 0xbd, 0xf7, 0xbd, 
	0xf7, 0xbd, 0xf7, 0xbd, 0xf7, 0xbd, 0xf7, 0xbd, 
	0xf7, 0xbd, 0xf7, 0xbd, 0xf7, 0xbd, 0xf7, 0xbd, 
	0xf7, 0xbd, 0xf7, 0xbd, 0xf7, 0xbd, 0xf7, 0xbd, 
	0xef, 0x7b, 0xce, 0x73, 0xb5, 0xad, 0x00, 0x00, 
	0x00, 0x00, 0x00, 0x00, 0x00, 0x00, 0x00, 0x00, 
	0x00, 0x00, 0x00, 0x00, 0x00, 0x00, 0x00, 0x00, 
	0x00, 0x00, 0x00, 0x00, 0x00, 0x00, 0x00, 0x00, 
	0xef, 0x7b, 0xf7, 0xbd, 0xf7, 0xbd, 0xf7, 0xbd, 
	0xf7, 0xbd, 0xf7, 0xbd, 0xf7, 0xbd, 0xf7, 0xbd, 
	0xf7, 0xbd, 0xf7, 0xbd, 0xf7, 0xbd, 0xf7, 0xbd, 
	0xf7, 0xbd, 0xf7, 0xbd, 0xf7, 0xbd, 0xe7, 0x39, 
	0xd6, 0xb5, 0xbd, 0xef, 0x9c, 0xe7, 0x00, 0x00, 
	0x00, 0x00, 0x00, 0x00, 0x00, 0x00, 0x00, 0x00, 
	0x00, 0x00, 0x00, 0x00, 0x00, 0x00, 0x00, 0x00, 
	0x00, 0x00, 0x00, 0x00, 0x00, 0x00, 0x00, 0x00, 
	0xef, 0x7b, 0xef, 0x7b, 0xf7, 0xbd, 0xf7, 0xbd, 
	0xf7, 0xbd, 0xf7, 0xbd, 0xf7, 0xbd, 0xf7, 0xbd, 
	0xf7, 0xbd, 0xf7, 0xbd, 0xf7, 0xbd, 0xf7, 0xbd, 
	0xf7, 0xbd, 0xe7, 0x39, 0xde, 0xf7, 0xce, 0x73, 
	0xbd, 0xef, 0xbd, 0xef, 0x94, 0xa5, 0x00, 0x00, 
	0x00, 0x00, 0x00, 0x00, 0x00, 0x00, 0x00, 0x00, 
	0x00, 0x00, 0x00, 0x00, 0x00, 0x00, 0x00, 0x00, 
	0x00, 0x00, 0x00, 0x00, 0x00, 0x00, 0x00, 0x00, 
	0xde, 0xf7, 0xde, 0xf7, 0xde, 0xf7, 0xde, 0xf7, 
	0xde, 0xf7, 0xde, 0xf7, 0xde, 0xf7, 0xde, 0xf7, 
	0xde, 0xf7, 0xde, 0xf7, 0xde, 0xf7, 0xde, 0xf7, 
	0xd6, 0xb5, 0xce, 0x73, 0xc6, 0x31, 0xb5, 0xad, 
	0xb5, 0xad, 0xbd, 0xef, 0x00, 0x00, 0x00, 0x00, 
	0x00, 0x00, 0x00, 0x00, 0x00, 0x00, 0x00, 0x00, 
	0x00, 0x00, 0x00, 0x00, 0x00, 0x00, 0x00, 0x00, 
	0x00, 0x00, 0x00, 0x00, 0x00, 0x00, 0x00, 0x00, 
	0xc6, 0x31, 0xc6, 0x31, 0xc6, 0x31, 0xc6, 0x31, 
	0xc6, 0x31, 0xc6, 0x31, 0xc6, 0x31, 0xc6, 0x31, 
	0xc6, 0x31, 0xc6, 0x31, 0xbd, 0xef, 0xbd, 0xef, 
	0xbd, 0xef, 0xb5, 0xad, 0xc6, 0x31, 0xd6, 0xb5, 
	0xde, 0xf7, 0xe7, 0x39, 0xd6, 0xb5, 0xce, 0x73, 
	0x00, 0x00, 0x00, 0x00, 0x00, 0x00, 0x00, 0x00, 
	0x00, 0x00, 0x00, 0x00, 0x00, 0x00, 0x00, 0x00, 
	0xbd, 0xef, 0x00, 0x00, 0x00, 0x00, 0x00, 0x00, 
	0xb5, 0xad, 0xb5, 0xad, 0xb5, 0xad, 0xad, 0x6b, 
	0xad, 0x6b, 0xad, 0x6b, 0xad, 0x6b, 0xbd, 0xef, 
	0xc6, 0x31, 0xde, 0xf7, 0xe7, 0x39, 0xe7, 0x39, 
	0xe7, 0x39, 0xef, 0x7b, 0xf7, 0xbd, 0xf7, 0xbd, 
	0xf7, 0xbd, 0xef, 0x7b, 0xef, 0x7b, 0xef, 0x7b, 
	0xe7, 0x39, 0xe7, 0x39, 0xe7, 0x39, 0xde, 0xf7, 
	0xde, 0xf7, 0xde, 0xf7, 0xd6, 0xb5, 0xde, 0xf7, 
	0xd6, 0xb5, 0x00, 0x00, 0x00, 0x00, 0x00, 0x00, 
	0xa5, 0x29, 0xa5, 0x29, 0xa5, 0x29, 0xbd, 0xef, 
	0xc6, 0x31, 0xde, 0xf7, 0xef, 0x7b, 0xf7, 0xbd, 
	0xf7, 0xbd, 0xf7, 0xbd, 0xf7, 0xbd, 0xf7, 0xbd, 
	0xf7, 0xbd, 0xf7, 0xbd, 0xf7, 0xbd, 0xf7, 0xbd, 
	0xf7, 0xbd, 0xf7, 0xbd, 0xf7, 0xbd, 0xf7, 0xbd, 
	0xf7, 0xbd, 0xf7, 0xbd, 0xf7, 0xbd, 0xf7, 0xbd, 
	0xf7, 0xbd, 0xf7, 0xbd, 0xf7, 0xbd, 0xef, 0x7b, 
	0xad, 0x6b, 0x00, 0x00, 0x00, 0x00, 0x00, 0x00, 
	0xb5, 0xad, 0xc6, 0x31, 0xde, 0xf7, 0xe7, 0x39, 
	0xef, 0x7b, 0xef, 0x7b, 0xf7, 0xbd, 0xf7, 0xbd, 
	0xf7, 0xbd, 0xf7, 0xbd, 0xf7, 0xbd, 0xf7, 0xbd, 
	0xf7, 0xbd, 0xf7, 0xbd, 0xf7, 0xbd, 0xf7, 0xbd, 
	0xf7, 0xbd, 0xf7, 0xbd, 0xf7, 0xbd, 0xf7, 0xbd, 
	0xf7, 0xbd, 0xf7, 0xbd, 0xf7, 0xbd, 0xf7, 0xbd, 
	0xf7, 0xbd, 0xf7, 0xbd, 0xef, 0x7b, 0xc6, 0x31, 
	0x00, 0x00, 0x00, 0x00, 0x00, 0x00, 0x00, 0x00, 
	0xd6, 0xb5, 0xd6, 0xb5, 0xde, 0xf7, 0xde, 0xf7, 
	0xe7, 0x39, 0xe7, 0x39, 0xef, 0x7b, 0xef, 0x7b, 
	0xf7, 0xbd, 0xf7, 0xbd, 0xf7, 0xbd, 0xf7, 0xbd, 
	0xf7, 0xbd, 0xf7, 0xbd, 0xf7, 0xbd, 0xf7, 0xbd, 
	0xf7, 0xbd, 0xf7, 0xbd, 0xf7, 0xbd, 0xf7, 0xbd, 
	0xf7, 0xbd, 0xf7, 0xbd, 0xf7, 0xbd, 0xf7, 0xbd, 
	0xf7, 0xbd, 0xef, 0x7b, 0xce, 0x73, 0x9c, 0xe7, 
	0x00, 0x00, 0x00, 0x00, 0x00, 0x00, 0x00, 0x00, 
	0xce, 0x73, 0xd6, 0xb5, 0xd6, 0xb5, 0xd6, 0xb5, 
	0xd6, 0xb5, 0xd6, 0xb5, 0xd6, 0xb5, 0xd6, 0xb5, 
	0xd6, 0xb5, 0xde, 0xf7, 0xde, 0xf7, 0xe7, 0x39, 
	0xef, 0x7b, 0xef, 0x7b, 0xf7, 0xbd, 0xf7, 0xbd, 
	0xf7, 0xbd, 0xf7, 0xbd, 0xf7, 0xbd, 0xf7, 0xbd, 
	0xf7, 0xbd, 0xf7, 0xbd, 0xf7, 0xbd, 0xf7, 0xbd, 
	0xe7, 0x39, 0xc6, 0x31, 0xad, 0x6b, 0x8c, 0x63, 
	0x00, 0x00, 0x00, 0x00, 0x00, 0x00, 0x00, 0x00, 
	0xc6, 0x31, 0xc6, 0x31, 0xc6, 0x31, 0xc6, 0x31, 
	0xc6, 0x31, 0xc6, 0x31, 0xbd, 0xef, 0xc6, 0x31, 
	0xbd, 0xef, 0xc6, 0x31, 0xc6, 0x31, 0xc6, 0x31, 
	0xce, 0x73, 0xce, 0x73, 0xd6, 0xb5, 0xd6, 0xb5, 
	0xde, 0xf7, 0xe7, 0x39, 0xe7, 0x39, 0xef, 0x7b, 
	0xe7, 0x39, 0xe7, 0x39, 0xde, 0xf7, 0xce, 0x73, 
	0xbd, 0xef, 0xad, 0x6b, 0x94, 0xa5, 0x00, 0x00, 
	0x00, 0x00, 0x00, 0x00, 0x00, 0x00, 0x00, 0x00, 
	0xbd, 0xef, 0xb5, 0xad, 0xb5, 0xad, 0xb5, 0xad, 
	0xad, 0x6b, 0xad, 0x6b, 0xad, 0x6b, 0xad, 0x6b, 
	0xad, 0x6b, 0xad, 0x6b, 0xad, 0x6b, 0xad, 0x6b, 
	0xad, 0x6b, 0xb5, 0xad, 0xb5, 0xad, 0xbd, 0xef, 
	0xbd, 0xef, 0xbd, 0xef, 0xc6, 0x31, 0xc6, 0x31, 
	0xc6, 0x31, 0xbd, 0xef, 0xb5, 0xad, 0xad, 0x6b, 
	0xa5, 0x29, 0x94, 0xa5, 0x7b, 0xdf, 0x00, 0x00, 
	0x00, 0x00, 0x00, 0x00, 0x00, 0x00, 0x00, 0x00, 
	0xad, 0x6b, 0xad, 0x6b, 0xa5, 0x29, 0xa5, 0x29, 
	0x9c, 0xe7, 0x9c, 0xe7, 0x9c, 0xe7, 0x94, 0xa5, 
	0x94, 0xa5, 0x94, 0xa5, 0x94, 0xa5, 0x94, 0xa5, 
	0x94, 0xa5, 0x94, 0xa5, 0x9c, 0xe7, 0x9c, 0xe7, 
	0x9c, 0xe7, 0xa5, 0x29, 0xa5, 0x29, 0xa5, 0x29, 
	0xa5, 0x29, 0xa5, 0x29, 0x9c, 0xe7, 0x94, 0xa5, 
	0x94, 0xa5, 0x7b, 0xdf, 0x00, 0x00, 0x00, 0x00, 
	0x00, 0x00, 0x00, 0x00, 0x00, 0x00, 0x00, 0x00, 
	0xa5, 0x29, 0x9c, 0xe7, 0x94, 0xa5, 0x94, 0xa5, 
	0x94, 0xa5, 0x94, 0xa5, 0x8c, 0x63, 0x8c, 0x63, 
	0x8c, 0x63, 0x8c, 0x63, 0x84, 0x21, 0x84, 0x21, 
	0x84, 0x21, 0x8c, 0x63, 0x8c, 0x63, 0x8c, 0x63, 
	0x8c, 0x63, 0x94, 0xa5, 0x94, 0xa5, 0x94, 0xa5, 
	0x94, 0xa5, 0x94, 0xa5, 0x8c, 0x63, 0x84, 0x21, 
	0x73, 0x9d, 0x52, 0x95, 0x00, 0x00, 0x00, 0x00, 
	0x00, 0x00, 0x00, 0x00, 0x00, 0x00, 0x00, 0x00, 
	0x94, 0xa5, 0x94, 0xa5, 0x94, 0xa5, 0x8c, 0x63, 
	0x84, 0x21, 0x84, 0x21, 0x7b, 0xdf, 0x7b, 0xdf, 
	0x73, 0x9d, 0x73, 0x9d, 0x73, 0x9d, 0x73, 0x9d, 
	0x73, 0x9d, 0x73, 0x9d, 0x73, 0x9d, 0x73, 0x9d, 
	0x73, 0x9d, 0x7b, 0xdf, 0x7b, 0xdf, 0x7b, 0xdf, 
	0x7b, 0xdf, 0x7b, 0xdf, 0x73, 0x9d, 0x63, 0x19, 
	0x4a, 0x53, 0x00, 0x00, 0x00, 0x00, 0x00, 0x00, 
	0x00, 0x00, 0x00, 0x00, 0x00, 0x00, 0x00, 0x00, 
	0x94, 0xa5, 0x8c, 0x63, 0x84, 0x21, 0x7b, 0xdf, 
	0x73, 0x9d, 0x73, 0x9d, 0x6b, 0x5b, 0x63, 0x19, 
	0x63, 0x19, 0x5a, 0xd7, 0x5a, 0xd7, 0x52, 0x95, 
	0x52, 0x95, 0x52, 0x95, 0x52, 0x95, 0x5a, 0xd7, 
	0x5a, 0xd7, 0x5a, 0xd7, 0x5a, 0xd7, 0x5a, 0xd7, 
	0x5a, 0xd7, 0x5a, 0xd7, 0x42, 0x11, 0x39, 0xcf, 
	0x00, 0x00, 0x00, 0x00, 0x00, 0x00, 0x00, 0x00, 
	0x00, 0x00, 0x00, 0x00, 0x00, 0x00, 0x00, 0x00, 
	0x84, 0x21, 0x7b, 0xdf, 0x73, 0x9d, 0x6b, 0x5b, 
	0x63, 0x19, 0x5a, 0xd7, 0x4a, 0x53, 0x5a, 0xd7, 
	0x52, 0x95, 0x5a, 0xd7, 0x5a, 0xd7, 0x5a, 0xd7, 
	0x5a, 0xd7, 0x5a, 0xd7, 0x5a, 0xd7, 0x5a, 0xd7, 
	0x5a, 0xd7, 0x5a, 0xd7, 0x52, 0x95, 0x39, 0xcf, 
	0x39, 0xcf, 0x31, 0x8d, 0x00, 0x00, 0x00, 0x00, 
	0x00, 0x00, 0x00, 0x00, 0x00, 0x00, 0x00, 0x00, 
	0x00, 0x00, 0x00, 0x00, 0x00, 0x00, 0x00, 0x00, 
	0x73, 0x9d, 0x6b, 0x5b, 0x5a, 0xd7, 0x63, 0x19, 
	0x5a, 0xd7, 0x63, 0x19, 0x6b, 0x5b, 0x6b, 0x5b, 
	0x63, 0x19, 0x63, 0x19, 0x63, 0x19, 0x63, 0x19, 
	0x63, 0x19, 0x63, 0x19, 0x63, 0x19, 0x5a, 0xd7, 
	0x5a, 0xd7, 0x5a, 0xd7, 0x42, 0x11, 0x00, 0x00, 
	0x00, 0x00, 0x00, 0x00, 0x00, 0x00, 0x00, 0x00, 
	0x00, 0x00, 0x00, 0x00, 0x00, 0x00, 0x00, 0x00, 
	0x00, 0x00, 0x00, 0x00, 0x00, 0x00, 0x00, 0x00, 
	0x63, 0x19, 0x6b, 0x5b, 0x63, 0x19, 0x63, 0x19, 
	0x5a, 0xd7, 0x7b, 0xdf, 0x84, 0x21, 0x8c, 0x63, 
	0x9c, 0xe7, 0xa5, 0x29, 0xa5, 0x29, 0xad, 0x6b, 
	0xad, 0x6b, 0xad, 0x6b, 0xad, 0x6b, 0xad, 0x6b, 
	0xa5, 0x29, 0xbd, 0xef, 0x00, 0x00, 0x00, 0x00, 
	0x00, 0x00, 0x00, 0x00, 0x00, 0x00, 0x00, 0x00, 
	0x00, 0x00, 0x00, 0x00, 0x00, 0x00, 0x00, 0x00, 
	0x00, 0x00, 0x00, 0x00, 0x00, 0x00, 0x00, 0x00, 
	0x63, 0x19, 0x84, 0x21, 0xa5, 0x29, 0xbd, 0xef, 
	0xe7, 0x39, 0xef, 0x7b, 0xef, 0x7b, 0xef, 0x7b, 
	0xef, 0x7b, 0xf7, 0xbd, 0xf7, 0xbd, 0xf7, 0xbd, 
	0xf7, 0xbd, 0xf7, 0xbd, 0xf7, 0xbd, 0xf7, 0xbd, 
	0xf7, 0xbd, 0xf7, 0xbd, 0xf7, 0xbd, 0x00, 0x00, 
	0x00, 0x00, 0x00, 0x00, 0x00, 0x00, 0x00, 0x00, 
	0x00, 0x00, 0x00, 0x00, 0x00, 0x00, 0x00, 0x00, 
	0x00, 0x00, 0x00, 0x00, 0x00, 0x00, 0x00, 0x00, 
	0xc6, 0x31, 0xd6, 0xb5, 0xde, 0xf7, 0xde, 0xf7, 
	0xde, 0xf7, 0xde, 0xf7, 0xde, 0xf7, 0xe7, 0x39, 
	0xe7, 0x39, 0xe7, 0x39, 0xef, 0x7b, 0xef, 0x7b, 
	0xef, 0x7b, 0xf7, 0xbd, 0xf7, 0xbd, 0xf7, 0xbd, 
	0xf7, 0xbd, 0xf7, 0xbd, 0xf7, 0xbd, 0xf7, 0xbd, 
	0x00, 0x00, 0x00, 0x00, 0x00, 0x00, 0x00, 0x00, 
	0x00, 0x00, 0x00, 0x00, 0x00, 0x00, 0x00, 0x00, 
	0x00, 0x00, 0x00, 0x00, 0x00, 0x00, 0x00, 0x00, 
	0xce, 0x73, 0xce, 0x73, 0xce, 0x73, 0xd6, 0xb5, 
	0xd6, 0xb5, 0xd6, 0xb5, 0xd6, 0xb5, 0xd6, 0xb5, 
	0xde, 0xf7, 0xde, 0xf7, 0xde, 0xf7, 0xde, 0xf7, 
	0xe7, 0x39, 0xe7, 0x39, 0xe7, 0x39, 0xef, 0x7b, 
	0xef, 0x7b, 0xf7, 0xbd, 0xf7, 0xbd, 0xf7, 0xbd, 
	0xe7, 0x39, 0x00, 0x00, 0x00, 0x00, 0x00, 0x00, 
	0x00, 0x00, 0x00, 0x00, 0x00, 0x00, 0x00, 0x00, 
	0x00, 0x00, 0x00, 0x00, 0x00, 0x00, 0x00, 0x00, 
	0xc6, 0x31, 0xc6, 0x31, 0xc6, 0x31, 0xce, 0x73, 
	0xce, 0x73, 0xce, 0x73, 0xce, 0x73, 0xce, 0x73, 
	0xce, 0x73, 0xce, 0x73, 0xd6, 0xb5, 0xd6, 0xb5, 
	0xd6, 0xb5, 0xd6, 0xb5, 0xd6, 0xb5, 0xde, 0xf7, 
	0xde, 0xf7, 0xde, 0xf7, 0xe7, 0x39, 0xe7, 0x39, 
	0xce, 0x73, 0x00, 0x00, 0x00, 0x00, 0x00, 0x00, 
	0x00, 0x00, 0x00, 0x00, 0x00, 0x00, 0x00, 0x00, 
	0x00, 0x00, 0x00, 0x00, 0x00, 0x00, 0x00, 0x00, 
	0xbd, 0xef, 0xbd, 0xef, 0xbd, 0xef, 0xbd, 0xef, 
	0xbd, 0xef, 0xc6, 0x31, 0xc6, 0x31, 0xc6, 0x31, 
	0xc6, 0x31, 0xc6, 0x31, 0xc6, 0x31, 0xc6, 0x31, 
	0xc6, 0x31, 0xc6, 0x31, 0xce, 0x73, 0xce, 0x73, 
	0xce, 0x73, 0xce, 0x73, 0xce, 0x73, 0xc6, 0x31, 
	0xa5, 0x29, 0x00, 0x00, 0x00, 0x00, 0x00, 0x00, 
	0x00, 0x00, 0x00, 0x00, 0x00, 0x00, 0x00, 0x00, 
	0x00, 0x00, 0x00, 0x00, 0x00, 0x00, 0x00, 0x00, 
	0xad, 0x6b, 0xb5, 0xad, 0xb5, 0xad, 0xb5, 0xad, 
	0xb5, 0xad, 0xb5, 0xad, 0xb5, 0xad, 0xbd, 0xef, 
	0xbd, 0xef, 0xbd, 0xef, 0xbd, 0xef, 0xbd, 0xef, 
	0xbd, 0xef, 0xbd, 0xef, 0xbd, 0xef, 0xbd, 0xef, 
	0xb5, 0xad, 0xb5, 0xad, 0xad, 0x6b, 0x94, 0xa5, 
	0x00, 0x00, 0x00, 0x00, 0x00, 0x00, 0x00, 0x00, 
	0x00, 0x00, 0x00, 0x00, 0x00, 0x00, 0x00, 0x00, 
	0x00, 0x00, 0x00, 0x00, 0x00, 0x00, 0x00, 0x00, 
	0xa5, 0x29, 0xa5, 0x29, 0xa5, 0x29, 0xa5, 0x29, 
	0xad, 0x6b, 0xad, 0x6b, 0xad, 0x6b, 0xad, 0x6b, 
	0xad, 0x6b, 0xad, 0x6b, 0xad, 0x6b, 0xad, 0x6b, 
	0xad, 0x6b, 0xad, 0x6b, 0xa5, 0x29, 0xa5, 0x29, 
	0xa5, 0x29, 0x94, 0xa5, 0x84, 0x21, 0x00, 0x00, 
	0x00, 0x00, 0x00, 0x00, 0x00, 0x00, 0x00, 0x00, 
	0x00, 0x00, 0x00, 0x00, 0x00, 0x00, 0x00, 0x00, 
	0x00, 0x00, 0x00, 0x00, 0x00, 0x00, 0x00, 0x00, 
	0x94, 0xa5, 0x94, 0xa5, 0x94, 0xa5, 0x94, 0xa5, 
	0x9c, 0xe7, 0x9c, 0xe7, 0x9c, 0xe7, 0x9c, 0xe7, 
	0x9c, 0xe7, 0x9c, 0xe7, 0x9c, 0xe7, 0x9c, 0xe7, 
	0x94, 0xa5, 0x94, 0xa5, 0x94, 0xa5, 0x8c, 0x63, 
	0x73, 0x9d, 0x52, 0x95, 0x00, 0x00, 0x00, 0x00, 
	0x00, 0x00, 0x00, 0x00, 0x00, 0x00, 0x00, 0x00, 
	0x00, 0x00, 0x00, 0x00, 0x00, 0x00, 0x00, 0x00, 
	0x00, 0x00, 0x00, 0x00, 0x00, 0x00, 0x00, 0x00, 
	0x73, 0x9d, 0x7b, 0xdf, 0x84, 0x21, 0x84, 0x21, 
	0x84, 0x21, 0x8c, 0x63, 0x8c, 0x63, 0x8c, 0x63, 
	0x8c, 0x63, 0x84, 0x21, 0x84, 0x21, 0x84, 0x21, 
	0x7b, 0xdf, 0x6b, 0x5b, 0x5a, 0xd7, 0x52, 0x95, 
	0x00, 0x00, 0x00, 0x00, 0x00, 0x00, 0x00, 0x00, 
	0x00, 0x00, 0x00, 0x00, 0x00, 0x00, 0x00, 0x00, 
	0x00, 0x00, 0x00, 0x00, 0x00, 0x00, 0x00, 0x00, 
	0x00, 0x00, 0x00, 0x00, 0x00, 0x00, 0x00, 0x00, 
	0x84, 0x21, 0x73, 0x9d, 0x63, 0x19, 0x5a, 0xd7, 
	0x5a, 0xd7, 0x5a, 0xd7, 0x5a, 0xd7, 0x5a, 0xd7, 
	0x5a, 0xd7, 0x52, 0x95, 0x5a, 0xd7, 0x4a, 0x53, 
	0x39, 0xcf, 0x00, 0x00, 0x00, 0x00, 0x00, 0x00, 
	0x00, 0x00, 0x00, 0x00, 0x00, 0x00, 0x00, 0x00, 
	0x00, 0x00, 0x00, 0x00, 0x00, 0x00, 0x00, 0x00, 
	0x00, 0x00, 0x00, 0x00, 0x00, 0x00, 0x00, 0x00, 
	0x00, 0x00, 0x00, 0x00, 0x00, 0x00, 0x00, 0x00, 
	0xe7, 0x39, 0xe7, 0x39, 0xe7, 0x39, 0xde, 0xf7, 
	0xce, 0x73, 0xc6, 0x31, 0xad, 0x6b, 0x9c, 0xe7, 
	0x9c, 0xe7, 0x84, 0x21, 0x7b, 0xdf, 0x6b, 0x5b, 
	0x00, 0x00, 0x00, 0x00, 0x00, 0x00, 0x00, 0x00, 
	0x00, 0x00, 0x00, 0x00, 0x00, 0x00, 0x00, 0x00, 
	0x00, 0x00, 0x00, 0x00, 0x00, 0x00, 0x00, 0x00, 
	0x00, 0x00, 0x00, 0x00, 0x00, 0x00, 0x00, 0x00, 
	0x00, 0x00, 0x00, 0x00, 0x00, 0x00, 0x00, 0x00, 
	0xd6, 0xb5, 0xd6, 0xb5, 0xde, 0xf7, 0xde, 0xf7, 
	0xde, 0xf7, 0xe7, 0x39, 0xe7, 0x39, 0xef, 0x7b, 
	0xef, 0x7b, 0xf7, 0xbd, 0xf7, 0xbd, 0xf7, 0xbd, 
	0xbd, 0xef, 0x00, 0x00, 0x00, 0x00, 0x00, 0x00, 
	0x00, 0x00, 0x00, 0x00, 0x00, 0x00, 0x00, 0x00, 
	0x00, 0x00, 0x00, 0x00, 0x00, 0x00, 0x00, 0x00, 
	0x00, 0x00, 0x00, 0x00, 0x00, 0x00, 0x00, 0x00, 
	0x00, 0x00, 0x00, 0x00, 0x00, 0x00, 0x00, 0x00, 
	0xc6, 0x31, 0xc6, 0x31, 0xce, 0x73, 0xce, 0x73, 
	0xce, 0x73, 0xce, 0x73, 0xd6, 0xb5, 0xd6, 0xb5, 
	0xd6, 0xb5, 0xd6, 0xb5, 0xd6, 0xb5, 0xd6, 0xb5, 
	0xb5, 0xad, 0x00, 0x00, 0x00, 0x00, 0x00, 0x00, 
	0x00, 0x00, 0x00, 0x00, 0x00, 0x00, 0x00, 0x00, 
	0x00, 0x00, 0x00, 0x00, 0x00, 0x00, 0x00, 0x00, 
	0x00, 0x00, 0x00, 0x00, 0x00, 0x00, 0x00, 0x00, 
	0x00, 0x00, 0x00, 0x00, 0x00, 0x00, 0x00, 0x00, 
	0xb5, 0xad, 0xb5, 0xad, 0xbd, 0xef, 0xbd, 0xef, 
	0xbd, 0xef, 0xbd, 0xef, 0xbd, 0xef, 0xbd, 0xef, 
	0xbd, 0xef, 0xbd, 0xef, 0xb5, 0xad, 0x9c, 0xe7, 
	0x00, 0x00, 0x00, 0x00, 0x00, 0x00, 0x00, 0x00, 
	0x00, 0x00, 0x00, 0x00, 0x00, 0x00, 0x00, 0x00, 
	0x00, 0x00, 0x00, 0x00, 0x00, 0x00, 0x00, 0x00, 
	0x00, 0x00, 0x00, 0x00, 0x00, 0x00, 0x00, 0x00, 
	0x00, 0x00, 0x00, 0x00, 0x00, 0x00, 0x00, 0x00, 
	0xa5, 0x29, 0xa5, 0x29, 0xa5, 0x29, 0xa5, 0x29, 
	0xa5, 0x29, 0xa5, 0x29, 0xa5, 0x29, 0xa5, 0x29, 
	0x9c, 0xe7, 0x94, 0xa5, 0x84, 0x21, 0x00, 0x00, 
	0x00, 0x00, 0x00, 0x00, 0x00, 0x00, 0x00, 0x00, 
	0x00, 0x00, 0x00, 0x00, 0x00, 0x00, 0x00, 0x00, 
	0x00, 0x00, 0x00, 0x00, 0x00, 0x00, 0x00, 0x00, 
	0x00, 0x00, 0x00, 0x00, 0x00, 0x00, 0x00, 0x00, 
	0x00, 0x00, 0x00, 0x00, 0x00, 0x00, 0x00, 0x00, 
	0x94, 0xa5, 0x94, 0xa5, 0x94, 0xa5, 0x94, 0xa5, 
	0x94, 0xa5, 0x8c, 0x63, 0x8c, 0x63, 0x84, 0x21, 
	0x73, 0x9d, 0x5a, 0xd7, 0x00, 0x00, 0x00, 0x00, 
	0x00, 0x00, 0x00, 0x00, 0x00, 0x00, 0x00, 0x00, 
	0x00, 0x00, 0x00, 0x00, 0x00, 0x00, 0x00, 0x00, 
	0x00, 0x00, 0x00, 0x00, 0x00, 0x00, 0x00, 0x00, 
	0x00, 0x00, 0x00, 0x00, 0x00, 0x00, 0x00, 0x00, 
	0x00, 0x00, 0x00, 0x00, 0x00, 0x00, 0x00, 0x00, 
	0x73, 0x9d, 0x73, 0x9d, 0x6b, 0x5b, 0x6b, 0x5b, 
	0x63, 0x19, 0x5a, 0xd7, 0x4a, 0x53, 0x42, 0x11, 
	0x00, 0x00, 0x00, 0x00, 0x00, 0x00, 0x00, 0x00, 
	0x00, 0x00, 0x00, 0x00, 0x00, 0x00, 0x00, 0x00, 
	0x00, 0x00, 0x00, 0x00, 0x00, 0x00, 0x00, 0x00, 
	0x00, 0x00, 0x00, 0x00, 0x00, 0x00, 0x00, 0x00, 
	0x00, 0x00, 0x00, 0x00, 0x00, 0x00, 0x00, 0x00, 
	0x00, 0x00, 0x00, 0x00, 0x00, 0x00, 0x00, 0x00, 
	0x4a, 0x53, 0x42, 0x11, 0x42, 0x11, 0x42, 0x11, 
	0x42, 0x11, 0x42, 0x11, 0x00, 0x00, 0x00, 0x00, 
	0x00, 0x00, 0x00, 0x00, 0x00, 0x00, 0x00, 0x00, 
	0x00, 0x00, 0x00, 0x00, 0x00, 0x00, 0x00, 0x00, 
	0x00, 0x00, 0x00, 0x00, 0x00, 0x00, 0x00, 0x00, 
	0x00, 0x00, 0x00, 0x00, 0x00, 0x00, 0x00, 0x00, 
	0x00, 0x00, 0x00, 0x00, 0x00, 0x00, 0x00, 0x00, 
	0x00, 0x00, 0x00, 0x00, 0x00, 0x00, 0x00, 0x00, 
	0x6b, 0x5b, 0x6b, 0x5b, 0x6b, 0x5b, 0x73, 0x9d, 
	0x73, 0x9d, 0x7b, 0xdf, 0x00, 0x00, 0x00, 0x00, 
	0x00, 0x00, 0x00, 0x00, 0x00, 0x00, 0x00, 0x00, 
	0x00, 0x00, 0x00, 0x00, 0x00, 0x00, 0x00, 0x00, 
	0x00, 0x00, 0x00, 0x00, 0x00, 0x00, 0x00, 0x00, 
	0x00, 0x00, 0x00, 0x00, 0x00, 0x00, 0x00, 0x00, 
	0x00, 0x00, 0x00, 0x00, 0x00, 0x00, 0x00, 0x00, 
	0x00, 0x00, 0x00, 0x00, 0x00, 0x00, 0x00, 0x00, 
	0xc6, 0x31, 0xc6, 0x31, 0xc6, 0x31, 0xc6, 0x31, 
	0xc6, 0x31, 0xad, 0x6b, 0x00, 0x00, 0x00, 0x00, 
	0x00, 0x00, 0x00, 0x00, 0x00, 0x00, 0x00, 0x00, 
	0x00, 0x00, 0x00, 0x00, 0x00, 0x00, 0x00, 0x00, 
	0x00, 0x00, 0x00, 0x00, 0x00, 0x00, 0x00, 0x00, 
	0x00, 0x00, 0x00, 0x00, 0x00, 0x00, 0x00, 0x00, 
	0x00, 0x00, 0x00, 0x00, 0x00, 0x00, 0x00, 0x00, 
	0x00, 0x00, 0x00, 0x00, 0x00, 0x00, 0x00, 0x00, 
	0xad, 0x6b, 0xad, 0x6b, 0xad, 0x6b, 0xa5, 0x29, 
	0x94, 0xa5, 0x73, 0x9d, 0x00, 0x00, 0x00, 0x00, 
	0x00, 0x00, 0x00, 0x00, 0x00, 0x00, 0x00, 0x00, 
	0x00, 0x00, 0x00, 0x00, 0x00, 0x00, 0x00, 0x00, 
	0x00, 0x00, 0x00, 0x00, 0x00, 0x00, 0x00, 0x00, 
	0x00, 0x00, 0x00, 0x00, 0x00, 0x00, 0x00, 0x00, 
	0x00, 0x00, 0x00, 0x00, 0x00, 0x00, 0x00, 0x00, 
	0x00, 0x00, 0x00, 0x00, 0x00, 0x00, 0x00, 0x00, 
	0x94, 0xa5, 0x94, 0xa5, 0x8c, 0x63, 0x73, 0x9d, 
	0x00, 0x00, 0x00, 0x00, 0x00, 0x00, 0x00, 0x00, 
	0x00, 0x00, 0x00, 0x00, 0x00, 0x00, 0x00, 0x00, 
	0x00, 0x00, 0x00, 0x00, 0x00, 0x00, 0x00, 0x00, 
	0x00, 0x00, 0x00, 0x00, 0x00, 0x00, 0x00, 0x00, 
	0x00, 0x00, 0x00, 0x00, 0x00, 0x00, 0x00, 0x00, 
	0x00, 0x00, 0x00, 0x00, 0x00, 0x00, 0x00, 0x00, 
	0x00, 0x00, 0x00, 0x00, 0x00, 0x00, 0x00, 0x00, 
	0x63, 0x19, 0x52, 0x95, 0x42, 0x11, 0x00, 0x00, 
	0x00, 0x00, 0x00, 0x00, 0x00, 0x00, 0x00, 0x00, 
	0x00, 0x00, 0x00, 0x00, 0x00, 0x00, 0x00, 0x00, 
	0x00, 0x00, 0x00, 0x00, 0x00, 0x00, 0x00, 0x00, 
	0x00, 0x00, 0x00, 0x00, 0x00, 0x00, 0x00, 0x00, 
	0x00, 0x00, 0x00, 0x00, 0x00, 0x00, 0x00, 0x00, 
	0x00, 0x00, 0x00, 0x00, 0x00, 0x00, 0x00, 0x00, 
	0x00, 0x00, 0x00, 0x00, 0x00, 0x00, 0x00, 0x00, 
	0x00, 0x00, 0x00, 0x00, 0x00, 0x00, 0x00, 0x00, 
	0x00, 0x00, 0x00, 0x00, 0x00, 0x00, 0x00, 0x00, 
	0x00, 0x00, 0x00, 0x00, 0x00, 0x00, 0x00, 0x00, 
	0x00, 0x00, 0x00, 0x00, 0x00, 0x00, 0x00, 0x00, 
	0x00, 0x00, 0x00, 0x00, 0x00, 0x00, 0x00, 0x00, 
	0x00, 0x00, 0x00, 0x00, 0x00, 0x00, 0x00, 0x00, 
	0x00, 0x00, 0x00, 0x00, 0x00, 0x00, 0x00, 0x00, 
	0x00, 0x00, 0x00, 0x00, 0x00, 0x00, 0x00, 0x00, 
	0x00, 0x00, 0x00, 0x00, 0x00, 0x00, 0x00, 0x00, 
	0x00, 0x00, 0x00, 0x00, 0x00, 0x00, 0x00, 0x00, 
	0x00, 0x00, 0x00, 0x00, 0x00, 0x00, 0x00, 0x00, 
	0x00, 0x00, 0x00, 0x00, 0x00, 0x00, 0x00, 0x00, 
	0x00, 0x00, 0x00, 0x00, 0x00, 0x00, 0x00, 0x00, 
	0x00, 0x00, 0x00, 0x00, 0x00, 0x00, 0x00, 0x00, 
	0x00, 0x00, 0x00, 0x00, 0x00, 0x00, 0x00, 0x00, 
	0x00, 0x00, 0x00, 0x00, 0x00, 0x00, 0x00, 0x00, 
	0x00, 0x00, 0x00, 0x00, 0x00, 0x00, 0x00, 0x00, 
	0x00, 0x00, 0x00, 0x00, 0x00, 0x00, 0x00, 0x00, 
	0x00, 0x00, 0x00, 0x00, 0x00, 0x00, 0x00, 0x00, 
	0x00, 0x00, 0x00, 0x00, 0x00, 0x00, 0x00, 0x00, 
	0x00, 0x00, 0x00, 0x00, 0x00, 0x00, 0x00, 0x00, 
	0x00, 0x00, 0x00, 0x00, 0x00, 0x00, 0x00, 0x00, 
	0x00, 0x00, 0x00, 0x00, 0x00, 0x00, 0x00, 0x00, 
	0x00, 0x00, 0x00, 0x00, 0x00, 0x00, 0x00, 0x00, 
	0x00, 0x00, 0x00, 0x00, 0x00, 0x00, 0x00, 0x00, 
	0x00, 0x00, 0x00, 0x00, 0x00, 0x00, 0x00, 0x00, 
	0x00, 0x00, 0x00, 0x00, 0x00, 0x00, 0x00, 0x00, 
	0x00, 0x00, 0x00, 0x00, 0x00, 0x00, 0x00, 0x00, 
	0x00, 0x00, 0x00, 0x00, 0x00, 0x00, 0x00, 0x00, 
	0x00, 0x00, 0x00, 0x00, 0x00, 0x00, 0x00, 0x00, 
	0x00, 0x00, 0x00, 0x00, 0x00, 0x00, 0x00, 0x00, 
	0x00, 0x00, 0x00, 0x00, 0x00, 0x00, 0x00, 0x00, 
	0x00, 0x00, 0x00, 0x00, 0x00, 0x00, 0x00, 0x00, 
	0x00, 0x00, 0x00, 0x00, 0x00, 0x00, 0x00, 0x00, 
	0x00, 0x00, 0x00, 0x00, 0x00, 0x00, 0x00, 0x00, 
	0x00, 0x00, 0x00, 0x00, 0x00, 0x00, 0x00, 0x00, 
	0x00, 0x00, 0x00, 0x00, 0x00, 0x00, 0x00, 0x00, 
	0x00, 0x00, 0x00, 0x00, 0x00, 0x00, 0x00, 0x00, 
	0x00, 0x00, 0x00, 0x00, 0x00, 0x00, 0x00, 0x00, 
	0x00, 0x00, 0x00, 0x00, 0x00, 0x00, 0x00, 0x00, 
	0x00, 0x00, 0x00, 0x00, 0x00, 0x00, 0x00, 0x00, 
	0x00, 0x00, 0x00, 0x00, 0x00, 0x00, 0x00, 0x00, 
	0x00, 0x00, 0x00, 0x00, 0x00, 0x00, 0x00, 0x00, 
	0x00, 0x00, 0x00, 0x00, 0x00, 0x00, 0x00, 0x00, 
	0x00, 0x00, 0x00, 0x00, 0x00, 0x00, 0x00, 0x00, 
	0x00, 0x00, 0x00, 0x00, 0x00, 0x00, 0x00, 0x00, 
	0x00, 0x00, 0x00, 0x00, 0x00, 0x00, 0x00, 0x00, 
	0x00, 0x00, 0x00, 0x00, 0x00, 0x00, 0x00, 0x00, 
	0x00, 0x00, 0x00, 0x00, 0x00, 0x00, 0x00, 0x00, 
	0x00, 0x00, 0x00, 0x00, 0x00, 0x00, 0x00, 0x00, 
	0x00, 0x00, 0x00, 0x00, 0x00, 0x00, 0x00, 0x00, 
	0x00, 0x00, 0x00, 0x00, 0x00, 0x00, 0x00, 0x00, 
	0x00, 0x00, 0x00, 0x00, 0x00, 0x00, 0x00, 0x00, 
	0x00, 0x00, 0x00, 0x00, 0x00, 0x00, 0x00, 0x00, 
	0x00, 0x00, 0x00, 0x00, 0x00, 0x00, 0x00, 0x00, 
	0x00, 0x00, 0x00, 0x00, 0x00, 0x00, 0x00, 0x00, 
	0x00, 0x00, 0x00, 0x00, 0x00, 0x00, 0x00, 0x00, 
	0x00, 0x00, 0x00, 0x00, 0x00, 0x00, 0x00, 0x00, 
	0x00, 0x00, 0x00, 0x00, 0x00, 0x00, 0x00, 0x00, 
	0x00, 0x00, 0x00, 0x00, 0x00, 0x00, 0x00, 0x00, 
	0x00, 0x00, 0x00, 0x00, 0x00, 0x00, 0x00, 0x00, 
	0x00, 0x00, 0x00, 0x00, 0x00, 0x00, 0x00, 0x00, 
	0x00, 0x00, 0x00, 0x00, 0x00, 0x00, 0x00, 0x00, 
	0x00, 0x00, 0x00, 0x00, 0x00, 0x00, 0x00, 0x00, 
	0x00, 0x00, 0x00, 0x00, 0x00, 0x00, 0x00, 0x00, 
	0x00, 0x00, 0x00, 0x00, 0x00, 0x00, 0x00, 0x00, 
	0x00, 0x00, 0x00, 0x00, 0x00, 0x00, 0x00, 0x00, 
	0x00, 0x00, 0x00, 0x00, 0x00, 0x00, 0x00, 0x00, 
	0x00, 0x00, 0x00, 0x00, 0x00, 0x00, 0x00, 0x00, 
	0x00, 0x00, 0x00, 0x00, 0x00, 0x00, 0x00, 0x00, 
	0x00, 0x00, 0x00, 0x00, 0x00, 0x00, 0x00, 0x00, 
	0x00, 0x00, 0x00, 0x00, 0x00, 0x00, 0x00, 0x00, 
	0x00, 0x00, 0x00, 0x00, 0x00, 0x00, 0x00, 0x00, 
	0x00, 0x00, 0x00, 0x00, 0x00, 0x00, 0x00, 0x00, 
	0x00, 0x00, 0x00, 0x00, 0x00, 0x00, 0x00, 0x00, 
	0x00, 0x00, 0x00, 0x00, 0x00, 0x00, 0x00, 0x00, 
	0x00, 0x00, 0x00, 0x00, 0x00, 0x00, 0x00, 0x00, 
	0x00, 0x00, 0x00, 0x00, 0x00, 0x00, 0x00, 0x00, 
	0x00, 0x00, 0x00, 0x00, 0x00, 0x00, 0x00, 0x00, 
	0x00, 0x00, 0x00, 0x00, 0x00, 0x00, 0x00, 0x00, 
	0x00, 0x00, 0x00, 0x00, 0x00, 0x00, 0x00, 0x00, 
	0x00, 0x00, 0x00, 0x00, 0x00, 0x00, 0x00, 0x00, 
	0x00, 0x00, 0x00, 0x00, 0x00, 0x00, 0x00, 0x00, 
	0x00, 0x00, 0x00, 0x00, 0x00, 0x00, 0x00, 0x00, 
	0x00, 0x00, 0x00, 0x00, 0x00, 0x00, 0x00, 0x00, 
	0x00, 0x00, 0x00, 0x00, 0x00, 0x00, 0x00, 0x00, 
	0x00, 0x00, 0x00, 0x00, 0x00, 0x00, 0x00, 0x00, 
	0x00, 0x00, 0x00, 0x00, 0x00, 0x00, 0x00, 0x00, 
	0x00, 0x00, 0x00, 0x00, 0x00, 0x00, 0x00, 0x00, 
	0x00, 0x00, 0x00, 0x00, 0x00, 0x00, 0x00, 0x00, 
	0x00, 0x00, 0x00, 0x00, 0x00, 0x00, 0x00, 0x00, 
	0x00, 0x00, 0x00, 0x00, 0x00, 0x00, 0x00, 0x00, 
	0x00, 0x00, 0x00, 0x00, 0x00, 0x00, 0x00, 0x00, 
	0x00, 0x00, 0x00, 0x00, 0x00, 0x00, 0x00, 0x00, 
	0x00, 0x00, 0x00, 0x00, 0x00, 0x00, 0x00, 0x00, 
	0x00, 0x00, 0x00, 0x00, 0x00, 0x00, 0x00, 0x00, 
	
};

Texture jared_wing1_rgba16[] = {
	0x00, 0x00, 0x00, 0x00, 0x00, 0x00, 0x00, 0x00, 
	0x00, 0x00, 0x00, 0x00, 0x00, 0x00, 0x00, 0x00, 
	0x00, 0x00, 0x00, 0x00, 0x00, 0x00, 0x00, 0x00, 
	0x00, 0x00, 0x00, 0x00, 0x00, 0x00, 0x00, 0x00, 
	0x00, 0x00, 0x00, 0x00, 0x00, 0x00, 0x00, 0x00, 
	0x00, 0x00, 0x00, 0x00, 0x00, 0x00, 0x00, 0x00, 
	0x00, 0x00, 0x00, 0x00, 0x00, 0x00, 0x00, 0x00, 
	0x00, 0x00, 0x00, 0x00, 0x00, 0x00, 0x00, 0x00, 
	0x00, 0x00, 0x00, 0x00, 0x00, 0x00, 0x00, 0x00, 
	0x00, 0x00, 0x00, 0x00, 0x00, 0x00, 0x00, 0x00, 
	0x00, 0x00, 0x00, 0x00, 0x00, 0x00, 0x00, 0x00, 
	0x00, 0x00, 0x00, 0x00, 0x00, 0x00, 0x00, 0x00, 
	0x00, 0x00, 0x00, 0x00, 0x00, 0x00, 0x00, 0x00, 
	0x00, 0x00, 0x00, 0x00, 0x00, 0x00, 0x00, 0x00, 
	0x00, 0x00, 0x00, 0x00, 0x00, 0x00, 0x00, 0x00, 
	0x00, 0x00, 0x00, 0x00, 0x00, 0x00, 0x00, 0x00, 
	0x00, 0x00, 0x00, 0x00, 0x00, 0x00, 0x00, 0x00, 
	0x00, 0x00, 0x00, 0x00, 0x00, 0x00, 0x00, 0x00, 
	0x00, 0x00, 0x00, 0x00, 0x00, 0x00, 0x00, 0x00, 
	0x00, 0x00, 0x00, 0x00, 0x00, 0x00, 0x00, 0x00, 
	0x00, 0x00, 0x00, 0x00, 0x00, 0x00, 0x00, 0x00, 
	0x00, 0x00, 0x00, 0x00, 0x00, 0x00, 0x00, 0x00, 
	0x00, 0x00, 0x00, 0x00, 0x00, 0x00, 0x00, 0x00, 
	0x00, 0x00, 0x00, 0x00, 0x00, 0x00, 0x00, 0x00, 
	0x00, 0x00, 0x00, 0x00, 0x00, 0x00, 0x00, 0x00, 
	0x00, 0x00, 0x00, 0x00, 0x00, 0x00, 0x00, 0x00, 
	0x00, 0x00, 0x00, 0x00, 0x00, 0x00, 0x00, 0x00, 
	0x00, 0x00, 0x00, 0x00, 0x00, 0x00, 0x00, 0x00, 
	0x00, 0x00, 0x00, 0x00, 0x00, 0x00, 0x00, 0x00, 
	0x00, 0x00, 0x00, 0x00, 0x00, 0x00, 0x00, 0x00, 
	0x00, 0x00, 0x00, 0x00, 0x00, 0x00, 0x00, 0x00, 
	0x00, 0x00, 0x00, 0x00, 0x00, 0x00, 0x00, 0x00, 
	0x00, 0x00, 0x00, 0x00, 0x00, 0x00, 0x00, 0x00, 
	0x00, 0x00, 0x00, 0x00, 0x00, 0x00, 0x00, 0x00, 
	0x00, 0x00, 0x00, 0x00, 0x00, 0x00, 0x00, 0x00, 
	0x00, 0x00, 0x00, 0x00, 0x00, 0x00, 0x00, 0x00, 
	0x00, 0x00, 0x00, 0x00, 0x00, 0x00, 0x00, 0x00, 
	0x00, 0x00, 0x00, 0x00, 0x00, 0x00, 0x00, 0x00, 
	0x00, 0x00, 0x00, 0x00, 0x00, 0x00, 0x00, 0x00, 
	0x00, 0x00, 0x00, 0x00, 0x00, 0x00, 0x00, 0x00, 
	0x00, 0x00, 0x00, 0x00, 0x00, 0x00, 0x00, 0x00, 
	0x00, 0x00, 0x00, 0x00, 0x00, 0x00, 0x00, 0x00, 
	0x00, 0x00, 0x00, 0x00, 0x00, 0x00, 0x00, 0x00, 
	0x00, 0x00, 0x00, 0x00, 0x00, 0x00, 0x00, 0x00, 
	0x00, 0x00, 0x00, 0x00, 0x00, 0x00, 0x00, 0x00, 
	0x00, 0x00, 0x00, 0x00, 0x00, 0x00, 0x00, 0x00, 
	0x00, 0x00, 0x00, 0x00, 0x00, 0x00, 0x00, 0x00, 
	0x00, 0x00, 0x00, 0x00, 0x00, 0x00, 0x00, 0x00, 
	0x00, 0x00, 0x00, 0x00, 0x00, 0x00, 0x00, 0x00, 
	0x00, 0x00, 0x00, 0x00, 0x00, 0x00, 0x00, 0x00, 
	0x00, 0x00, 0x00, 0x00, 0x00, 0x00, 0x00, 0x00, 
	0x00, 0x00, 0x00, 0x00, 0x00, 0x00, 0x00, 0x00, 
	0x00, 0x00, 0x00, 0x00, 0x00, 0x00, 0x00, 0x00, 
	0x00, 0x00, 0x00, 0x00, 0x00, 0x00, 0x00, 0x00, 
	0x00, 0x00, 0x00, 0x00, 0x00, 0x00, 0x9c, 0xe7, 
	0xa5, 0x29, 0xa5, 0x29, 0xad, 0x6b, 0xb5, 0xad, 
	0x00, 0x00, 0x00, 0x00, 0x00, 0x00, 0x00, 0x00, 
	0x00, 0x00, 0x00, 0x00, 0x00, 0x00, 0x00, 0x00, 
	0x00, 0x00, 0x00, 0x00, 0x00, 0x00, 0x00, 0x00, 
	0x00, 0x00, 0x00, 0x00, 0x00, 0x00, 0x00, 0x00, 
	0x00, 0x00, 0x00, 0x00, 0x00, 0x00, 0x00, 0x00, 
	0x00, 0x00, 0x00, 0x00, 0x00, 0x00, 0x8c, 0x63, 
	0x94, 0xa5, 0x94, 0xa5, 0xa5, 0x29, 0xad, 0x6b, 
	0xb5, 0xad, 0xbd, 0xef, 0xc6, 0x31, 0xc6, 0x31, 
	0x00, 0x00, 0x00, 0x00, 0x00, 0x00, 0x00, 0x00, 
	0x00, 0x00, 0x00, 0x00, 0x00, 0x00, 0x00, 0x00, 
	0x00, 0x00, 0x00, 0x00, 0x00, 0x00, 0x00, 0x00, 
	0x00, 0x00, 0x00, 0x00, 0x00, 0x00, 0x00, 0x00, 
	0x00, 0x00, 0x00, 0x00, 0x00, 0x00, 0x00, 0x00, 
	0x00, 0x00, 0x84, 0x21, 0x8c, 0x63, 0x94, 0xa5, 
	0x9c, 0xe7, 0xa5, 0x29, 0xad, 0x6b, 0xb5, 0xad, 
	0xbd, 0xef, 0xc6, 0x31, 0xce, 0x73, 0xd6, 0xb5, 
	0x00, 0x00, 0x00, 0x00, 0x00, 0x00, 0x00, 0x00, 
	0x00, 0x00, 0x00, 0x00, 0x00, 0x00, 0x00, 0x00, 
	0x00, 0x00, 0x00, 0x00, 0x00, 0x00, 0x00, 0x00, 
	0x00, 0x00, 0x00, 0x00, 0x00, 0x00, 0x00, 0x00, 
	0x00, 0x00, 0x00, 0x00, 0x00, 0x00, 0x7b, 0xdf, 
	0x84, 0x21, 0x8c, 0x63, 0x94, 0xa5, 0x94, 0xa5, 
	0xa5, 0x29, 0xad, 0x6b, 0xb5, 0xad, 0xbd, 0xef, 
	0xc6, 0x31, 0xce, 0x73, 0xd6, 0xb5, 0xde, 0xf7, 
	0x00, 0x00, 0x00, 0x00, 0x00, 0x00, 0x00, 0x00, 
	0x00, 0x00, 0x00, 0x00, 0x00, 0x00, 0x00, 0x00, 
	0x00, 0x00, 0x00, 0x00, 0x00, 0x00, 0x00, 0x00, 
	0x00, 0x00, 0x00, 0x00, 0x00, 0x00, 0x00, 0x00, 
	0x00, 0x00, 0x00, 0x00, 0x7b, 0xdf, 0x7b, 0xdf, 
	0x84, 0x21, 0x8c, 0x63, 0x94, 0xa5, 0x9c, 0xe7, 
	0xa5, 0x29, 0xb5, 0xad, 0xbd, 0xef, 0xc6, 0x31, 
	0xce, 0x73, 0xd6, 0xb5, 0xde, 0xf7, 0xe7, 0x39, 
	0x00, 0x00, 0x00, 0x00, 0x00, 0x00, 0x00, 0x00, 
	0x00, 0x00, 0x00, 0x00, 0x00, 0x00, 0x00, 0x00, 
	0x00, 0x00, 0x00, 0x00, 0x00, 0x00, 0x00, 0x00, 
	0x00, 0x00, 0x00, 0x00, 0x00, 0x00, 0x00, 0x00, 
	0x73, 0x9d, 0x73, 0x9d, 0x73, 0x9d, 0x84, 0x21, 
	0x8c, 0x63, 0x94, 0xa5, 0x9c, 0xe7, 0xa5, 0x29, 
	0xad, 0x6b, 0xbd, 0xef, 0xc6, 0x31, 0xce, 0x73, 
	0xd6, 0xb5, 0xde, 0xf7, 0xe7, 0x39, 0xef, 0x7b, 
	0x00, 0x00, 0x00, 0x00, 0x00, 0x00, 0x00, 0x00, 
	0x00, 0x00, 0x00, 0x00, 0x00, 0x00, 0x00, 0x00, 
	0x00, 0x00, 0x00, 0x00, 0x00, 0x00, 0x00, 0x00, 
	0x00, 0x00, 0x00, 0x00, 0x00, 0x00, 0x6b, 0x5b, 
	0x6b, 0x5b, 0x73, 0x9d, 0x7b, 0xdf, 0x84, 0x21, 
	0x8c, 0x63, 0x94, 0xa5, 0xa5, 0x29, 0xad, 0x6b, 
	0xb5, 0xad, 0xbd, 0xef, 0xce, 0x73, 0xd6, 0xb5, 
	0xde, 0xf7, 0xde, 0xf7, 0xe7, 0x39, 0xef, 0x7b, 
	0x00, 0x00, 0x00, 0x00, 0x00, 0x00, 0x00, 0x00, 
	0x00, 0x00, 0x00, 0x00, 0x00, 0x00, 0x00, 0x00, 
	0x00, 0x00, 0x00, 0x00, 0x00, 0x00, 0x00, 0x00, 
	0x00, 0x00, 0x00, 0x00, 0x63, 0x19, 0x63, 0x19, 
	0x6b, 0x5b, 0x73, 0x9d, 0x7b, 0xdf, 0x8c, 0x63, 
	0x94, 0xa5, 0x9c, 0xe7, 0xad, 0x6b, 0xb5, 0xad, 
	0xbd, 0xef, 0xc6, 0x31, 0xce, 0x73, 0xd6, 0xb5, 
	0xd6, 0xb5, 0xd6, 0xb5, 0xde, 0xf7, 0xde, 0xf7, 
	0x00, 0x00, 0x00, 0x00, 0x00, 0x00, 0x00, 0x00, 
	0x00, 0x00, 0x00, 0x00, 0x00, 0x00, 0x00, 0x00, 
	0x00, 0x00, 0x00, 0x00, 0x00, 0x00, 0x00, 0x00, 
	0x00, 0x00, 0x00, 0x00, 0x5a, 0xd7, 0x63, 0x19, 
	0x6b, 0x5b, 0x7b, 0xdf, 0x84, 0x21, 0x94, 0xa5, 
	0x9c, 0xe7, 0xa5, 0x29, 0xb5, 0xad, 0xbd, 0xef, 
	0xc6, 0x31, 0xc6, 0x31, 0xce, 0x73, 0xce, 0x73, 
	0xce, 0x73, 0xce, 0x73, 0xce, 0x73, 0xc6, 0x31, 
	0x00, 0x00, 0x00, 0x00, 0x00, 0x00, 0x00, 0x00, 
	0x00, 0x00, 0x00, 0x00, 0x00, 0x00, 0x00, 0x00, 
	0x00, 0x00, 0x00, 0x00, 0x00, 0x00, 0x00, 0x00, 
	0x00, 0x00, 0x52, 0x95, 0x5a, 0xd7, 0x6b, 0x5b, 
	0x73, 0x9d, 0x84, 0x21, 0x8c, 0x63, 0x94, 0xa5, 
	0xa5, 0x29, 0xad, 0x6b, 0xb5, 0xad, 0xbd, 0xef, 
	0xc6, 0x31, 0xc6, 0x31, 0xc6, 0x31, 0xc6, 0x31, 
	0xbd, 0xef, 0xbd, 0xef, 0xbd, 0xef, 0xb5, 0xad, 
	0x00, 0x00, 0x00, 0x00, 0x00, 0x00, 0x00, 0x00, 
	0x00, 0x00, 0x00, 0x00, 0x00, 0x00, 0x00, 0x00, 
	0x00, 0x00, 0x00, 0x00, 0x00, 0x00, 0x00, 0x00, 
	0x4a, 0x53, 0x52, 0x95, 0x63, 0x19, 0x6b, 0x5b, 
	0x7b, 0xdf, 0x8c, 0x63, 0x94, 0xa5, 0x9c, 0xe7, 
	0xad, 0x6b, 0xb5, 0xad, 0xbd, 0xef, 0xbd, 0xef, 
	0xbd, 0xef, 0xbd, 0xef, 0xbd, 0xef, 0xb5, 0xad, 
	0xb5, 0xad, 0xad, 0x6b, 0xad, 0x6b, 0xa5, 0x29, 
	0x00, 0x00, 0x00, 0x00, 0x00, 0x00, 0x00, 0x00, 
	0x00, 0x00, 0x00, 0x00, 0x00, 0x00, 0x00, 0x00, 
	0x00, 0x00, 0x00, 0x00, 0x00, 0x00, 0x00, 0x00, 
	0x42, 0x11, 0x5a, 0xd7, 0x63, 0x19, 0x73, 0x9d, 
	0x84, 0x21, 0x94, 0xa5, 0x9c, 0xe7, 0xa5, 0x29, 
	0xb5, 0xad, 0xb5, 0xad, 0xbd, 0xef, 0xbd, 0xef, 
	0xb5, 0xad, 0xb5, 0xad, 0xad, 0x6b, 0xad, 0x6b, 
	0xa5, 0x29, 0xa5, 0x29, 0x9c, 0xe7, 0xb5, 0xad, 
	0x00, 0x00, 0x00, 0x00, 0x00, 0x00, 0x00, 0x00, 
	0x00, 0x00, 0x00, 0x00, 0x00, 0x00, 0x00, 0x00, 
	0x00, 0x00, 0x00, 0x00, 0x00, 0x00, 0x39, 0xcf, 
	0x4a, 0x53, 0x5a, 0xd7, 0x6b, 0x5b, 0x7b, 0xdf, 
	0x8c, 0x63, 0x94, 0xa5, 0xa5, 0x29, 0xad, 0x6b, 
	0xb5, 0xad, 0xb5, 0xad, 0xb5, 0xad, 0xb5, 0xad, 
	0xad, 0x6b, 0xad, 0x6b, 0xa5, 0x29, 0x9c, 0xe7, 
	0xa5, 0x29, 0xb5, 0xad, 0xc6, 0x31, 0xd6, 0xb5, 
	0x00, 0x00, 0x00, 0x00, 0x00, 0x00, 0x00, 0x00, 
	0x00, 0x00, 0x00, 0x00, 0x00, 0x00, 0x00, 0x00, 
	0x00, 0x00, 0x00, 0x00, 0x21, 0x09, 0x42, 0x11, 
	0x52, 0x95, 0x63, 0x19, 0x73, 0x9d, 0x84, 0x21, 
	0x94, 0xa5, 0x9c, 0xe7, 0xad, 0x6b, 0xb5, 0xad, 
	0xb5, 0xad, 0xb5, 0xad, 0xad, 0x6b, 0xad, 0x6b, 
	0xa5, 0x29, 0xa5, 0x29, 0xa5, 0x29, 0xad, 0x6b, 
	0xc6, 0x31, 0xc6, 0x31, 0xce, 0x73, 0xce, 0x73, 
	0x00, 0x00, 0x00, 0x00, 0x00, 0x00, 0x00, 0x00, 
	0x00, 0x00, 0x00, 0x00, 0x00, 0x00, 0x00, 0x00, 
	0x00, 0x00, 0x00, 0x00, 0x31, 0x8d, 0x42, 0x11, 
	0x5a, 0xd7, 0x6b, 0x5b, 0x7b, 0xdf, 0x8c, 0x63, 
	0x94, 0xa5, 0xa5, 0x29, 0xad, 0x6b, 0xb5, 0xad, 
	0xb5, 0xad, 0xad, 0x6b, 0xad, 0x6b, 0xa5, 0x29, 
	0x9c, 0xe7, 0xad, 0x6b, 0xb5, 0xad, 0xbd, 0xef, 
	0xc6, 0x31, 0xc6, 0x31, 0xc6, 0x31, 0xc6, 0x31, 
	0x00, 0x00, 0x00, 0x00, 0x00, 0x00, 0x00, 0x00, 
	0x00, 0x00, 0x00, 0x00, 0x00, 0x00, 0x00, 0x00, 
	0x00, 0x00, 0x21, 0x09, 0x39, 0xcf, 0x52, 0x95, 
	0x63, 0x19, 0x73, 0x9d, 0x84, 0x21, 0x94, 0xa5, 
	0xa5, 0x29, 0xad, 0x6b, 0xb5, 0xad, 0xb5, 0xad, 
	0xb5, 0xad, 0xad, 0x6b, 0xa5, 0x29, 0xa5, 0x29, 
	0xa5, 0x29, 0xb5, 0xad, 0xbd, 0xef, 0xc6, 0x31, 
	0xc6, 0x31, 0xbd, 0xef, 0xbd, 0xef, 0xbd, 0xef, 
	0x00, 0x00, 0x00, 0x00, 0x00, 0x00, 0x00, 0x00, 
	0x00, 0x00, 0x00, 0x00, 0x00, 0x00, 0x00, 0x00, 
	0x00, 0x00, 0x29, 0x4b, 0x4a, 0x53, 0x5a, 0xd7, 
	0x6b, 0x5b, 0x84, 0x21, 0x94, 0xa5, 0x9c, 0xe7, 
	0xa5, 0x29, 0xb5, 0xad, 0xb5, 0xad, 0xb5, 0xad, 
	0xad, 0x6b, 0xa5, 0x29, 0xa5, 0x29, 0xa5, 0x29, 
	0xb5, 0xad, 0xbd, 0xef, 0xbd, 0xef, 0xbd, 0xef, 
	0xbd, 0xef, 0xb5, 0xad, 0xb5, 0xad, 0xad, 0x6b, 
	0x00, 0x00, 0x00, 0x00, 0x00, 0x00, 0x00, 0x00, 
	0x00, 0x00, 0x00, 0x00, 0x00, 0x00, 0x00, 0x00, 
	0x18, 0xc7, 0x39, 0xcf, 0x52, 0x95, 0x63, 0x19, 
	0x73, 0x9d, 0x8c, 0x63, 0x94, 0xa5, 0xa5, 0x29, 
	0xad, 0x6b, 0xb5, 0xad, 0xb5, 0xad, 0xb5, 0xad, 
	0xad, 0x6b, 0xa5, 0x29, 0xad, 0x6b, 0xad, 0x6b, 
	0xb5, 0xad, 0xbd, 0xef, 0xbd, 0xef, 0xb5, 0xad, 
	0xb5, 0xad, 0xad, 0x6b, 0xa5, 0x29, 0xa5, 0x29, 
	0x00, 0x00, 0x00, 0x00, 0x00, 0x00, 0x00, 0x00, 
	0x00, 0x00, 0x00, 0x00, 0x00, 0x00, 0x00, 0x00, 
	0x21, 0x09, 0x42, 0x11, 0x5a, 0xd7, 0x6b, 0x5b, 
	0x7b, 0xdf, 0x94, 0xa5, 0x9c, 0xe7, 0xad, 0x6b, 
	0xb5, 0xad, 0xb5, 0xad, 0xb5, 0xad, 0xad, 0x6b, 
	0xa5, 0x29, 0xa5, 0x29, 0xad, 0x6b, 0xb5, 0xad, 
	0xb5, 0xad, 0xb5, 0xad, 0xb5, 0xad, 0xad, 0x6b, 
	0xa5, 0x29, 0xa5, 0x29, 0x9c, 0xe7, 0x94, 0xa5, 
	0x00, 0x00, 0x00, 0x00, 0x00, 0x00, 0x00, 0x00, 
	0x00, 0x00, 0x00, 0x00, 0x00, 0x00, 0x00, 0x00, 
	0x31, 0x8d, 0x52, 0x95, 0x63, 0x19, 0x73, 0x9d, 
	0x84, 0x21, 0x94, 0xa5, 0xa5, 0x29, 0xad, 0x6b, 
	0xb5, 0xad, 0xb5, 0xad, 0xb5, 0xad, 0xad, 0x6b, 
	0x9c, 0xe7, 0xad, 0x6b, 0xb5, 0xad, 0xb5, 0xad, 
	0xb5, 0xad, 0xb5, 0xad, 0xad, 0x6b, 0xa5, 0x29, 
	0x9c, 0xe7, 0x94, 0xa5, 0x94, 0xa5, 0x94, 0xa5, 
	0x00, 0x00, 0x00, 0x00, 0x00, 0x00, 0x00, 0x00, 
	0x00, 0x00, 0x00, 0x00, 0x00, 0x00, 0x21, 0x09, 
	0x42, 0x11, 0x5a, 0xd7, 0x6b, 0x5b, 0x7b, 0xdf, 
	0x8c, 0x63, 0x9c, 0xe7, 0xa5, 0x29, 0xb5, 0xad, 
	0xb5, 0xad, 0xb5, 0xad, 0xad, 0x6b, 0x9c, 0xe7, 
	0xa5, 0x29, 0xad, 0x6b, 0xb5, 0xad, 0xb5, 0xad, 
	0xb5, 0xad, 0xad, 0x6b, 0xa5, 0x29, 0x9c, 0xe7, 
	0x94, 0xa5, 0x94, 0xa5, 0x8c, 0x63, 0x84, 0x21, 
	0x00, 0x00, 0x00, 0x00, 0x00, 0x00, 0x00, 0x00, 
	0x00, 0x00, 0x00, 0x00, 0x00, 0x00, 0x29, 0x4b, 
	0x4a, 0x53, 0x63, 0x19, 0x73, 0x9d, 0x84, 0x21, 
	0x94, 0xa5, 0x9c, 0xe7, 0xad, 0x6b, 0xb5, 0xad, 
	0xb5, 0xad, 0xad, 0x6b, 0x9c, 0xe7, 0xa5, 0x29, 
	0xad, 0x6b, 0xb5, 0xad, 0xb5, 0xad, 0xad, 0x6b, 
	0xad, 0x6b, 0xa5, 0x29, 0x9c, 0xe7, 0x94, 0xa5, 
	0x94, 0xa5, 0x8c, 0x63, 0x7b, 0xdf, 0x73, 0x9d, 
	0x00, 0x00, 0x00, 0x00, 0x00, 0x00, 0x00, 0x00, 
	0x00, 0x00, 0x00, 0x00, 0x18, 0xc7, 0x39, 0xcf, 
	0x52, 0x95, 0x6b, 0x5b, 0x7b, 0xdf, 0x8c, 0x63, 
	0x94, 0xa5, 0xa5, 0x29, 0xb5, 0xad, 0xb5, 0xad, 
	0xb5, 0xad, 0x94, 0xa5, 0x9c, 0xe7, 0xa5, 0x29, 
	0xad, 0x6b, 0xb5, 0xad, 0xb5, 0xad, 0xad, 0x6b, 
	0xa5, 0x29, 0x9c, 0xe7, 0x94, 0xa5, 0x94, 0xa5, 
	0x84, 0x21, 0x7b, 0xdf, 0x6b, 0x5b, 0x63, 0x19, 
	0x00, 0x00, 0x00, 0x00, 0x00, 0x00, 0x00, 0x00, 
	0x00, 0x00, 0x00, 0x00, 0x21, 0x09, 0x4a, 0x53, 
	0x5a, 0xd7, 0x73, 0x9d, 0x84, 0x21, 0x94, 0xa5, 
	0x9c, 0xe7, 0xad, 0x6b, 0xb5, 0xad, 0xb5, 0xad, 
	0xad, 0x6b, 0x94, 0xa5, 0xa5, 0x29, 0xad, 0x6b, 
	0xb5, 0xad, 0xb5, 0xad, 0xad, 0x6b, 0xa5, 0x29, 
	0x9c, 0xe7, 0x94, 0xa5, 0x94, 0xa5, 0x84, 0x21, 
	0x73, 0x9d, 0x63, 0x19, 0x73, 0x9d, 0x63, 0x19, 
	0x00, 0x00, 0x00, 0x00, 0x00, 0x00, 0x00, 0x00, 
	0x00, 0x00, 0x00, 0x00, 0x31, 0x8d, 0x52, 0x95, 
	0x63, 0x19, 0x7b, 0xdf, 0x8c, 0x63, 0x94, 0xa5, 
	0xa5, 0x29, 0xb5, 0xad, 0xb5, 0xad, 0xad, 0x6b, 
	0x9c, 0xe7, 0x9c, 0xe7, 0xa5, 0x29, 0xad, 0x6b, 
	0xad, 0x6b, 0xad, 0x6b, 0xa5, 0x29, 0x9c, 0xe7, 
	0x94, 0xa5, 0x94, 0xa5, 0x84, 0x21, 0x73, 0x9d, 
	0x7b, 0xdf, 0x73, 0x9d, 0x94, 0xa5, 0xc6, 0x31, 
	0x00, 0x00, 0x00, 0x00, 0x00, 0x00, 0x00, 0x00, 
	0x00, 0x00, 0x18, 0xc7, 0x39, 0xcf, 0x5a, 0xd7, 
	0x6b, 0x5b, 0x7b, 0xdf, 0x8c, 0x63, 0x9c, 0xe7, 
	0xad, 0x6b, 0xb5, 0xad, 0xbd, 0xef, 0x9c, 0xe7, 
	0x94, 0xa5, 0xa5, 0x29, 0xad, 0x6b, 0xad, 0x6b, 
	0xad, 0x6b, 0xad, 0x6b, 0xa5, 0x29, 0x94, 0xa5, 
	0x94, 0xa5, 0x84, 0x21, 0x84, 0x21, 0x73, 0x9d, 
	0x94, 0xa5, 0xc6, 0x31, 0xce, 0x73, 0xce, 0x73, 
	0x00, 0x00, 0x00, 0x00, 0x00, 0x00, 0x00, 0x00, 
	0x00, 0x00, 0x21, 0x09, 0x42, 0x11, 0x63, 0x19, 
	0x73, 0x9d, 0x84, 0x21, 0x94, 0xa5, 0x9c, 0xe7, 
	0xad, 0x6b, 0xb5, 0xad, 0xad, 0x6b, 0x94, 0xa5, 
	0x9c, 0xe7, 0xa5, 0x29, 0xad, 0x6b, 0xad, 0x6b, 
	0xad, 0x6b, 0xa5, 0x29, 0x9c, 0xe7, 0x94, 0xa5, 
	0x8c, 0x63, 0x84, 0x21, 0x73, 0x9d, 0xad, 0x6b, 
	0xbd, 0xef, 0xbd, 0xef, 0xc6, 0x31, 0xc6, 0x31, 
	0x00, 0x00, 0x00, 0x00, 0x00, 0x00, 0x00, 0x00, 
	0x00, 0x00, 0x29, 0x4b, 0x52, 0x95, 0x63, 0x19, 
	0x7b, 0xdf, 0x8c, 0x63, 0x94, 0xa5, 0xa5, 0x29, 
	0xb5, 0xad, 0xbd, 0xef, 0x94, 0xa5, 0x9c, 0xe7, 
	0xa5, 0x29, 0xad, 0x6b, 0xad, 0x6b, 0xad, 0x6b, 
	0xa5, 0x29, 0x9c, 0xe7, 0x94, 0xa5, 0x94, 0xa5, 
	0x84, 0x21, 0x94, 0xa5, 0xad, 0x6b, 0xad, 0x6b, 
	0xb5, 0xad, 0xb5, 0xad, 0xb5, 0xad, 0xbd, 0xef, 
	0x00, 0x00, 0x00, 0x00, 0x00, 0x00, 0x00, 0x00, 
	0x18, 0xc7, 0x39, 0xcf, 0x5a, 0xd7, 0x6b, 0x5b, 
	0x7b, 0xdf, 0x94, 0xa5, 0x9c, 0xe7, 0xad, 0x6b, 
	0xb5, 0xad, 0xa5, 0x29, 0x94, 0xa5, 0x9c, 0xe7, 
	0xa5, 0x29, 0xad, 0x6b, 0xad, 0x6b, 0xa5, 0x29, 
	0x9c, 0xe7, 0x94, 0xa5, 0x9c, 0xe7, 0x94, 0xa5, 
	0x84, 0x21, 0x94, 0xa5, 0x9c, 0xe7, 0x9c, 0xe7, 
	0xa5, 0x29, 0xad, 0x6b, 0xad, 0x6b, 0xad, 0x6b, 
	0x00, 0x00, 0x00, 0x00, 0x00, 0x00, 0x00, 0x00, 
	0x21, 0x09, 0x42, 0x11, 0x5a, 0xd7, 0x73, 0x9d, 
	0x84, 0x21, 0x94, 0xa5, 0x9c, 0xe7, 0xad, 0x6b, 
	0xb5, 0xad, 0x94, 0xa5, 0x94, 0xa5, 0xa5, 0x29, 
	0xad, 0x6b, 0xad, 0x6b, 0xad, 0x6b, 0xa5, 0x29, 
	0x9c, 0xe7, 0xad, 0x6b, 0xce, 0x73, 0xef, 0x7b, 
	0xe7, 0x39, 0xd6, 0xb5, 0xc6, 0x31, 0xa5, 0x29, 
	0x9c, 0xe7, 0x9c, 0xe7, 0x9c, 0xe7, 0xa5, 0x29, 
	0x00, 0x00, 0x00, 0x00, 0x00, 0x00, 0x00, 0x00, 
	0x29, 0x4b, 0x4a, 0x53, 0x63, 0x19, 0x7b, 0xdf, 
	0x8c, 0x63, 0x94, 0xa5, 0xa5, 0x29, 0xb5, 0xad, 
	0xad, 0x6b, 0x94, 0xa5, 0x9c, 0xe7, 0xa5, 0x29, 
	0xad, 0x6b, 0xad, 0x6b, 0xa5, 0x29, 0x9c, 0xe7, 
	0xad, 0x6b, 0xe7, 0x39, 0xf7, 0xbd, 0xf7, 0xbd, 
	0xf7, 0xbd, 0xf7, 0xbd, 0xf7, 0xbd, 0xef, 0x7b, 
	0xbd, 0xef, 0x94, 0xa5, 0x8c, 0x63, 0x94, 0xa5, 
	0x00, 0x00, 0x00, 0x00, 0x00, 0x00, 0x00, 0x00, 
	0x29, 0x4b, 0x52, 0x95, 0x6b, 0x5b, 0x7b, 0xdf, 
	0x8c, 0x63, 0x94, 0xa5, 0xa5, 0x29, 0xb5, 0xad, 
	0x94, 0xa5, 0x94, 0xa5, 0xa5, 0x29, 0xa5, 0x29, 
	0xad, 0x6b, 0xad, 0x6b, 0x9c, 0xe7, 0xa5, 0x29, 
	0xd6, 0xb5, 0xde, 0xf7, 0xe7, 0x39, 0xef, 0x7b, 
	0xef, 0x7b, 0xf7, 0xbd, 0xf7, 0xbd, 0xf7, 0xbd, 
	0xf7, 0xbd, 0xb5, 0xad, 0x73, 0x9d, 0x73, 0x9d, 
	0x00, 0x00, 0x00, 0x00, 0x00, 0x00, 0x00, 0x00, 
	0x39, 0xcf, 0x5a, 0xd7, 0x73, 0x9d, 0x84, 0x21, 
	0x94, 0xa5, 0x9c, 0xe7, 0xad, 0x6b, 0xad, 0x6b, 
	0x94, 0xa5, 0x9c, 0xe7, 0xa5, 0x29, 0xad, 0x6b, 
	0xad, 0x6b, 0xa5, 0x29, 0x9c, 0xe7, 0xc6, 0x31, 
	0xce, 0x73, 0xce, 0x73, 0xd6, 0xb5, 0xd6, 0xb5, 
	0xde, 0xf7, 0xe7, 0x39, 0xe7, 0x39, 0xef, 0x7b, 
	0xf7, 0xbd, 0xf7, 0xbd, 0x9c, 0xe7, 0x84, 0x21, 
	0x00, 0x00, 0x00, 0x00, 0x00, 0x00, 0x21, 0x09, 
	0x42, 0x11, 0x63, 0x19, 0x73, 0x9d, 0x84, 0x21, 
	0x94, 0xa5, 0xa5, 0x29, 0xad, 0x6b, 0x9c, 0xe7, 
	0x94, 0xa5, 0x9c, 0xe7, 0xa5, 0x29, 0xad, 0x6b, 
	0xa5, 0x29, 0xa5, 0x29, 0xb5, 0xad, 0xb5, 0xad, 
	0xbd, 0xef, 0xbd, 0xef, 0xc6, 0x31, 0xc6, 0x31, 
	0xce, 0x73, 0xce, 0x73, 0xd6, 0xb5, 0xd6, 0xb5, 
	0xde, 0xf7, 0xde, 0xf7, 0xde, 0xf7, 0xe7, 0x39, 
	0x00, 0x00, 0x00, 0x00, 0x00, 0x00, 0x21, 0x09, 
	0x4a, 0x53, 0x63, 0x19, 0x7b, 0xdf, 0x8c, 0x63, 
	0x94, 0xa5, 0xa5, 0x29, 0xa5, 0x29, 0x94, 0xa5, 
	0x9c, 0xe7, 0xa5, 0x29, 0xa5, 0x29, 0xad, 0x6b, 
	0xa5, 0x29, 0xa5, 0x29, 0xa5, 0x29, 0xa5, 0x29, 
	0xad, 0x6b, 0xad, 0x6b, 0xb5, 0xad, 0xb5, 0xad, 
	0xbd, 0xef, 0xbd, 0xef, 0xbd, 0xef, 0xbd, 0xef, 
	0xbd, 0xef, 0xa5, 0x29, 0xd6, 0xb5, 0xd6, 0xb5, 
	0x00, 0x00, 0x00, 0x00, 0x00, 0x00, 0x29, 0x4b, 
	0x52, 0x95, 0x6b, 0x5b, 0x7b, 0xdf, 0x94, 0xa5, 
	0x94, 0xa5, 0xa5, 0x29, 0xa5, 0x29, 0x94, 0xa5, 
	0x9c, 0xe7, 0xa5, 0x29, 0xad, 0x6b, 0xa5, 0x29, 
	0x9c, 0xe7, 0x7b, 0xdf, 0x8c, 0x63, 0x94, 0xa5, 
	0x94, 0xa5, 0x9c, 0xe7, 0x9c, 0xe7, 0x9c, 0xe7, 
	0x9c, 0xe7, 0x9c, 0xe7, 0x9c, 0xe7, 0x94, 0xa5, 
	0x7b, 0xdf, 0xb5, 0xad, 0xc6, 0x31, 0xc6, 0x31, 
	0x00, 0x00, 0x00, 0x00, 0x00, 0x00, 0x31, 0x8d, 
	0x52, 0x95, 0x73, 0x9d, 0x84, 0x21, 0x94, 0xa5, 
	0x9c, 0xe7, 0xad, 0x6b, 0x94, 0xa5, 0x94, 0xa5, 
	0x9c, 0xe7, 0xa5, 0x29, 0xad, 0x6b, 0xa5, 0x29, 
	0x8c, 0x63, 0x4a, 0x53, 0x5a, 0xd7, 0x63, 0x19, 
	0x6b, 0x5b, 0x73, 0x9d, 0x73, 0x9d, 0x73, 0x9d, 
	0x6b, 0x5b, 0x63, 0x19, 0x5a, 0xd7, 0x5a, 0xd7, 
	0xad, 0x6b, 0xb5, 0xad, 0xb5, 0xad, 0xb5, 0xad, 
	0x00, 0x00, 0x00, 0x00, 0x00, 0x00, 0x31, 0x8d, 
	0x5a, 0xd7, 0x73, 0x9d, 0x84, 0x21, 0x94, 0xa5, 
	0x9c, 0xe7, 0xa5, 0x29, 0x94, 0xa5, 0x9c, 0xe7, 
	0xa5, 0x29, 0xa5, 0x29, 0xa5, 0x29, 0xa5, 0x29, 
	0x7b, 0xdf, 0x52, 0x95, 0x4a, 0x53, 0x4a, 0x53, 
	0x4a, 0x53, 0x4a, 0x53, 0x42, 0x11, 0x42, 0x11, 
	0x42, 0x11, 0x42, 0x11, 0x6b, 0x5b, 0x94, 0xa5, 
	0x9c, 0xe7, 0x9c, 0xe7, 0xa5, 0x29, 0xa5, 0x29, 
	0x00, 0x00, 0x00, 0x00, 0x18, 0xc7, 0x39, 0xcf, 
	0x63, 0x19, 0x7b, 0xdf, 0x8c, 0x63, 0x94, 0xa5, 
	0xa5, 0x29, 0x94, 0xa5, 0x94, 0xa5, 0x9c, 0xe7, 
	0xa5, 0x29, 0xa5, 0x29, 0xa5, 0x29, 0xb5, 0xad, 
	0x94, 0xa5, 0x84, 0x21, 0x73, 0x9d, 0x6b, 0x5b, 
	0x5a, 0xd7, 0x4a, 0x53, 0x4a, 0x53, 0x4a, 0x53, 
	0x4a, 0x53, 0x7b, 0xdf, 0x84, 0x21, 0x8c, 0x63, 
	0x8c, 0x63, 0x8c, 0x63, 0x94, 0xa5, 0x94, 0xa5, 
	0x00, 0x00, 0x00, 0x00, 0x21, 0x09, 0x42, 0x11, 
	0x63, 0x19, 0x7b, 0xdf, 0x8c, 0x63, 0x94, 0xa5, 
	0xa5, 0x29, 0x94, 0xa5, 0x94, 0xa5, 0x9c, 0xe7, 
	0xa5, 0x29, 0xa5, 0x29, 0xad, 0x6b, 0xd6, 0xb5, 
	0xd6, 0xb5, 0xde, 0xf7, 0xe7, 0x39, 0xef, 0x7b, 
	0xf7, 0xbd, 0xef, 0x7b, 0xd6, 0xb5, 0x8c, 0x63, 
	0x4a, 0x53, 0x5a, 0xd7, 0x63, 0x19, 0x63, 0x19, 
	0x6b, 0x5b, 0x6b, 0x5b, 0x73, 0x9d, 0x73, 0x9d, 
	0x00, 0x00, 0x00, 0x00, 0x21, 0x09, 0x4a, 0x53, 
	0x6b, 0x5b, 0x7b, 0xdf, 0x94, 0xa5, 0x94, 0xa5, 
	0x94, 0xa5, 0x94, 0xa5, 0x9c, 0xe7, 0xa5, 0x29, 
	0xa5, 0x29, 0xa5, 0x29, 0xa5, 0x29, 0xbd, 0xef, 
	0xc6, 0x31, 0xce, 0x73, 0xce, 0x73, 0xd6, 0xb5, 
	0xde, 0xf7, 0xef, 0x7b, 0xf7, 0xbd, 0xce, 0x73, 
	0x42, 0x11, 0x42, 0x11, 0x39, 0xcf, 0x42, 0x11, 
	0x42, 0x11, 0x4a, 0x53, 0x4a, 0x53, 0x4a, 0x53, 
	0x00, 0x00, 0x00, 0x00, 0x29, 0x4b, 0x52, 0x95, 
	0x6b, 0x5b, 0x84, 0x21, 0x94, 0xa5, 0x9c, 0xe7, 
	0x94, 0xa5, 0x94, 0xa5, 0x9c, 0xe7, 0xa5, 0x29, 
	0xa5, 0x29, 0xa5, 0x29, 0xa5, 0x29, 0xad, 0x6b, 
	0xb5, 0xad, 0xb5, 0xad, 0xbd, 0xef, 0xc6, 0x31, 
	0xce, 0x73, 0xce, 0x73, 0xd6, 0xb5, 0xce, 0x73, 
	0xbd, 0xef, 0xad, 0x6b, 0x9c, 0xe7, 0x8c, 0x63, 
	0x8c, 0x63, 0x7b, 0xdf, 0x73, 0x9d, 0x6b, 0x5b, 
	0x00, 0x00, 0x00, 0x00, 0x29, 0x4b, 0x52, 0x95, 
	0x73, 0x9d, 0x84, 0x21, 0x94, 0xa5, 0x94, 0xa5, 
	0x94, 0xa5, 0x94, 0xa5, 0x9c, 0xe7, 0xa5, 0x29, 
	0xa5, 0x29, 0x94, 0xa5, 0x8c, 0x63, 0x94, 0xa5, 
	0x9c, 0xe7, 0xa5, 0x29, 0xad, 0x6b, 0xad, 0x6b, 
	0xb5, 0xad, 0xb5, 0xad, 0xad, 0x6b, 0xb5, 0xad, 
	0xb5, 0xad, 0xbd, 0xef, 0xbd, 0xef, 0xbd, 0xef, 
	0xbd, 0xef, 0xc6, 0x31, 0xc6, 0x31, 0xc6, 0x31, 
	0x00, 0x00, 0x00, 0x00, 0x29, 0x4b, 0x5a, 0xd7, 
	0x73, 0x9d, 0x84, 0x21, 0x94, 0xa5, 0x94, 0xa5, 
	0x94, 0xa5, 0x94, 0xa5, 0x9c, 0xe7, 0xa5, 0x29, 
	0xa5, 0x29, 0x52, 0x95, 0x5a, 0xd7, 0x73, 0x9d, 
	0x84, 0x21, 0x8c, 0x63, 0x94, 0xa5, 0x94, 0xa5, 
	0x94, 0xa5, 0x7b, 0xdf, 0x9c, 0xe7, 0xa5, 0x29, 
	0xa5, 0x29, 0xa5, 0x29, 0xad, 0x6b, 0xad, 0x6b, 
	0xad, 0x6b, 0xad, 0x6b, 0xad, 0x6b, 0xad, 0x6b, 
	0x00, 0x00, 0x00, 0x00, 0x29, 0x4b, 0x5a, 0xd7, 
	0x73, 0x9d, 0x8c, 0x63, 0x94, 0xa5, 0x94, 0xa5, 
	0x94, 0xa5, 0x9c, 0xe7, 0xa5, 0x29, 0xa5, 0x29, 
	0x8c, 0x63, 0x4a, 0x53, 0x4a, 0x53, 0x42, 0x11, 
	0x42, 0x11, 0x4a, 0x53, 0x4a, 0x53, 0x52, 0x95, 
	0x42, 0x11, 0x52, 0x95, 0x94, 0xa5, 0x94, 0xa5, 
	0x94, 0xa5, 0x94, 0xa5, 0x94, 0xa5, 0x94, 0xa5, 
	0x94, 0xa5, 0x94, 0xa5, 0x94, 0xa5, 0x94, 0xa5, 
	0x00, 0x00, 0x00, 0x00, 0x31, 0x8d, 0x5a, 0xd7, 
	0x7b, 0xdf, 0x8c, 0x63, 0x94, 0xa5, 0x94, 0xa5, 
	0x94, 0xa5, 0x9c, 0xe7, 0xa5, 0x29, 0xa5, 0x29, 
	0x52, 0x95, 0x4a, 0x53, 0x4a, 0x53, 0x4a, 0x53, 
	0x4a, 0x53, 0x39, 0xcf, 0x39, 0xcf, 0x39, 0xcf, 
	0x42, 0x11, 0x73, 0x9d, 0x73, 0x9d, 0x73, 0x9d, 
	0x7b, 0xdf, 0x7b, 0xdf, 0x7b, 0xdf, 0x7b, 0xdf, 
	0x7b, 0xdf, 0x7b, 0xdf, 0x73, 0x9d, 0x63, 0x19, 
	0x00, 0x00, 0x00, 0x00, 0x31, 0x8d, 0x5a, 0xd7, 
	0x7b, 0xdf, 0x8c, 0x63, 0x94, 0xa5, 0x94, 0xa5, 
	0x94, 0xa5, 0x9c, 0xe7, 0xa5, 0x29, 0xad, 0x6b, 
	0xa5, 0x29, 0x73, 0x9d, 0x63, 0x19, 0x4a, 0x53, 
	0x4a, 0x53, 0x42, 0x11, 0x42, 0x11, 0x39, 0xcf, 
	0x42, 0x11, 0x42, 0x11, 0x42, 0x11, 0x42, 0x11, 
	0x4a, 0x53, 0x4a, 0x53, 0x42, 0x11, 0x42, 0x11, 
	0x39, 0xcf, 0x39, 0xcf, 0x31, 0x8d, 0x00, 0x00, 
	0x00, 0x00, 0x00, 0x00, 0x31, 0x8d, 0x63, 0x19, 
	0x7b, 0xdf, 0x8c, 0x63, 0x94, 0xa5, 0x94, 0xa5, 
	0x94, 0xa5, 0x9c, 0xe7, 0xa5, 0x29, 0xa5, 0x29, 
	0xb5, 0xad, 0xb5, 0xad, 0xb5, 0xad, 0xad, 0x6b, 
	0x9c, 0xe7, 0x7b, 0xdf, 0x73, 0x9d, 0x73, 0x9d, 
	0x5a, 0xd7, 0x52, 0x95, 0x42, 0x11, 0x4a, 0x53, 
	0x42, 0x11, 0x42, 0x11, 0x4a, 0x53, 0x4a, 0x53, 
	0x00, 0x00, 0x00, 0x00, 0x00, 0x00, 0x00, 0x00, 
	0x00, 0x00, 0x00, 0x00, 0x31, 0x8d, 0x63, 0x19, 
	0x7b, 0xdf, 0x8c, 0x63, 0x8c, 0x63, 0x94, 0xa5, 
	0x94, 0xa5, 0x9c, 0xe7, 0x94, 0xa5, 0x94, 0xa5, 
	0x94, 0xa5, 0x9c, 0xe7, 0x9c, 0xe7, 0x9c, 0xe7, 
	0x94, 0xa5, 0xbd, 0xef, 0xc6, 0x31, 0xce, 0x73, 
	0xce, 0x73, 0xce, 0x73, 0xbd, 0xef, 0xad, 0x6b, 
	0xa5, 0x29, 0x94, 0xa5, 0x94, 0xa5, 0x73, 0x9d, 
	0x00, 0x00, 0x00, 0x00, 0x00, 0x00, 0x00, 0x00, 
	0x00, 0x00, 0x00, 0x00, 0x31, 0x8d, 0x63, 0x19, 
	0x7b, 0xdf, 0x8c, 0x63, 0x8c, 0x63, 0x94, 0xa5, 
	0x9c, 0xe7, 0x9c, 0xe7, 0x5a, 0xd7, 0x63, 0x19, 
	0x63, 0x19, 0x63, 0x19, 0x5a, 0xd7, 0x5a, 0xd7, 
	0x9c, 0xe7, 0xad, 0x6b, 0xad, 0x6b, 0xb5, 0xad, 
	0xb5, 0xad, 0xbd, 0xef, 0xbd, 0xef, 0xbd, 0xef, 
	0xbd, 0xef, 0xbd, 0xef, 0xbd, 0xef, 0xad, 0x6b, 
	0x00, 0x00, 0x00, 0x00, 0x00, 0x00, 0x00, 0x00, 
	0x00, 0x00, 0x00, 0x00, 0x31, 0x8d, 0x63, 0x19, 
	0x7b, 0xdf, 0x8c, 0x63, 0x94, 0xa5, 0x94, 0xa5, 
	0x9c, 0xe7, 0x6b, 0x5b, 0x31, 0x8d, 0x31, 0x8d, 
	0x39, 0xcf, 0x39, 0xcf, 0x52, 0x95, 0x8c, 0x63, 
	0x94, 0xa5, 0x94, 0xa5, 0x94, 0xa5, 0x94, 0xa5, 
	0x9c, 0xe7, 0x9c, 0xe7, 0x9c, 0xe7, 0x9c, 0xe7, 
	0x9c, 0xe7, 0x94, 0xa5, 0x8c, 0x63, 0x00, 0x00, 
	0x00, 0x00, 0x00, 0x00, 0x00, 0x00, 0x00, 0x00, 
	0x00, 0x00, 0x00, 0x00, 0x29, 0x4b, 0x5a, 0xd7, 
	0x7b, 0xdf, 0x8c, 0x63, 0x94, 0xa5, 0x94, 0xa5, 
	0x94, 0xa5, 0x39, 0xcf, 0x21, 0x09, 0x29, 0x4b, 
	0x31, 0x8d, 0x39, 0xcf, 0x63, 0x19, 0x6b, 0x5b, 
	0x73, 0x9d, 0x73, 0x9d, 0x7b, 0xdf, 0x7b, 0xdf, 
	0x7b, 0xdf, 0x7b, 0xdf, 0x7b, 0xdf, 0x73, 0x9d, 
	0x63, 0x19, 0x4a, 0x53, 0x00, 0x00, 0x00, 0x00, 
	0x00, 0x00, 0x00, 0x00, 0x00, 0x00, 0x00, 0x00, 
	0x00, 0x00, 0x00, 0x00, 0x00, 0x00, 0x5a, 0xd7, 
	0x7b, 0xdf, 0x8c, 0x63, 0x94, 0xa5, 0x94, 0xa5, 
	0x84, 0x21, 0x00, 0x00, 0x00, 0x00, 0x00, 0x00, 
	0x21, 0x09, 0x21, 0x09, 0x31, 0x8d, 0x31, 0x8d, 
	0x39, 0xcf, 0x39, 0xcf, 0x39, 0xcf, 0x42, 0x11, 
	0x39, 0xcf, 0x39, 0xcf, 0x39, 0xcf, 0x29, 0x4b, 
	0x00, 0x00, 0x00, 0x00, 0x00, 0x00, 0x00, 0x00, 
	0x00, 0x00, 0x00, 0x00, 0x00, 0x00, 0x00, 0x00, 
	0x00, 0x00, 0x00, 0x00, 0x00, 0x00, 0x5a, 0xd7, 
	0x7b, 0xdf, 0x8c, 0x63, 0x94, 0xa5, 0x8c, 0x63, 
	0x00, 0x00, 0x00, 0x00, 0x00, 0x00, 0x00, 0x00, 
	0x00, 0x00, 0x00, 0x00, 0x00, 0x00, 0x00, 0x00, 
	0x00, 0x00, 0x00, 0x00, 0x00, 0x00, 0x00, 0x00, 
	0x00, 0x00, 0x00, 0x00, 0x00, 0x00, 0x00, 0x00, 
	0x00, 0x00, 0x00, 0x00, 0x00, 0x00, 0x00, 0x00, 
	0x00, 0x00, 0x00, 0x00, 0x00, 0x00, 0x00, 0x00, 
	0x00, 0x00, 0x00, 0x00, 0x00, 0x00, 0x5a, 0xd7, 
	0x84, 0x21, 0x8c, 0x63, 0x84, 0x21, 0x00, 0x00, 
	0x00, 0x00, 0x00, 0x00, 0x00, 0x00, 0x00, 0x00, 
	0x00, 0x00, 0x00, 0x00, 0x00, 0x00, 0x00, 0x00, 
	0x00, 0x00, 0x00, 0x00, 0x00, 0x00, 0x00, 0x00, 
	0x00, 0x00, 0x00, 0x00, 0x00, 0x00, 0x00, 0x00, 
	0x00, 0x00, 0x00, 0x00, 0x00, 0x00, 0x00, 0x00, 
	0x00, 0x00, 0x00, 0x00, 0x00, 0x00, 0x00, 0x00, 
	0x00, 0x00, 0x00, 0x00, 0x00, 0x00, 0x00, 0x00, 
	0x84, 0x21, 0x7b, 0xdf, 0x00, 0x00, 0x00, 0x00, 
	0x00, 0x00, 0x00, 0x00, 0x00, 0x00, 0x00, 0x00, 
	0x00, 0x00, 0x00, 0x00, 0x00, 0x00, 0x00, 0x00, 
	0x00, 0x00, 0x00, 0x00, 0x00, 0x00, 0x00, 0x00, 
	0x00, 0x00, 0x00, 0x00, 0x00, 0x00, 0x00, 0x00, 
	0x00, 0x00, 0x00, 0x00, 0x00, 0x00, 0x00, 0x00, 
	0x00, 0x00, 0x00, 0x00, 0x00, 0x00, 0x00, 0x00, 
	0x00, 0x00, 0x00, 0x00, 0x00, 0x00, 0x00, 0x00, 
	0x00, 0x00, 0x00, 0x00, 0x00, 0x00, 0x00, 0x00, 
	0x00, 0x00, 0x00, 0x00, 0x00, 0x00, 0x00, 0x00, 
	0x00, 0x00, 0x00, 0x00, 0x00, 0x00, 0x00, 0x00, 
	0x00, 0x00, 0x00, 0x00, 0x00, 0x00, 0x00, 0x00, 
	0x00, 0x00, 0x00, 0x00, 0x00, 0x00, 0x00, 0x00, 
	0x00, 0x00, 0x00, 0x00, 0x00, 0x00, 0x00, 0x00, 
	0x00, 0x00, 0x00, 0x00, 0x00, 0x00, 0x00, 0x00, 
	0x00, 0x00, 0x00, 0x00, 0x00, 0x00, 0x00, 0x00, 
	0x00, 0x00, 0x00, 0x00, 0x00, 0x00, 0x00, 0x00, 
	0x00, 0x00, 0x00, 0x00, 0x00, 0x00, 0x00, 0x00, 
	0x00, 0x00, 0x00, 0x00, 0x00, 0x00, 0x00, 0x00, 
	0x00, 0x00, 0x00, 0x00, 0x00, 0x00, 0x00, 0x00, 
	0x00, 0x00, 0x00, 0x00, 0x00, 0x00, 0x00, 0x00, 
	0x00, 0x00, 0x00, 0x00, 0x00, 0x00, 0x00, 0x00, 
	0x00, 0x00, 0x00, 0x00, 0x00, 0x00, 0x00, 0x00, 
	
};

Vtx jared_000_offset_mesh_layer_1_vtx_0[38] = {
	{{{73, 11, 0}, 0, {-16, -16}, {0x7F, 0x05, 0x00, 0xFF}}},
	{{{55, -61, -36}, 0, {-16, -16}, {0x64, 0xB5, 0xE7, 0xFF}}},
	{{{44, -10, -92}, 0, {-16, -16}, {0x51, 0xF0, 0x9F, 0xFF}}},
	{{{55, -61, 36}, 0, {-16, -16}, {0x64, 0xB5, 0x19, 0xFF}}},
	{{{44, -9, 92}, 0, {-16, -16}, {0x51, 0xF1, 0x61, 0xFF}}},
	{{{43, 40, 91}, 0, {-16, -16}, {0x45, 0x2C, 0x61, 0xFF}}},
	{{{52, 70, 38}, 0, {-16, -16}, {0x5C, 0x53, 0x1A, 0xFF}}},
	{{{52, 70, -39}, 0, {-16, -16}, {0x5C, 0x53, 0xE5, 0xFF}}},
	{{{43, 40, -91}, 0, {-16, -16}, {0x45, 0x2C, 0x9F, 0xFF}}},
	{{{6, 33, -95}, 0, {-16, -16}, {0xE3, 0x28, 0x8B, 0xFF}}},
	{{{8, -8, -99}, 0, {-16, -16}, {0xEB, 0xF4, 0x83, 0xFF}}},
	{{{36, -51, -79}, 0, {-16, -16}, {0x3A, 0xB7, 0xAA, 0xFF}}},
	{{{26, -74, -46}, 0, {-16, -16}, {0x19, 0x88, 0xDE, 0xFF}}},
	{{{26, -74, 45}, 0, {-16, -16}, {0x19, 0x88, 0x20, 0xFF}}},
	{{{36, -52, 79}, 0, {-16, -16}, {0x3A, 0xB6, 0x56, 0xFF}}},
	{{{8, -8, 99}, 0, {-16, -16}, {0xEA, 0xF4, 0x7D, 0xFF}}},
	{{{7, 33, 95}, 0, {-16, -16}, {0xE5, 0x28, 0x76, 0xFF}}},
	{{{27, 72, 63}, 0, {-16, -16}, {0x11, 0x6D, 0x40, 0xFF}}},
	{{{22, 82, 26}, 0, {-16, -16}, {0x05, 0x7E, 0x0D, 0xFF}}},
	{{{22, 82, -26}, 0, {-16, -16}, {0x05, 0x7E, 0xF3, 0xFF}}},
	{{{27, 72, -63}, 0, {-16, -16}, {0x10, 0x6D, 0xC0, 0xFF}}},
	{{{-5, 59, -72}, 0, {-16, -16}, {0xC6, 0x56, 0xB7, 0xFF}}},
	{{{-17, 32, -79}, 0, {-16, -16}, {0xA0, 0x20, 0xB3, 0xFF}}},
	{{{-20, -8, -81}, 0, {-16, -16}, {0x9D, 0xF6, 0xB2, 0xFF}}},
	{{{4, -48, -86}, 0, {-16, -16}, {0xDF, 0xBC, 0x9A, 0xFF}}},
	{{{-9, -69, -55}, 0, {-16, -16}, {0xCC, 0x99, 0xCB, 0xFF}}},
	{{{-14, -74, 0}, 0, {-16, -16}, {0xC7, 0x8F, 0x00, 0xFF}}},
	{{{-9, -69, 55}, 0, {-16, -16}, {0xCC, 0x98, 0x34, 0xFF}}},
	{{{4, -49, 86}, 0, {-16, -16}, {0xDF, 0xBB, 0x66, 0xFF}}},
	{{{-20, -7, 81}, 0, {-16, -16}, {0x9D, 0xF6, 0x4F, 0xFF}}},
	{{{-18, 32, 79}, 0, {-16, -16}, {0xA1, 0x20, 0x4D, 0xFF}}},
	{{{-5, 59, 72}, 0, {-16, -16}, {0xC6, 0x57, 0x48, 0xFF}}},
	{{{-9, 73, 34}, 0, {-16, -16}, {0xBA, 0x68, 0x15, 0xFF}}},
	{{{-9, 73, -34}, 0, {-16, -16}, {0xBA, 0x68, 0xEB, 0xFF}}},
	{{{-32, 40, -39}, 0, {-16, -16}, {0x89, 0x27, 0xEA, 0xFF}}},
	{{{-31, -51, -42}, 0, {-16, -16}, {0x8E, 0xD1, 0xE1, 0xFF}}},
	{{{-31, -51, 42}, 0, {-16, -16}, {0x8E, 0xD1, 0x1F, 0xFF}}},
	{{{-32, 40, 39}, 0, {-16, -16}, {0x89, 0x27, 0x15, 0xFF}}},
};

Gfx jared_000_offset_mesh_layer_1_tri_0[] = {
	gsSPVertex(jared_000_offset_mesh_layer_1_vtx_0 + 0, 38, 0),
	gsSP2Triangles(0, 1, 2, 0, 0, 3, 1, 0),
	gsSP2Triangles(3, 0, 4, 0, 5, 4, 0, 0),
	gsSP2Triangles(0, 6, 5, 0, 6, 0, 7, 0),
	gsSP2Triangles(8, 7, 0, 0, 0, 2, 8, 0),
	gsSP2Triangles(9, 8, 2, 0, 2, 10, 9, 0),
	gsSP2Triangles(10, 2, 11, 0, 1, 11, 2, 0),
	gsSP2Triangles(1, 12, 11, 0, 12, 1, 3, 0),
	gsSP2Triangles(3, 13, 12, 0, 14, 13, 3, 0),
	gsSP2Triangles(4, 14, 3, 0, 15, 14, 4, 0),
	gsSP2Triangles(16, 15, 4, 0, 16, 4, 5, 0),
	gsSP2Triangles(16, 5, 17, 0, 17, 5, 6, 0),
	gsSP2Triangles(6, 18, 17, 0, 19, 18, 6, 0),
	gsSP2Triangles(7, 19, 6, 0, 20, 19, 7, 0),
	gsSP2Triangles(8, 20, 7, 0, 9, 20, 8, 0),
	gsSP2Triangles(9, 21, 20, 0, 21, 9, 22, 0),
	gsSP2Triangles(23, 22, 9, 0, 9, 10, 23, 0),
	gsSP2Triangles(23, 10, 24, 0, 11, 24, 10, 0),
	gsSP2Triangles(24, 11, 12, 0, 12, 25, 24, 0),
	gsSP2Triangles(26, 25, 12, 0, 13, 26, 12, 0),
	gsSP2Triangles(13, 27, 26, 0, 28, 27, 13, 0),
	gsSP2Triangles(13, 14, 28, 0, 15, 28, 14, 0),
	gsSP2Triangles(28, 15, 29, 0, 29, 15, 16, 0),
	gsSP2Triangles(16, 30, 29, 0, 30, 16, 31, 0),
	gsSP2Triangles(17, 31, 16, 0, 17, 32, 31, 0),
	gsSP2Triangles(17, 18, 32, 0, 32, 18, 19, 0),
	gsSP2Triangles(33, 32, 19, 0, 33, 19, 20, 0),
	gsSP2Triangles(21, 33, 20, 0, 34, 33, 21, 0),
	gsSP2Triangles(21, 22, 34, 0, 34, 22, 23, 0),
	gsSP2Triangles(34, 23, 35, 0, 23, 24, 35, 0),
	gsSP2Triangles(24, 25, 35, 0, 35, 25, 26, 0),
	gsSP2Triangles(36, 35, 26, 0, 26, 27, 36, 0),
	gsSP2Triangles(36, 27, 28, 0, 28, 29, 36, 0),
	gsSP2Triangles(29, 37, 36, 0, 29, 30, 37, 0),
	gsSP2Triangles(37, 30, 31, 0, 31, 32, 37, 0),
	gsSP2Triangles(37, 32, 34, 0, 32, 33, 34, 0),
	gsSP2Triangles(36, 37, 34, 0, 34, 35, 36, 0),
	gsSPEndDisplayList(),
};

Vtx jared_000_offset_001_mesh_layer_1_vtx_0[85] = {
	{{{-1, 89, -40}, 0, {760, 904}, {0x09, 0x79, 0xD9, 0xFF}}},
	{{{20, 85, -29}, 0, {974, 496}, {0x2B, 0x76, 0xEE, 0xFF}}},
	{{{39, 75, -34}, 0, {834, 56}, {0x47, 0x66, 0xE6, 0xFF}}},
	{{{-5, 77, -61}, 0, {248, 956}, {0xFB, 0x6B, 0xBC, 0xFF}}},
	{{{4, 66, -75}, 0, {-74, 626}, {0x13, 0x57, 0xA6, 0xFF}}},
	{{{21, 62, -73}, 0, {-40, 294}, {0x24, 0x53, 0xA7, 0xFF}}},
	{{{40, 64, -58}, 0, {296, -16}, {0x44, 0x5A, 0xC6, 0xFF}}},
	{{{39, 75, 35}, 0, {18, 90}, {0x47, 0x66, 0x1A, 0xFF}}},
	{{{20, 85, 30}, 0, {-76, 556}, {0x2B, 0x76, 0x12, 0xFF}}},
	{{{-1, 89, 41}, 0, {164, 946}, {0x0B, 0x78, 0x27, 0xFF}}},
	{{{-5, 77, 62}, 0, {666, 950}, {0xFC, 0x6B, 0x44, 0xFF}}},
	{{{4, 66, 76}, 0, {950, 574}, {0x16, 0x58, 0x59, 0xFF}}},
	{{{21, 62, 74}, 0, {886, 236}, {0x23, 0x54, 0x58, 0xFF}}},
	{{{40, 64, 59}, 0, {532, -16}, {0x44, 0x5B, 0x39, 0xFF}}},
	{{{39, 75, -34}, 0, {-16, -16}, {0x47, 0x66, 0xE6, 0xFF}}},
	{{{20, 85, 30}, 0, {-16, -16}, {0x2B, 0x76, 0x12, 0xFF}}},
	{{{39, 75, 35}, 0, {-16, -16}, {0x47, 0x66, 0x1A, 0xFF}}},
	{{{20, 85, -29}, 0, {-16, -16}, {0x2B, 0x76, 0xEE, 0xFF}}},
	{{{-1, 89, -40}, 0, {-16, -16}, {0x09, 0x79, 0xD9, 0xFF}}},
	{{{-1, 89, 41}, 0, {-16, -16}, {0x0B, 0x78, 0x27, 0xFF}}},
	{{{-18, 88, 35}, 0, {-16, -16}, {0xD4, 0x74, 0x1D, 0xFF}}},
	{{{-18, 87, -35}, 0, {-16, -16}, {0xD3, 0x73, 0xE1, 0xFF}}},
	{{{-5, 77, -61}, 0, {-16, -16}, {0xFB, 0x6B, 0xBC, 0xFF}}},
	{{{-17, 63, -74}, 0, {-16, -16}, {0xBE, 0x43, 0xAB, 0xFF}}},
	{{{-6, 58, -82}, 0, {-16, -16}, {0xF4, 0x3D, 0x91, 0xFF}}},
	{{{4, 66, -75}, 0, {-16, -16}, {0x13, 0x57, 0xA6, 0xFF}}},
	{{{1, 33, -90}, 0, {-16, -16}, {0x07, 0x1C, 0x84, 0xFF}}},
	{{{21, 62, -73}, 0, {-16, -16}, {0x24, 0x53, 0xA7, 0xFF}}},
	{{{35, 51, -74}, 0, {-16, -16}, {0x3B, 0x37, 0x9E, 0xFF}}},
	{{{40, 64, -58}, 0, {-16, -16}, {0x44, 0x5A, 0xC6, 0xFF}}},
	{{{72, 14, -61}, 0, {-16, -16}, {0x61, 0x23, 0xB6, 0xFF}}},
	{{{74, 37, -26}, 0, {-16, -16}, {0x68, 0x45, 0xEB, 0xFF}}},
	{{{92, 1, -23}, 0, {-16, -16}, {0x7C, 0x12, 0xEB, 0xFF}}},
	{{{76, -29, -62}, 0, {-16, -16}, {0x5F, 0xD8, 0xB5, 0xFF}}},
	{{{85, -36, -25}, 0, {-16, -16}, {0x6B, 0xBD, 0xF0, 0xFF}}},
	{{{58, -52, -50}, 0, {-16, -16}, {0x39, 0x97, 0xD5, 0xFF}}},
	{{{46, -63, 0}, 0, {-16, -16}, {0x2E, 0x8A, 0x00, 0xFF}}},
	{{{7, -61, -67}, 0, {-16, -16}, {0x00, 0x97, 0xB8, 0xFF}}},
	{{{-2, -74, 0}, 0, {-16, -16}, {0xF2, 0x82, 0x00, 0xFF}}},
	{{{8, -61, 68}, 0, {-16, -16}, {0x00, 0x97, 0x47, 0xFF}}},
	{{{58, -52, 51}, 0, {-16, -16}, {0x39, 0x97, 0x2B, 0xFF}}},
	{{{85, -36, 26}, 0, {-16, -16}, {0x6B, 0xBD, 0x10, 0xFF}}},
	{{{76, -29, 63}, 0, {-16, -16}, {0x5F, 0xD8, 0x4B, 0xFF}}},
	{{{92, 1, 24}, 0, {-16, -16}, {0x7C, 0x12, 0x15, 0xFF}}},
	{{{72, 14, 62}, 0, {-16, -16}, {0x61, 0x23, 0x4A, 0xFF}}},
	{{{74, 37, 27}, 0, {-16, -16}, {0x68, 0x45, 0x15, 0xFF}}},
	{{{40, 64, 59}, 0, {-16, -16}, {0x44, 0x5B, 0x39, 0xFF}}},
	{{{36, 51, 75}, 0, {-16, -16}, {0x3C, 0x38, 0x61, 0xFF}}},
	{{{21, 62, 74}, 0, {-16, -16}, {0x23, 0x54, 0x58, 0xFF}}},
	{{{1, 33, 91}, 0, {-16, -16}, {0x0C, 0x1B, 0x7B, 0xFF}}},
	{{{4, 66, 76}, 0, {-16, -16}, {0x16, 0x58, 0x59, 0xFF}}},
	{{{-6, 58, 84}, 0, {-16, -16}, {0xF5, 0x3E, 0x6E, 0xFF}}},
	{{{-5, 77, 62}, 0, {-16, -16}, {0xFC, 0x6B, 0x44, 0xFF}}},
	{{{-17, 63, 75}, 0, {-16, -16}, {0xBC, 0x44, 0x52, 0xFF}}},
	{{{-26, 72, 55}, 0, {-16, -16}, {0xB2, 0x4F, 0x3D, 0xFF}}},
	{{{-29, 83, 25}, 0, {-16, -16}, {0xAE, 0x60, 0x0E, 0xFF}}},
	{{{-29, 83, -24}, 0, {-16, -16}, {0xB1, 0x63, 0xF2, 0xFF}}},
	{{{-26, 72, -54}, 0, {-16, -16}, {0xB3, 0x50, 0xC3, 0xFF}}},
	{{{-51, 54, -29}, 0, {-16, -16}, {0x89, 0x21, 0xE3, 0xFF}}},
	{{{-16, 26, -89}, 0, {-16, -16}, {0xBB, 0x0C, 0x96, 0xFF}}},
	{{{-3, -10, -92}, 0, {-16, -16}, {0xF4, 0xED, 0x83, 0xFF}}},
	{{{-16, -25, -86}, 0, {-16, -16}, {0xC0, 0xD9, 0x9A, 0xFF}}},
	{{{-18, -58, -59}, 0, {-16, -16}, {0xB9, 0xA5, 0xCC, 0xFF}}},
	{{{-18, -66, 0}, 0, {-16, -16}, {0xAD, 0xA0, 0x00, 0xFF}}},
	{{{-18, -58, 59}, 0, {-16, -16}, {0xB8, 0xA5, 0x33, 0xFF}}},
	{{{-18, -66, 0}, 0, {-16, -16}, {0xAD, 0xA0, 0x00, 0xFF}}},
	{{{-2, -74, 0}, 0, {-16, -16}, {0xF2, 0x82, 0x00, 0xFF}}},
	{{{8, -61, 68}, 0, {-16, -16}, {0x00, 0x97, 0x47, 0xFF}}},
	{{{-16, -25, 87}, 0, {-16, -16}, {0xBF, 0xD8, 0x65, 0xFF}}},
	{{{-3, -11, 93}, 0, {-16, -16}, {0xF6, 0xEB, 0x7D, 0xFF}}},
	{{{-16, 26, 91}, 0, {-16, -16}, {0xBD, 0x0C, 0x6B, 0xFF}}},
	{{{1, 33, 91}, 0, {-16, -16}, {0x0C, 0x1B, 0x7B, 0xFF}}},
	{{{-6, 58, 84}, 0, {-16, -16}, {0xF5, 0x3E, 0x6E, 0xFF}}},
	{{{-17, 63, 75}, 0, {-16, -16}, {0xBC, 0x44, 0x52, 0xFF}}},
	{{{-51, 54, 30}, 0, {-16, -16}, {0x89, 0x21, 0x1D, 0xFF}}},
	{{{-26, 72, 55}, 0, {-16, -16}, {0xB2, 0x4F, 0x3D, 0xFF}}},
	{{{-29, 83, 25}, 0, {-16, -16}, {0xAE, 0x60, 0x0E, 0xFF}}},
	{{{-51, 54, -29}, 0, {-16, -16}, {0x89, 0x21, 0xE3, 0xFF}}},
	{{{-29, 83, -24}, 0, {-16, -16}, {0xB1, 0x63, 0xF2, 0xFF}}},
	{{{-26, 72, -54}, 0, {-16, -16}, {0xB3, 0x50, 0xC3, 0xFF}}},
	{{{-41, -28, 38}, 0, {-16, -16}, {0x8A, 0xDB, 0x1C, 0xFF}}},
	{{{-41, -28, -37}, 0, {-16, -16}, {0x8A, 0xDB, 0xE4, 0xFF}}},
	{{{-16, 26, -89}, 0, {-16, -16}, {0xBB, 0x0C, 0x96, 0xFF}}},
	{{{-16, -25, -86}, 0, {-16, -16}, {0xC0, 0xD9, 0x9A, 0xFF}}},
	{{{-18, -58, -59}, 0, {-16, -16}, {0xB9, 0xA5, 0xCC, 0xFF}}},
};

Gfx jared_000_offset_001_mesh_layer_1_tri_0[] = {
	gsSPVertex(jared_000_offset_001_mesh_layer_1_vtx_0 + 0, 64, 0),
	gsSP2Triangles(0, 1, 2, 0, 3, 0, 2, 0),
	gsSP2Triangles(4, 3, 2, 0, 5, 4, 2, 0),
	gsSP2Triangles(2, 6, 5, 0, 7, 8, 9, 0),
	gsSP2Triangles(9, 10, 7, 0, 10, 11, 7, 0),
	gsSP2Triangles(11, 12, 7, 0, 12, 13, 7, 0),
	gsSP2Triangles(14, 15, 16, 0, 14, 17, 15, 0),
	gsSP2Triangles(15, 17, 18, 0, 19, 15, 18, 0),
	gsSP2Triangles(19, 18, 20, 0, 18, 21, 20, 0),
	gsSP2Triangles(21, 18, 22, 0, 21, 22, 23, 0),
	gsSP2Triangles(23, 22, 24, 0, 25, 24, 22, 0),
	gsSP2Triangles(26, 24, 25, 0, 26, 25, 27, 0),
	gsSP2Triangles(26, 27, 28, 0, 29, 28, 27, 0),
	gsSP2Triangles(30, 28, 29, 0, 31, 30, 29, 0),
	gsSP2Triangles(29, 14, 31, 0, 30, 31, 32, 0),
	gsSP2Triangles(30, 32, 33, 0, 32, 34, 33, 0),
	gsSP2Triangles(33, 34, 35, 0, 36, 35, 34, 0),
	gsSP2Triangles(37, 35, 36, 0, 36, 38, 37, 0),
	gsSP2Triangles(39, 38, 36, 0, 39, 36, 40, 0),
	gsSP2Triangles(41, 40, 36, 0, 40, 41, 42, 0),
	gsSP2Triangles(42, 41, 43, 0, 44, 42, 43, 0),
	gsSP2Triangles(43, 45, 44, 0, 44, 45, 46, 0),
	gsSP2Triangles(16, 46, 45, 0, 46, 47, 44, 0),
	gsSP2Triangles(48, 47, 46, 0, 49, 47, 48, 0),
	gsSP2Triangles(48, 50, 49, 0, 50, 51, 49, 0),
	gsSP2Triangles(52, 51, 50, 0, 53, 51, 52, 0),
	gsSP2Triangles(20, 53, 52, 0, 52, 19, 20, 0),
	gsSP2Triangles(20, 54, 53, 0, 54, 20, 55, 0),
	gsSP2Triangles(56, 55, 20, 0, 56, 20, 21, 0),
	gsSP2Triangles(56, 21, 57, 0, 23, 57, 21, 0),
	gsSP2Triangles(57, 23, 58, 0, 23, 59, 58, 0),
	gsSP2Triangles(59, 23, 24, 0, 59, 24, 26, 0),
	gsSP2Triangles(60, 59, 26, 0, 61, 59, 60, 0),
	gsSP2Triangles(37, 61, 60, 0, 37, 62, 61, 0),
	gsSP2Triangles(62, 37, 38, 0, 38, 63, 62, 0),
	gsSPVertex(jared_000_offset_001_mesh_layer_1_vtx_0 + 64, 21, 0),
	gsSP2Triangles(0, 1, 2, 0, 2, 3, 0, 0),
	gsSP2Triangles(0, 3, 4, 0, 3, 5, 4, 0),
	gsSP2Triangles(5, 6, 4, 0, 6, 5, 7, 0),
	gsSP2Triangles(6, 7, 8, 0, 9, 6, 8, 0),
	gsSP2Triangles(10, 6, 9, 0, 10, 9, 11, 0),
	gsSP2Triangles(11, 12, 10, 0, 12, 13, 10, 0),
	gsSP2Triangles(12, 14, 13, 0, 13, 14, 15, 0),
	gsSP2Triangles(13, 16, 10, 0, 13, 17, 16, 0),
	gsSP2Triangles(17, 13, 18, 0, 18, 19, 17, 0),
	gsSP2Triangles(19, 20, 17, 0, 1, 17, 20, 0),
	gsSP2Triangles(16, 17, 1, 0, 1, 0, 16, 0),
	gsSP2Triangles(0, 4, 16, 0, 16, 4, 6, 0),
	gsSP1Triangle(6, 10, 16, 0),
	gsSPEndDisplayList(),
};

Vtx jared_000_offset_001_mesh_layer_1_vtx_1[27] = {
	{{{39, 75, -34}, 0, {-16, -16}, {0x47, 0x66, 0xE6, 0xFF}}},
	{{{39, 75, 35}, 0, {-16, -16}, {0x47, 0x66, 0x1A, 0xFF}}},
	{{{74, 37, 27}, 0, {-16, -16}, {0x68, 0x45, 0x15, 0xFF}}},
	{{{74, 37, -26}, 0, {-16, -16}, {0x68, 0x45, 0xEB, 0xFF}}},
	{{{92, 1, 24}, 0, {-16, -16}, {0x7C, 0x12, 0x15, 0xFF}}},
	{{{92, 1, -23}, 0, {-16, -16}, {0x7C, 0x12, 0xEB, 0xFF}}},
	{{{85, -36, 26}, 0, {-16, -16}, {0x6B, 0xBD, 0x10, 0xFF}}},
	{{{85, -36, -25}, 0, {-16, -16}, {0x6B, 0xBD, 0xF0, 0xFF}}},
	{{{46, -63, 0}, 0, {-16, -16}, {0x2E, 0x8A, 0x00, 0xFF}}},
	{{{8, -61, 68}, 0, {-16, -16}, {0x00, 0x97, 0x47, 0xFF}}},
	{{{38, -34, 84}, 0, {-16, -16}, {0x24, 0xC9, 0x6D, 0xFF}}},
	{{{-3, -11, 93}, 0, {-16, -16}, {0xF6, 0xEB, 0x7D, 0xFF}}},
	{{{58, -52, 51}, 0, {-16, -16}, {0x39, 0x97, 0x2B, 0xFF}}},
	{{{76, -29, 63}, 0, {-16, -16}, {0x5F, 0xD8, 0x4B, 0xFF}}},
	{{{39, 3, 89}, 0, {-16, -16}, {0x2F, 0x08, 0x76, 0xFF}}},
	{{{72, 14, 62}, 0, {-16, -16}, {0x61, 0x23, 0x4A, 0xFF}}},
	{{{36, 51, 75}, 0, {-16, -16}, {0x3C, 0x38, 0x61, 0xFF}}},
	{{{1, 33, 91}, 0, {-16, -16}, {0x0C, 0x1B, 0x7B, 0xFF}}},
	{{{-3, -10, -92}, 0, {-16, -16}, {0xF4, 0xED, 0x83, 0xFF}}},
	{{{1, 33, -90}, 0, {-16, -16}, {0x07, 0x1C, 0x84, 0xFF}}},
	{{{39, 3, -88}, 0, {-16, -16}, {0x2F, 0x09, 0x8A, 0xFF}}},
	{{{35, 51, -74}, 0, {-16, -16}, {0x3B, 0x37, 0x9E, 0xFF}}},
	{{{72, 14, -61}, 0, {-16, -16}, {0x61, 0x23, 0xB6, 0xFF}}},
	{{{76, -29, -62}, 0, {-16, -16}, {0x5F, 0xD8, 0xB5, 0xFF}}},
	{{{38, -34, -83}, 0, {-16, -16}, {0x23, 0xC9, 0x93, 0xFF}}},
	{{{58, -52, -50}, 0, {-16, -16}, {0x39, 0x97, 0xD5, 0xFF}}},
	{{{7, -61, -67}, 0, {-16, -16}, {0x00, 0x97, 0xB8, 0xFF}}},
};

Gfx jared_000_offset_001_mesh_layer_1_tri_1[] = {
	gsSPVertex(jared_000_offset_001_mesh_layer_1_vtx_1 + 0, 27, 0),
	gsSP2Triangles(0, 1, 2, 0, 0, 2, 3, 0),
	gsSP2Triangles(4, 3, 2, 0, 4, 5, 3, 0),
	gsSP2Triangles(5, 4, 6, 0, 5, 6, 7, 0),
	gsSP2Triangles(8, 7, 6, 0, 9, 10, 11, 0),
	gsSP2Triangles(9, 12, 10, 0, 13, 10, 12, 0),
	gsSP2Triangles(14, 10, 13, 0, 15, 14, 13, 0),
	gsSP2Triangles(16, 14, 15, 0, 17, 14, 16, 0),
	gsSP2Triangles(17, 11, 14, 0, 10, 14, 11, 0),
	gsSP2Triangles(18, 19, 20, 0, 20, 19, 21, 0),
	gsSP2Triangles(22, 20, 21, 0, 23, 20, 22, 0),
	gsSP2Triangles(23, 24, 20, 0, 25, 24, 23, 0),
	gsSP2Triangles(24, 25, 26, 0, 18, 24, 26, 0),
	gsSP1Triangle(18, 20, 24, 0),
	gsSPEndDisplayList(),
};

Vtx jared_000_displaylist_mesh_layer_1_vtx_0[35] = {
	{{{199, 96, 28}, 0, {732, 846}, {0x4D, 0x54, 0x38, 0xFF}}},
	{{{157, 39, 83}, 0, {1246, 1194}, {0xFC, 0x3D, 0x70, 0xFF}}},
	{{{265, 71, 62}, 0, {1016, 132}, {0x45, 0x46, 0x51, 0xFF}}},
	{{{286, 85, 0}, 0, {448, -128}, {0x61, 0x52, 0x00, 0xFF}}},
	{{{199, 96, -27}, 0, {216, 860}, {0x4D, 0x54, 0xC9, 0xFF}}},
	{{{265, 71, -61}, 0, {-104, 164}, {0x45, 0x46, 0xAF, 0xFF}}},
	{{{157, 39, -83}, 0, {-276, 1238}, {0xFA, 0x3A, 0x8F, 0xFF}}},
	{{{199, 96, 28}, 0, {-16, -16}, {0x4D, 0x54, 0x38, 0xFF}}},
	{{{174, 134, 58}, 0, {-16, -16}, {0xE3, 0x51, 0x5D, 0xFF}}},
	{{{157, 39, 83}, 0, {-16, -16}, {0xFC, 0x3D, 0x70, 0xFF}}},
	{{{181, 166, 0}, 0, {-16, -16}, {0xF8, 0x7F, 0xFF, 0xFF}}},
	{{{199, 96, -27}, 0, {-16, -16}, {0x4D, 0x54, 0xC9, 0xFF}}},
	{{{174, 133, -57}, 0, {-16, -16}, {0xE2, 0x50, 0xA2, 0xFF}}},
	{{{157, 39, -83}, 0, {-16, -16}, {0xFA, 0x3A, 0x8F, 0xFF}}},
	{{{177, 96, -28}, 0, {-16, -16}, {0xA4, 0x57, 0xFB, 0xFF}}},
	{{{177, 96, 29}, 0, {-16, -16}, {0xA3, 0x57, 0x05, 0xFF}}},
	{{{283, 5, 37}, 0, {-16, -16}, {0x70, 0xD4, 0x28, 0xFF}}},
	{{{286, 85, 0}, 0, {-16, -16}, {0x61, 0x52, 0x00, 0xFF}}},
	{{{265, 71, 62}, 0, {-16, -16}, {0x45, 0x46, 0x51, 0xFF}}},
	{{{283, 4, -36}, 0, {-16, -16}, {0x70, 0xD3, 0xD9, 0xFF}}},
	{{{179, -88, 67}, 0, {-16, -16}, {0x4C, 0xAB, 0x38, 0xFF}}},
	{{{198, 1, 127}, 0, {-16, -16}, {0x1C, 0x09, 0x7C, 0xFF}}},
	{{{128, -5, 91}, 0, {-16, -16}, {0xEB, 0x26, 0x77, 0xFF}}},
	{{{137, -48, 117}, 0, {-16, -16}, {0xE2, 0xE8, 0x79, 0xFF}}},
	{{{93, -49, 76}, 0, {-16, -16}, {0xEA, 0xAE, 0x5E, 0xFF}}},
	{{{68, -100, 47}, 0, {-16, -16}, {0xEB, 0x97, 0x44, 0xFF}}},
	{{{124, -154, 44}, 0, {-16, -16}, {0x03, 0x8A, 0x2F, 0xFF}}},
	{{{124, -154, -42}, 0, {-16, -16}, {0x03, 0x8A, 0xD2, 0xFF}}},
	{{{68, -101, -45}, 0, {-16, -16}, {0xEA, 0x97, 0xBC, 0xFF}}},
	{{{137, -49, -116}, 0, {-16, -16}, {0xE2, 0xEA, 0x87, 0xFF}}},
	{{{93, -49, -75}, 0, {-16, -16}, {0xEB, 0xAD, 0xA2, 0xFF}}},
	{{{128, -7, -88}, 0, {-16, -16}, {0xF0, 0x25, 0x88, 0xFF}}},
	{{{198, 0, -125}, 0, {-16, -16}, {0x1B, 0x08, 0x84, 0xFF}}},
	{{{265, 71, -61}, 0, {-16, -16}, {0x45, 0x46, 0xAF, 0xFF}}},
	{{{179, -89, -65}, 0, {-16, -16}, {0x4D, 0xAB, 0xC9, 0xFF}}},
};

Gfx jared_000_displaylist_mesh_layer_1_tri_0[] = {
	gsSPVertex(jared_000_displaylist_mesh_layer_1_vtx_0 + 0, 35, 0),
	gsSP2Triangles(0, 1, 2, 0, 2, 3, 0, 0),
	gsSP2Triangles(3, 4, 0, 0, 3, 5, 4, 0),
	gsSP2Triangles(5, 6, 4, 0, 7, 8, 9, 0),
	gsSP2Triangles(7, 10, 8, 0, 11, 10, 7, 0),
	gsSP2Triangles(12, 10, 11, 0, 12, 11, 13, 0),
	gsSP2Triangles(14, 12, 13, 0, 14, 10, 12, 0),
	gsSP2Triangles(14, 15, 10, 0, 8, 10, 15, 0),
	gsSP2Triangles(9, 8, 15, 0, 16, 17, 18, 0),
	gsSP2Triangles(19, 17, 16, 0, 19, 16, 20, 0),
	gsSP2Triangles(16, 21, 20, 0, 18, 21, 16, 0),
	gsSP2Triangles(21, 18, 9, 0, 21, 9, 22, 0),
	gsSP2Triangles(22, 23, 21, 0, 24, 23, 22, 0),
	gsSP2Triangles(25, 23, 24, 0, 25, 26, 23, 0),
	gsSP2Triangles(27, 26, 25, 0, 28, 27, 25, 0),
	gsSP2Triangles(29, 27, 28, 0, 30, 29, 28, 0),
	gsSP2Triangles(31, 29, 30, 0, 32, 29, 31, 0),
	gsSP2Triangles(13, 32, 31, 0, 13, 33, 32, 0),
	gsSP2Triangles(19, 32, 33, 0, 33, 17, 19, 0),
	gsSP2Triangles(34, 32, 19, 0, 32, 34, 29, 0),
	gsSP2Triangles(34, 27, 29, 0, 26, 27, 34, 0),
	gsSP2Triangles(34, 20, 26, 0, 34, 19, 20, 0),
	gsSP2Triangles(23, 26, 20, 0, 23, 20, 21, 0),
	gsSPEndDisplayList(),
};

Vtx jared_000_displaylist_mesh_layer_1_vtx_1[16] = {
	{{{109, -4, 91}, 0, {854, 602}, {0x06, 0x38, 0x72, 0xFF}}},
	{{{103, 53, 85}, 0, {-62, 762}, {0x0B, 0x22, 0x7A, 0xFF}}},
	{{{43, 44, 88}, 0, {86, 1612}, {0xD5, 0x1C, 0x74, 0xFF}}},
	{{{128, -5, 91}, 0, {872, 234}, {0xEB, 0x26, 0x77, 0xFF}}},
	{{{157, 39, 83}, 0, {132, -178}, {0xFC, 0x3D, 0x70, 0xFF}}},
	{{{43, 43, -86}, 0, {184, 1432}, {0xD5, 0x1B, 0x8C, 0xFF}}},
	{{{103, 51, -84}, 0, {-34, 670}, {0x0B, 0x20, 0x86, 0xFF}}},
	{{{109, -4, -89}, 0, {878, 536}, {0x10, 0x36, 0x8E, 0xFF}}},
	{{{128, -7, -88}, 0, {888, 212}, {0xF0, 0x25, 0x88, 0xFF}}},
	{{{157, 39, -83}, 0, {90, -166}, {0xFA, 0x3A, 0x8F, 0xFF}}},
	{{{43, 44, 88}, 0, {-16, -16}, {0xD5, 0x1C, 0x74, 0xFF}}},
	{{{43, 0, 93}, 0, {-16, -16}, {0xBE, 0x0B, 0x6C, 0xFF}}},
	{{{109, -4, 91}, 0, {-16, -16}, {0x06, 0x38, 0x72, 0xFF}}},
	{{{109, -4, -89}, 0, {-16, -16}, {0x10, 0x36, 0x8E, 0xFF}}},
	{{{43, -1, -92}, 0, {-16, -16}, {0xBE, 0x0B, 0x94, 0xFF}}},
	{{{43, 43, -86}, 0, {-16, -16}, {0xD5, 0x1B, 0x8C, 0xFF}}},
};

Gfx jared_000_displaylist_mesh_layer_1_tri_1[] = {
	gsSPVertex(jared_000_displaylist_mesh_layer_1_vtx_1 + 0, 16, 0),
	gsSP2Triangles(0, 1, 2, 0, 0, 3, 1, 0),
	gsSP2Triangles(4, 1, 3, 0, 5, 6, 7, 0),
	gsSP2Triangles(7, 6, 8, 0, 8, 6, 9, 0),
	gsSP2Triangles(10, 11, 12, 0, 13, 14, 15, 0),
	gsSPEndDisplayList(),
};

Vtx jared_000_displaylist_mesh_layer_1_vtx_2[76] = {
	{{{109, 90, -62}, 0, {-124, 840}, {0x11, 0x65, 0xB5, 0xFF}}},
	{{{94, 104, -22}, 0, {262, 1010}, {0x43, 0x4B, 0xB3, 0xFF}}},
	{{{155, 88, -60}, 0, {-120, 388}, {0x2D, 0x56, 0xAE, 0xFF}}},
	{{{177, 96, -28}, 0, {164, 78}, {0xA4, 0x57, 0xFB, 0xFF}}},
	{{{154, 100, 0}, 0, {456, 426}, {0x0F, 0x7E, 0x00, 0xFF}}},
	{{{103, 108, 0}, 0, {474, 928}, {0x67, 0x4A, 0x00, 0xFF}}},
	{{{94, 104, 22}, 0, {692, 996}, {0x46, 0x4B, 0x4B, 0xFF}}},
	{{{177, 96, 29}, 0, {724, 60}, {0xA3, 0x57, 0x05, 0xFF}}},
	{{{155, 88, 61}, 0, {1030, 352}, {0x2E, 0x55, 0x52, 0xFF}}},
	{{{109, 90, 63}, 0, {1068, 802}, {0x12, 0x65, 0x4B, 0xFF}}},
	{{{157, 39, 83}, 0, {1256, 82}, {0xFC, 0x3D, 0x70, 0xFF}}},
	{{{157, 39, -83}, 0, {-364, 134}, {0xFA, 0x3A, 0x8F, 0xFF}}},
	{{{109, 90, -62}, 0, {-16, -16}, {0x11, 0x65, 0xB5, 0xFF}}},
	{{{78, 89, -75}, 0, {-16, -16}, {0x07, 0x54, 0xA1, 0xFF}}},
	{{{94, 104, -22}, 0, {-16, -16}, {0x43, 0x4B, 0xB3, 0xFF}}},
	{{{103, 51, -84}, 0, {-16, -16}, {0x0B, 0x20, 0x86, 0xFF}}},
	{{{155, 88, -60}, 0, {-16, -16}, {0x2D, 0x56, 0xAE, 0xFF}}},
	{{{157, 39, -83}, 0, {-16, -16}, {0xFA, 0x3A, 0x8F, 0xFF}}},
	{{{43, 43, -86}, 0, {-16, -16}, {0xD5, 0x1B, 0x8C, 0xFF}}},
	{{{103, 53, 85}, 0, {-16, -16}, {0x0B, 0x22, 0x7A, 0xFF}}},
	{{{157, 39, 83}, 0, {-16, -16}, {0xFC, 0x3D, 0x70, 0xFF}}},
	{{{155, 88, 61}, 0, {-16, -16}, {0x2E, 0x55, 0x52, 0xFF}}},
	{{{109, 90, 63}, 0, {-16, -16}, {0x12, 0x65, 0x4B, 0xFF}}},
	{{{78, 90, 75}, 0, {-16, -16}, {0x07, 0x56, 0x5D, 0xFF}}},
	{{{43, 44, 88}, 0, {-16, -16}, {0xD5, 0x1C, 0x74, 0xFF}}},
	{{{94, 104, 22}, 0, {274, -8}, {0x46, 0x4B, 0x4B, 0xFF}}},
	{{{78, 90, 75}, 0, {878, 10}, {0x07, 0x56, 0x5D, 0xFF}}},
	{{{109, 90, 63}, 0, {744, -376}, {0x12, 0x65, 0x4B, 0xFF}}},
	{{{32, 107, 0}, 0, {-16, -16}, {0x8A, 0x30, 0xFF, 0xFF}}},
	{{{20, 98, -27}, 0, {-16, -16}, {0xAE, 0x5B, 0xDF, 0xFF}}},
	{{{20, 98, 27}, 0, {-16, -16}, {0xAD, 0x5B, 0x20, 0xFF}}},
	{{{-16, 57, 0}, 0, {-16, -16}, {0x85, 0x1E, 0x00, 0xFF}}},
	{{{-3, 50, -47}, 0, {-16, -16}, {0x95, 0x17, 0xC0, 0xFF}}},
	{{{13, -75, -35}, 0, {-16, -16}, {0x85, 0xEE, 0xE7, 0xFF}}},
	{{{43, -1, -92}, 0, {-16, -16}, {0xBE, 0x0B, 0x94, 0xFF}}},
	{{{43, -64, -71}, 0, {-16, -16}, {0xD1, 0xD1, 0x94, 0xFF}}},
	{{{69, -25, -121}, 0, {-16, -16}, {0xDB, 0x0A, 0x87, 0xFF}}},
	{{{109, -4, -89}, 0, {-16, -16}, {0x10, 0x36, 0x8E, 0xFF}}},
	{{{108, -37, -121}, 0, {-16, -16}, {0x43, 0xD8, 0x9C, 0xFF}}},
	{{{128, -7, -88}, 0, {-16, -16}, {0xF0, 0x25, 0x88, 0xFF}}},
	{{{93, -49, -75}, 0, {-16, -16}, {0xEB, 0xAD, 0xA2, 0xFF}}},
	{{{-3, 50, 48}, 0, {-16, -16}, {0x95, 0x17, 0x40, 0xFF}}},
	{{{13, -75, 37}, 0, {-16, -16}, {0x85, 0xEE, 0x19, 0xFF}}},
	{{{43, 0, 93}, 0, {-16, -16}, {0xBE, 0x0B, 0x6C, 0xFF}}},
	{{{43, -64, 72}, 0, {-16, -16}, {0xD1, 0xD2, 0x6D, 0xFF}}},
	{{{69, -24, 123}, 0, {-16, -16}, {0xDC, 0x0B, 0x79, 0xFF}}},
	{{{108, -36, 122}, 0, {-16, -16}, {0x45, 0xD9, 0x64, 0xFF}}},
	{{{93, -49, 76}, 0, {-16, -16}, {0xEA, 0xAE, 0x5E, 0xFF}}},
	{{{128, -5, 91}, 0, {-16, -16}, {0xEB, 0x26, 0x77, 0xFF}}},
	{{{109, -4, 91}, 0, {-16, -16}, {0x06, 0x38, 0x72, 0xFF}}},
	{{{108, 131, 0}, 0, {-16, -16}, {0x7E, 0xF1, 0x00, 0xFF}}},
	{{{103, 108, 0}, 0, {-16, -16}, {0x67, 0x4A, 0x00, 0xFF}}},
	{{{94, 104, 22}, 0, {-16, -16}, {0x46, 0x4B, 0x4B, 0xFF}}},
	{{{95, 130, 40}, 0, {-16, -16}, {0x47, 0xE5, 0x66, 0xFF}}},
	{{{95, 163, 40}, 0, {-16, -16}, {0x3F, 0x3C, 0x5D, 0xFF}}},
	{{{108, 163, 0}, 0, {-16, -16}, {0x75, 0x31, 0x00, 0xFF}}},
	{{{95, 130, -39}, 0, {-16, -16}, {0x47, 0xE6, 0x9A, 0xFF}}},
	{{{65, 107, -30}, 0, {-16, -16}, {0x0E, 0x32, 0x8C, 0xFF}}},
	{{{41, 129, -39}, 0, {-16, -16}, {0xC0, 0xE5, 0x96, 0xFF}}},
	{{{44, 110, -29}, 0, {-16, -16}, {0xB8, 0x2D, 0xA2, 0xFF}}},
	{{{21, 129, 0}, 0, {-16, -16}, {0x84, 0xE5, 0xFF, 0xFF}}},
	{{{44, 110, 30}, 0, {-16, -16}, {0xB8, 0x2E, 0x5E, 0xFF}}},
	{{{41, 130, 40}, 0, {-16, -16}, {0xBF, 0xE6, 0x6A, 0xFF}}},
	{{{65, 107, 31}, 0, {-16, -16}, {0x0E, 0x33, 0x74, 0xFF}}},
	{{{95, 163, 40}, 0, {-16, -16}, {0x3F, 0x3C, 0x5D, 0xFF}}},
	{{{41, 162, 40}, 0, {-16, -16}, {0xC7, 0x3C, 0x60, 0xFF}}},
	{{{41, 130, 40}, 0, {-16, -16}, {0xBF, 0xE6, 0x6A, 0xFF}}},
	{{{89, 180, 0}, 0, {-16, -16}, {0x25, 0x79, 0xFF, 0xFF}}},
	{{{108, 163, 0}, 0, {-16, -16}, {0x75, 0x31, 0x00, 0xFF}}},
	{{{95, 163, -39}, 0, {-16, -16}, {0x3E, 0x3C, 0xA3, 0xFF}}},
	{{{95, 130, -39}, 0, {-16, -16}, {0x47, 0xE6, 0x9A, 0xFF}}},
	{{{41, 162, -39}, 0, {-16, -16}, {0xC7, 0x3B, 0x9F, 0xFF}}},
	{{{41, 129, -39}, 0, {-16, -16}, {0xC0, 0xE5, 0x96, 0xFF}}},
	{{{21, 129, 0}, 0, {-16, -16}, {0x84, 0xE5, 0xFF, 0xFF}}},
	{{{21, 162, 0}, 0, {-16, -16}, {0x8C, 0x34, 0xFF, 0xFF}}},
	{{{44, 179, 0}, 0, {-16, -16}, {0xDC, 0x7A, 0xFF, 0xFF}}},
};

Gfx jared_000_displaylist_mesh_layer_1_tri_2[] = {
	gsSPVertex(jared_000_displaylist_mesh_layer_1_vtx_2 + 0, 64, 0),
	gsSP2Triangles(0, 1, 2, 0, 1, 3, 2, 0),
	gsSP2Triangles(1, 4, 3, 0, 1, 5, 4, 0),
	gsSP2Triangles(4, 5, 6, 0, 7, 4, 6, 0),
	gsSP2Triangles(8, 7, 6, 0, 6, 9, 8, 0),
	gsSP2Triangles(10, 7, 8, 0, 3, 4, 7, 0),
	gsSP2Triangles(2, 3, 11, 0, 12, 13, 14, 0),
	gsSP2Triangles(15, 13, 12, 0, 15, 12, 16, 0),
	gsSP2Triangles(16, 17, 15, 0, 13, 15, 18, 0),
	gsSP2Triangles(19, 20, 21, 0, 21, 22, 19, 0),
	gsSP2Triangles(22, 23, 19, 0, 24, 19, 23, 0),
	gsSP2Triangles(25, 26, 27, 0, 28, 29, 30, 0),
	gsSP2Triangles(30, 29, 31, 0, 29, 32, 31, 0),
	gsSP2Triangles(33, 31, 32, 0, 34, 33, 32, 0),
	gsSP2Triangles(34, 32, 18, 0, 34, 35, 33, 0),
	gsSP2Triangles(34, 36, 35, 0, 37, 36, 34, 0),
	gsSP2Triangles(37, 38, 36, 0, 38, 37, 39, 0),
	gsSP2Triangles(38, 39, 40, 0, 40, 35, 38, 0),
	gsSP2Triangles(36, 38, 35, 0, 31, 41, 30, 0),
	gsSP2Triangles(42, 41, 31, 0, 33, 42, 31, 0),
	gsSP2Triangles(41, 42, 43, 0, 42, 44, 43, 0),
	gsSP2Triangles(45, 43, 44, 0, 44, 46, 45, 0),
	gsSP2Triangles(44, 47, 46, 0, 47, 48, 46, 0),
	gsSP2Triangles(48, 49, 46, 0, 45, 46, 49, 0),
	gsSP2Triangles(43, 45, 49, 0, 24, 41, 43, 0),
	gsSP2Triangles(50, 51, 14, 0, 52, 51, 50, 0),
	gsSP2Triangles(50, 53, 52, 0, 54, 53, 50, 0),
	gsSP2Triangles(55, 54, 50, 0, 50, 56, 55, 0),
	gsSP2Triangles(14, 56, 50, 0, 56, 14, 57, 0),
	gsSP2Triangles(58, 56, 57, 0, 57, 59, 58, 0),
	gsSP2Triangles(60, 58, 59, 0, 59, 28, 60, 0),
	gsSP2Triangles(60, 28, 61, 0, 61, 62, 60, 0),
	gsSP2Triangles(62, 61, 63, 0, 53, 62, 63, 0),
	gsSP2Triangles(63, 52, 53, 0, 53, 54, 62, 0),
	gsSPVertex(jared_000_displaylist_mesh_layer_1_vtx_2 + 64, 12, 0),
	gsSP2Triangles(0, 1, 2, 0, 0, 3, 1, 0),
	gsSP2Triangles(3, 0, 4, 0, 3, 4, 5, 0),
	gsSP2Triangles(6, 5, 4, 0, 7, 5, 6, 0),
	gsSP2Triangles(8, 7, 6, 0, 7, 8, 9, 0),
	gsSP2Triangles(10, 7, 9, 0, 9, 2, 10, 0),
	gsSP2Triangles(2, 1, 10, 0, 10, 1, 11, 0),
	gsSP2Triangles(3, 11, 1, 0, 7, 11, 3, 0),
	gsSP2Triangles(7, 3, 5, 0, 10, 11, 7, 0),
	gsSPEndDisplayList(),
};

Vtx jared_000_displaylist_mesh_layer_1_vtx_3[18] = {
	{{{65, 107, -30}, 0, {340, 394}, {0x0E, 0x32, 0x8C, 0xFF}}},
	{{{94, 104, -22}, 0, {288, 44}, {0x43, 0x4B, 0xB3, 0xFF}}},
	{{{78, 89, -75}, 0, {868, 18}, {0x07, 0x54, 0xA1, 0xFF}}},
	{{{44, 94, -63}, 0, {722, 514}, {0xD4, 0x58, 0xAF, 0xFF}}},
	{{{43, 43, -86}, 0, {1194, 282}, {0xD5, 0x1B, 0x8C, 0xFF}}},
	{{{-3, 50, -47}, 0, {746, 1052}, {0x95, 0x17, 0xC0, 0xFF}}},
	{{{20, 98, -27}, 0, {332, 974}, {0xAE, 0x5B, 0xDF, 0xFF}}},
	{{{44, 110, -29}, 0, {310, 688}, {0xB8, 0x2D, 0xA2, 0xFF}}},
	{{{32, 107, 0}, 0, {24, 938}, {0x8A, 0x30, 0xFF, 0xFF}}},
	{{{78, 90, 75}, 0, {878, 10}, {0x07, 0x56, 0x5D, 0xFF}}},
	{{{94, 104, 22}, 0, {274, -8}, {0x46, 0x4B, 0x4B, 0xFF}}},
	{{{65, 107, 31}, 0, {344, 360}, {0x0E, 0x33, 0x74, 0xFF}}},
	{{{44, 94, 64}, 0, {748, 514}, {0xD4, 0x58, 0x50, 0xFF}}},
	{{{44, 110, 30}, 0, {324, 666}, {0xB8, 0x2E, 0x5E, 0xFF}}},
	{{{20, 98, 27}, 0, {360, 966}, {0xAD, 0x5B, 0x20, 0xFF}}},
	{{{32, 107, 0}, 0, {36, 902}, {0x8A, 0x30, 0xFF, 0xFF}}},
	{{{-3, 50, 48}, 0, {796, 1078}, {0x95, 0x17, 0x40, 0xFF}}},
	{{{43, 44, 88}, 0, {1230, 310}, {0xD5, 0x1C, 0x74, 0xFF}}},
};

Gfx jared_000_displaylist_mesh_layer_1_tri_3[] = {
	gsSPVertex(jared_000_displaylist_mesh_layer_1_vtx_3 + 0, 18, 0),
	gsSP2Triangles(0, 1, 2, 0, 3, 0, 2, 0),
	gsSP2Triangles(2, 4, 3, 0, 5, 3, 4, 0),
	gsSP2Triangles(6, 3, 5, 0, 7, 3, 6, 0),
	gsSP2Triangles(8, 7, 6, 0, 3, 7, 0, 0),
	gsSP2Triangles(9, 10, 11, 0, 9, 11, 12, 0),
	gsSP2Triangles(11, 13, 12, 0, 14, 12, 13, 0),
	gsSP2Triangles(14, 13, 15, 0, 16, 12, 14, 0),
	gsSP2Triangles(17, 12, 16, 0, 12, 17, 9, 0),
	gsSPEndDisplayList(),
};

Vtx jared_000_displaylist_mesh_layer_1_vtx_4[11] = {
	{{{43, -64, -71}, 0, {-16, -16}, {0xD1, 0xD1, 0x94, 0xFF}}},
	{{{93, -49, -75}, 0, {-16, -16}, {0xEB, 0xAD, 0xA2, 0xFF}}},
	{{{68, -101, -45}, 0, {-16, -16}, {0xEA, 0x97, 0xBC, 0xFF}}},
	{{{12, -125, -69}, 0, {-16, -16}, {0xC2, 0xA7, 0xBE, 0xFF}}},
	{{{32, -100, 0}, 0, {-16, -16}, {0xC8, 0x8E, 0x02, 0xFF}}},
	{{{68, -100, 47}, 0, {-16, -16}, {0xEB, 0x97, 0x44, 0xFF}}},
	{{{12, -124, 71}, 0, {-16, -16}, {0xC3, 0xA8, 0x44, 0xFF}}},
	{{{43, -64, 72}, 0, {-16, -16}, {0xD1, 0xD2, 0x6D, 0xFF}}},
	{{{93, -49, 76}, 0, {-16, -16}, {0xEA, 0xAE, 0x5E, 0xFF}}},
	{{{13, -75, 37}, 0, {-16, -16}, {0x85, 0xEE, 0x19, 0xFF}}},
	{{{13, -75, -35}, 0, {-16, -16}, {0x85, 0xEE, 0xE7, 0xFF}}},
};

Gfx jared_000_displaylist_mesh_layer_1_tri_4[] = {
	gsSPVertex(jared_000_displaylist_mesh_layer_1_vtx_4 + 0, 11, 0),
	gsSP2Triangles(0, 1, 2, 0, 2, 3, 0, 0),
	gsSP2Triangles(4, 3, 2, 0, 4, 2, 5, 0),
	gsSP2Triangles(5, 6, 4, 0, 7, 6, 5, 0),
	gsSP2Triangles(5, 8, 7, 0, 6, 7, 9, 0),
	gsSP2Triangles(4, 6, 9, 0, 10, 4, 9, 0),
	gsSP2Triangles(10, 3, 4, 0, 10, 0, 3, 0),
	gsSPEndDisplayList(),
};

Vtx jared_000_displaylist_001_mesh_layer_4_vtx_0[5] = {
	{{{0, 0, 0}, 0, {-16, 2032}, {0x17, 0x00, 0x7D, 0xFF}}},
	{{{104, 0, -19}, 0, {1008, 2032}, {0x17, 0x00, 0x7D, 0xFF}}},
	{{{104, 212, -19}, 0, {1008, -16}, {0x17, 0x00, 0x7D, 0xFF}}},
	{{{0, 0, 0}, 0, {-16, 2032}, {0x17, 0x00, 0x7D, 0xFF}}},
	{{{0, 212, 0}, 0, {-16, -16}, {0x17, 0x00, 0x7D, 0xFF}}},
};

Gfx jared_000_displaylist_001_mesh_layer_4_tri_0[] = {
	gsSPVertex(jared_000_displaylist_001_mesh_layer_4_vtx_0 + 0, 5, 0),
	gsSP2Triangles(0, 1, 2, 0, 3, 2, 4, 0),
	gsSPEndDisplayList(),
};

Vtx jared_000_displaylist_001_mesh_layer_4_vtx_1[4] = {
	{{{-103, 212, 18}, 0, {-16, -16}, {0x17, 0x00, 0x7D, 0xFF}}},
	{{{0, 0, 0}, 0, {1008, 2032}, {0x17, 0x00, 0x7D, 0xFF}}},
	{{{0, 212, 0}, 0, {1008, -16}, {0x17, 0x00, 0x7D, 0xFF}}},
	{{{-103, 0, 19}, 0, {-16, 2032}, {0x17, 0x00, 0x7D, 0xFF}}},
};

Gfx jared_000_displaylist_001_mesh_layer_4_tri_1[] = {
	gsSPVertex(jared_000_displaylist_001_mesh_layer_4_vtx_1 + 0, 4, 0),
	gsSP2Triangles(0, 1, 2, 0, 0, 3, 1, 0),
	gsSPEndDisplayList(),
};

Vtx jared_000_displaylist_002_mesh_layer_4_vtx_0[4] = {
	{{{0, 0, 0}, 0, {-16, 2032}, {0xE9, 0x00, 0x7D, 0xFF}}},
	{{{104, 0, 19}, 0, {1008, 2032}, {0xE9, 0x00, 0x7D, 0xFF}}},
	{{{104, 212, 19}, 0, {1008, -16}, {0xE9, 0x00, 0x7D, 0xFF}}},
	{{{0, 212, 0}, 0, {-16, -16}, {0xE9, 0x00, 0x7D, 0xFF}}},
};

Gfx jared_000_displaylist_002_mesh_layer_4_tri_0[] = {
	gsSPVertex(jared_000_displaylist_002_mesh_layer_4_vtx_0 + 0, 4, 0),
	gsSP2Triangles(0, 1, 2, 0, 0, 2, 3, 0),
	gsSPEndDisplayList(),
};

Vtx jared_000_displaylist_002_mesh_layer_4_vtx_1[4] = {
	{{{-103, 212, -18}, 0, {-16, -16}, {0xE9, 0x00, 0x7D, 0xFF}}},
	{{{-103, 0, -19}, 0, {-16, 2032}, {0xE9, 0x00, 0x7D, 0xFF}}},
	{{{0, 0, 0}, 0, {1008, 2032}, {0xE9, 0x00, 0x7D, 0xFF}}},
	{{{0, 212, 0}, 0, {1008, -16}, {0xE9, 0x00, 0x7D, 0xFF}}},
};

Gfx jared_000_displaylist_002_mesh_layer_4_tri_1[] = {
	gsSPVertex(jared_000_displaylist_002_mesh_layer_4_vtx_1 + 0, 4, 0),
	gsSP2Triangles(0, 1, 2, 0, 0, 2, 3, 0),
	gsSPEndDisplayList(),
};

Vtx jared_000_offset_003_mesh_layer_1_vtx_0[20] = {
	{{{6, -13, -42}, 0, {-16, -16}, {0xDC, 0xE1, 0x8A, 0xFF}}},
	{{{-8, -9, -27}, 0, {-16, -16}, {0x90, 0xF1, 0xC6, 0xFF}}},
	{{{-8, 17, -17}, 0, {-16, -16}, {0x92, 0x36, 0xDF, 0xFF}}},
	{{{5, -42, -5}, 0, {-16, -16}, {0xD9, 0x87, 0xFD, 0xFF}}},
	{{{51, -36, -5}, 0, {-16, -16}, {0x32, 0x8B, 0xFD, 0xFF}}},
	{{{52, -13, -34}, 0, {-16, -16}, {0x34, 0xDF, 0x91, 0xFF}}},
	{{{7, 29, -26}, 0, {-16, -16}, {0xE1, 0x67, 0xBC, 0xFF}}},
	{{{-8, 16, 10}, 0, {-16, -16}, {0x92, 0x33, 0x25, 0xFF}}},
	{{{-8, -11, 18}, 0, {-16, -16}, {0x91, 0xEC, 0x3A, 0xFF}}},
	{{{-9, -26, -5}, 0, {-16, -16}, {0x8E, 0xC8, 0xFD, 0xFF}}},
	{{{6, -16, 32}, 0, {-16, -16}, {0xDC, 0xD8, 0x73, 0xFF}}},
	{{{52, -15, 25}, 0, {-16, -16}, {0x35, 0xD8, 0x6C, 0xFF}}},
	{{{61, -12, 16}, 0, {-16, -16}, {0x6E, 0xE8, 0x3A, 0xFF}}},
	{{{61, -26, -5}, 0, {-16, -16}, {0x6D, 0xBF, 0xFE, 0xFF}}},
	{{{62, -10, -25}, 0, {-16, -16}, {0x6E, 0xEF, 0xC2, 0xFF}}},
	{{{62, 13, -16}, 0, {-16, -16}, {0x6F, 0x32, 0xDC, 0xFF}}},
	{{{53, 21, -21}, 0, {-16, -16}, {0x38, 0x5F, 0xC1, 0xFF}}},
	{{{7, 27, 20}, 0, {-16, -16}, {0xE0, 0x60, 0x4C, 0xFF}}},
	{{{53, 20, 15}, 0, {-16, -16}, {0x39, 0x59, 0x46, 0xFF}}},
	{{{62, 12, 9}, 0, {-16, -16}, {0x71, 0x2D, 0x26, 0xFF}}},
};

Gfx jared_000_offset_003_mesh_layer_1_tri_0[] = {
	gsSPVertex(jared_000_offset_003_mesh_layer_1_vtx_0 + 0, 20, 0),
	gsSP2Triangles(0, 1, 2, 0, 3, 1, 0, 0),
	gsSP2Triangles(3, 0, 4, 0, 0, 5, 4, 0),
	gsSP2Triangles(0, 6, 5, 0, 0, 2, 6, 0),
	gsSP2Triangles(6, 2, 7, 0, 8, 7, 2, 0),
	gsSP2Triangles(2, 1, 8, 0, 1, 9, 8, 0),
	gsSP2Triangles(3, 9, 1, 0, 10, 9, 3, 0),
	gsSP2Triangles(10, 3, 11, 0, 3, 4, 11, 0),
	gsSP2Triangles(4, 12, 11, 0, 4, 13, 12, 0),
	gsSP2Triangles(14, 13, 4, 0, 5, 14, 4, 0),
	gsSP2Triangles(15, 14, 5, 0, 16, 15, 5, 0),
	gsSP2Triangles(6, 16, 5, 0, 6, 17, 16, 0),
	gsSP2Triangles(6, 7, 17, 0, 17, 7, 8, 0),
	gsSP2Triangles(17, 8, 10, 0, 10, 8, 9, 0),
	gsSP2Triangles(17, 10, 18, 0, 10, 11, 18, 0),
	gsSP2Triangles(11, 12, 18, 0, 12, 19, 18, 0),
	gsSP2Triangles(19, 12, 14, 0, 12, 13, 14, 0),
	gsSP2Triangles(19, 14, 15, 0, 18, 19, 15, 0),
	gsSP2Triangles(18, 15, 16, 0, 17, 18, 16, 0),
	gsSPEndDisplayList(),
};

Vtx jared_000_offset_004_mesh_layer_1_vtx_0[16] = {
	{{{-2, 21, -21}, 0, {-16, -16}, {0xE1, 0x67, 0xBD, 0xFF}}},
	{{{-14, 13, -15}, 0, {-16, -16}, {0x96, 0x3D, 0xDD, 0xFF}}},
	{{{-14, 11, 10}, 0, {-16, -16}, {0x96, 0x37, 0x2B, 0xFF}}},
	{{{-3, -14, -34}, 0, {-16, -16}, {0xDD, 0xE0, 0x8A, 0xFF}}},
	{{{40, -14, -30}, 0, {-16, -16}, {0x41, 0xE0, 0x97, 0xFF}}},
	{{{41, 16, -19}, 0, {-16, -16}, {0x44, 0x59, 0xC4, 0xFF}}},
	{{{-2, 19, 16}, 0, {-16, -16}, {0xE2, 0x61, 0x4C, 0xFF}}},
	{{{-15, -13, 17}, 0, {-16, -16}, {0x95, 0xEB, 0x41, 0xFF}}},
	{{{-15, -27, -4}, 0, {-16, -16}, {0x93, 0xBF, 0xFD, 0xFF}}},
	{{{-15, -11, -24}, 0, {-16, -16}, {0x94, 0xF1, 0xC0, 0xFF}}},
	{{{-3, -38, -4}, 0, {-16, -16}, {0xDC, 0x86, 0xFC, 0xFF}}},
	{{{39, -34, -4}, 0, {-16, -16}, {0x3E, 0x91, 0xFB, 0xFF}}},
	{{{52, -7, -3}, 0, {-16, -16}, {0x7F, 0xFC, 0x01, 0xFF}}},
	{{{41, 14, 13}, 0, {-16, -16}, {0x44, 0x53, 0x44, 0xFF}}},
	{{{-3, -17, 26}, 0, {-16, -16}, {0xDE, 0xD7, 0x73, 0xFF}}},
	{{{40, -17, 22}, 0, {-16, -16}, {0x41, 0xD8, 0x66, 0xFF}}},
};

Gfx jared_000_offset_004_mesh_layer_1_tri_0[] = {
	gsSPVertex(jared_000_offset_004_mesh_layer_1_vtx_0 + 0, 16, 0),
	gsSP2Triangles(0, 1, 2, 0, 3, 1, 0, 0),
	gsSP2Triangles(3, 0, 4, 0, 0, 5, 4, 0),
	gsSP2Triangles(0, 6, 5, 0, 0, 2, 6, 0),
	gsSP2Triangles(6, 2, 7, 0, 8, 7, 2, 0),
	gsSP2Triangles(8, 2, 1, 0, 9, 8, 1, 0),
	gsSP2Triangles(3, 9, 1, 0, 10, 9, 3, 0),
	gsSP2Triangles(10, 3, 11, 0, 3, 4, 11, 0),
	gsSP2Triangles(4, 12, 11, 0, 5, 12, 4, 0),
	gsSP2Triangles(13, 12, 5, 0, 6, 13, 5, 0),
	gsSP2Triangles(6, 14, 13, 0, 6, 7, 14, 0),
	gsSP2Triangles(14, 7, 8, 0, 14, 8, 10, 0),
	gsSP2Triangles(10, 8, 9, 0, 14, 10, 15, 0),
	gsSP2Triangles(10, 11, 15, 0, 11, 12, 15, 0),
	gsSP2Triangles(15, 12, 13, 0, 14, 15, 13, 0),
	gsSPEndDisplayList(),
};

Vtx jared_000_displaylist_003_mesh_layer_1_vtx_0[30] = {
	{{{17, -38, -39}, 0, {-16, -16}, {0x9E, 0xB8, 0xDB, 0xFF}}},
	{{{-14, -14, -4}, 0, {-16, -16}, {0x8B, 0xCE, 0x03, 0xFF}}},
	{{{-10, 26, -38}, 0, {-16, -16}, {0x89, 0xEC, 0xDA, 0xFF}}},
	{{{27, -58, 6}, 0, {-16, -16}, {0xA2, 0xAC, 0x0E, 0xFF}}},
	{{{5, -6, 36}, 0, {-16, -16}, {0x99, 0xD2, 0x3A, 0xFF}}},
	{{{-18, 45, 8}, 0, {-16, -16}, {0x82, 0xF5, 0x0E, 0xFF}}},
	{{{26, -25, -32}, 0, {-16, -16}, {0x17, 0xC9, 0x90, 0xFF}}},
	{{{17, -38, -39}, 0, {-16, -16}, {0x5D, 0xEC, 0xAC, 0xFF}}},
	{{{-10, 26, -38}, 0, {-16, -16}, {0x33, 0x54, 0xAF, 0xFF}}},
	{{{34, -41, 3}, 0, {-16, -16}, {0x3D, 0x97, 0x26, 0xFF}}},
	{{{58, -45, 7}, 0, {-16, -16}, {0x06, 0x8A, 0x2F, 0xFF}}},
	{{{80, -31, -61}, 0, {-16, -16}, {0x1D, 0xB6, 0x9D, 0xFF}}},
	{{{33, 7, -44}, 0, {-16, -16}, {0xC4, 0xFD, 0x90, 0xFF}}},
	{{{4, 24, -31}, 0, {-16, -16}, {0xFB, 0x44, 0x95, 0xFF}}},
	{{{-1, 39, 5}, 0, {-16, -16}, {0xDB, 0x71, 0x2D, 0xFF}}},
	{{{-18, 45, 8}, 0, {-16, -16}, {0x2E, 0x73, 0x1C, 0xFF}}},
	{{{5, -6, 36}, 0, {-16, -16}, {0x43, 0x1C, 0x68, 0xFF}}},
	{{{17, -1, 27}, 0, {-16, -16}, {0xFE, 0xFD, 0x7F, 0xFF}}},
	{{{27, -58, 6}, 0, {-16, -16}, {0x75, 0xD4, 0x18, 0xFF}}},
	{{{36, 6, 42}, 0, {-16, -16}, {0xE3, 0xEF, 0x7A, 0xFF}}},
	{{{12, 59, 10}, 0, {-16, -16}, {0xAF, 0x55, 0x30, 0xFF}}},
	{{{59, 81, 8}, 0, {-16, -16}, {0x15, 0x79, 0x21, 0xFF}}},
	{{{86, 29, 41}, 0, {-16, -16}, {0x40, 0x1A, 0x6B, 0xFF}}},
	{{{107, -26, 4}, 0, {-16, -16}, {0x65, 0xBF, 0x29, 0xFF}}},
	{{{100, -6, -46}, 0, {-16, -16}, {0x69, 0xFD, 0xB9, 0xFF}}},
	{{{61, 12, -60}, 0, {-16, -16}, {0xF4, 0x17, 0x84, 0xFF}}},
	{{{32, 63, -28}, 0, {-16, -16}, {0xD0, 0x5B, 0xB6, 0xFF}}},
	{{{57, 55, -37}, 0, {-16, -16}, {0x17, 0x55, 0xA4, 0xFF}}},
	{{{99, 40, -16}, 0, {-16, -16}, {0x6B, 0x40, 0xEA, 0xFF}}},
	{{{90, 17, -46}, 0, {-16, -16}, {0x47, 0x31, 0xA3, 0xFF}}},
};

Gfx jared_000_displaylist_003_mesh_layer_1_tri_0[] = {
	gsSPVertex(jared_000_displaylist_003_mesh_layer_1_vtx_0 + 0, 30, 0),
	gsSP2Triangles(0, 1, 2, 0, 3, 1, 0, 0),
	gsSP2Triangles(4, 1, 3, 0, 5, 1, 4, 0),
	gsSP2Triangles(2, 1, 5, 0, 6, 7, 8, 0),
	gsSP2Triangles(7, 6, 9, 0, 10, 9, 6, 0),
	gsSP2Triangles(6, 11, 10, 0, 6, 12, 11, 0),
	gsSP2Triangles(6, 13, 12, 0, 8, 13, 6, 0),
	gsSP2Triangles(14, 13, 8, 0, 8, 15, 14, 0),
	gsSP2Triangles(14, 15, 16, 0, 16, 17, 14, 0),
	gsSP2Triangles(9, 17, 16, 0, 16, 18, 9, 0),
	gsSP2Triangles(9, 18, 7, 0, 19, 17, 9, 0),
	gsSP2Triangles(14, 17, 19, 0, 14, 19, 20, 0),
	gsSP2Triangles(19, 21, 20, 0, 19, 22, 21, 0),
	gsSP2Triangles(23, 22, 19, 0, 10, 23, 19, 0),
	gsSP2Triangles(9, 10, 19, 0, 11, 23, 10, 0),
	gsSP2Triangles(11, 24, 23, 0, 25, 24, 11, 0),
	gsSP2Triangles(12, 25, 11, 0, 25, 12, 26, 0),
	gsSP2Triangles(26, 12, 13, 0, 20, 26, 13, 0),
	gsSP2Triangles(13, 14, 20, 0, 26, 20, 21, 0),
	gsSP2Triangles(21, 27, 26, 0, 21, 28, 27, 0),
	gsSP2Triangles(22, 28, 21, 0, 23, 28, 22, 0),
	gsSP2Triangles(24, 28, 23, 0, 29, 28, 24, 0),
	gsSP2Triangles(25, 29, 24, 0, 27, 29, 25, 0),
	gsSP2Triangles(25, 26, 27, 0, 29, 27, 28, 0),
	gsSPEndDisplayList(),
};

Vtx jared_000_offset_006_mesh_layer_1_vtx_0[20] = {
	{{{52, 17, 27}, 0, {-16, -16}, {0x38, 0x59, 0x48, 0xFF}}},
	{{{61, 10, 21}, 0, {-16, -16}, {0x6F, 0x32, 0x25, 0xFF}}},
	{{{61, 11, -4}, 0, {-16, -16}, {0x6F, 0x33, 0xDF, 0xFF}}},
	{{{61, -14, 28}, 0, {-16, -16}, {0x6E, 0xE8, 0x3B, 0xFF}}},
	{{{51, -17, 37}, 0, {-16, -16}, {0x34, 0xD8, 0x6D, 0xFF}}},
	{{{7, 25, 32}, 0, {-16, -16}, {0xE1, 0x61, 0x4C, 0xFF}}},
	{{{7, 27, -13}, 0, {-16, -16}, {0xE2, 0x68, 0xBE, 0xFF}}},
	{{{52, 19, -9}, 0, {-16, -16}, {0x38, 0x60, 0xC2, 0xFF}}},
	{{{61, -12, -13}, 0, {-16, -16}, {0x6E, 0xEE, 0xC3, 0xFF}}},
	{{{60, -28, 6}, 0, {-16, -16}, {0x6F, 0xC3, 0xFA, 0xFF}}},
	{{{51, -38, 6}, 0, {-16, -16}, {0x34, 0x8C, 0xFA, 0xFF}}},
	{{{51, -14, -22}, 0, {-16, -16}, {0x33, 0xE3, 0x90, 0xFF}}},
	{{{5, -44, 5}, 0, {-16, -16}, {0xD9, 0x87, 0xF8, 0xFF}}},
	{{{6, -19, 44}, 0, {-16, -16}, {0xDD, 0xD5, 0x72, 0xFF}}},
	{{{-8, 14, 22}, 0, {-16, -16}, {0x93, 0x35, 0x26, 0xFF}}},
	{{{-8, 15, -5}, 0, {-16, -16}, {0x93, 0x38, 0xDE, 0xFF}}},
	{{{-9, -10, -15}, 0, {-16, -16}, {0x91, 0xF5, 0xC4, 0xFF}}},
	{{{6, -15, -30}, 0, {-16, -16}, {0xDE, 0xE2, 0x89, 0xFF}}},
	{{{-9, -28, 6}, 0, {-16, -16}, {0x8F, 0xC6, 0xFB, 0xFF}}},
	{{{-9, -13, 30}, 0, {-16, -16}, {0x91, 0xEE, 0x3C, 0xFF}}},
};

Gfx jared_000_offset_006_mesh_layer_1_tri_0[] = {
	gsSPVertex(jared_000_offset_006_mesh_layer_1_vtx_0 + 0, 20, 0),
	gsSP2Triangles(0, 1, 2, 0, 3, 1, 0, 0),
	gsSP2Triangles(4, 3, 0, 0, 4, 0, 5, 0),
	gsSP2Triangles(0, 6, 5, 0, 0, 7, 6, 0),
	gsSP2Triangles(0, 2, 7, 0, 7, 2, 8, 0),
	gsSP2Triangles(8, 2, 9, 0, 2, 3, 9, 0),
	gsSP2Triangles(2, 1, 3, 0, 10, 9, 3, 0),
	gsSP2Triangles(8, 9, 10, 0, 11, 8, 10, 0),
	gsSP2Triangles(11, 10, 12, 0, 10, 13, 12, 0),
	gsSP2Triangles(10, 4, 13, 0, 10, 3, 4, 0),
	gsSP2Triangles(4, 5, 13, 0, 5, 14, 13, 0),
	gsSP2Triangles(15, 14, 5, 0, 6, 15, 5, 0),
	gsSP2Triangles(16, 15, 6, 0, 17, 16, 6, 0),
	gsSP2Triangles(7, 17, 6, 0, 7, 11, 17, 0),
	gsSP2Triangles(7, 8, 11, 0, 11, 12, 17, 0),
	gsSP2Triangles(12, 18, 17, 0, 19, 18, 12, 0),
	gsSP2Triangles(13, 19, 12, 0, 14, 19, 13, 0),
	gsSP2Triangles(19, 14, 15, 0, 19, 15, 16, 0),
	gsSP2Triangles(16, 18, 19, 0, 18, 16, 17, 0),
	gsSPEndDisplayList(),
};

Vtx jared_000_offset_007_mesh_layer_1_vtx_0[16] = {
	{{{-2, -18, 38}, 0, {-16, -16}, {0xDD, 0xD6, 0x73, 0xFF}}},
	{{{-14, -14, 28}, 0, {-16, -16}, {0x93, 0xED, 0x3E, 0xFF}}},
	{{{-3, -39, 6}, 0, {-16, -16}, {0xD9, 0x87, 0xF9, 0xFF}}},
	{{{-13, 10, 21}, 0, {-16, -16}, {0x95, 0x36, 0x29, 0xFF}}},
	{{{-1, 18, 28}, 0, {-16, -16}, {0xE0, 0x60, 0x4D, 0xFF}}},
	{{{41, -17, 34}, 0, {-16, -16}, {0x42, 0xDA, 0x66, 0xFF}}},
	{{{40, -36, 6}, 0, {-16, -16}, {0x3E, 0x91, 0xFA, 0xFF}}},
	{{{41, -15, -19}, 0, {-16, -16}, {0x40, 0xE3, 0x96, 0xFF}}},
	{{{-2, -15, -23}, 0, {-16, -16}, {0xDD, 0xE3, 0x89, 0xFF}}},
	{{{-14, -28, 6}, 0, {-16, -16}, {0x91, 0xC2, 0xFA, 0xFF}}},
	{{{-14, -12, -13}, 0, {-16, -16}, {0x94, 0xF2, 0xBF, 0xFF}}},
	{{{-13, 12, -4}, 0, {-16, -16}, {0x97, 0x3D, 0xDA, 0xFF}}},
	{{{-1, 20, -9}, 0, {-16, -16}, {0xE2, 0x69, 0xBE, 0xFF}}},
	{{{42, 13, 25}, 0, {-16, -16}, {0x45, 0x53, 0x43, 0xFF}}},
	{{{53, -8, 7}, 0, {-16, -16}, {0x7F, 0xFD, 0xFE, 0xFF}}},
	{{{42, 15, -7}, 0, {-16, -16}, {0x44, 0x5A, 0xC5, 0xFF}}},
};

Gfx jared_000_offset_007_mesh_layer_1_tri_0[] = {
	gsSPVertex(jared_000_offset_007_mesh_layer_1_vtx_0 + 0, 16, 0),
	gsSP2Triangles(0, 1, 2, 0, 3, 1, 0, 0),
	gsSP2Triangles(4, 3, 0, 0, 5, 4, 0, 0),
	gsSP2Triangles(6, 5, 0, 0, 6, 0, 2, 0),
	gsSP2Triangles(7, 6, 2, 0, 7, 2, 8, 0),
	gsSP2Triangles(2, 9, 8, 0, 1, 9, 2, 0),
	gsSP2Triangles(9, 1, 3, 0, 10, 9, 3, 0),
	gsSP2Triangles(10, 3, 11, 0, 11, 3, 4, 0),
	gsSP2Triangles(12, 11, 4, 0, 13, 12, 4, 0),
	gsSP2Triangles(5, 13, 4, 0, 5, 14, 13, 0),
	gsSP2Triangles(6, 14, 5, 0, 7, 14, 6, 0),
	gsSP2Triangles(15, 14, 7, 0, 15, 7, 8, 0),
	gsSP2Triangles(15, 8, 12, 0, 8, 10, 12, 0),
	gsSP2Triangles(9, 10, 8, 0, 10, 11, 12, 0),
	gsSP2Triangles(13, 14, 15, 0, 13, 15, 12, 0),
	gsSPEndDisplayList(),
};

Vtx jared_000_displaylist_004_mesh_layer_1_vtx_0[30] = {
	{{{-14, 26, 41}, 0, {-16, -16}, {0x2D, 0x50, 0x58, 0xFF}}},
	{{{13, -38, 41}, 0, {-16, -16}, {0x57, 0xE5, 0x58, 0xFF}}},
	{{{23, -26, 35}, 0, {-16, -16}, {0x0F, 0xBF, 0x6C, 0xFF}}},
	{{{31, -40, -1}, 0, {-16, -16}, {0x3D, 0x9A, 0xD4, 0xFF}}},
	{{{24, -57, -4}, 0, {-16, -16}, {0x75, 0xD3, 0xEC, 0xFF}}},
	{{{4, -3, -33}, 0, {-16, -16}, {0x4C, 0x21, 0x9F, 0xFF}}},
	{{{15, 0, -23}, 0, {-16, -16}, {0x0C, 0x01, 0x82, 0xFF}}},
	{{{-2, 41, -1}, 0, {-16, -16}, {0xDA, 0x71, 0xD4, 0xFF}}},
	{{{-19, 47, -4}, 0, {-16, -16}, {0x2D, 0x75, 0xEB, 0xFF}}},
	{{{1, 24, 35}, 0, {-16, -16}, {0xF5, 0x3F, 0x6E, 0xFF}}},
	{{{29, 6, 49}, 0, {-16, -16}, {0xBF, 0xF9, 0x6D, 0xFF}}},
	{{{75, -33, 66}, 0, {-16, -16}, {0x19, 0xB2, 0x61, 0xFF}}},
	{{{55, -44, -4}, 0, {-16, -16}, {0x07, 0x8C, 0xCC, 0xFF}}},
	{{{35, 9, -37}, 0, {-16, -16}, {0xE7, 0xF6, 0x84, 0xFF}}},
	{{{10, 60, -4}, 0, {-16, -16}, {0xB1, 0x58, 0xD2, 0xFF}}},
	{{{29, 62, 34}, 0, {-16, -16}, {0xCE, 0x59, 0x4B, 0xFF}}},
	{{{57, 10, 66}, 0, {-16, -16}, {0xF3, 0x15, 0x7D, 0xFF}}},
	{{{96, -8, 52}, 0, {-16, -16}, {0x67, 0xF9, 0x49, 0xFF}}},
	{{{104, -26, 1}, 0, {-16, -16}, {0x65, 0xBF, 0xD7, 0xFF}}},
	{{{86, 30, -33}, 0, {-16, -16}, {0x45, 0x1C, 0x99, 0xFF}}},
	{{{58, 81, 0}, 0, {-16, -16}, {0x17, 0x7A, 0xE4, 0xFF}}},
	{{{54, 54, 44}, 0, {-16, -16}, {0x14, 0x52, 0x5F, 0xFF}}},
	{{{86, 15, 52}, 0, {-16, -16}, {0x45, 0x2D, 0x61, 0xFF}}},
	{{{97, 39, 24}, 0, {-16, -16}, {0x6B, 0x3E, 0x1C, 0xFF}}},
	{{{4, -3, -33}, 0, {-16, -16}, {0x99, 0xD6, 0xC2, 0xFF}}},
	{{{-16, -12, 6}, 0, {-16, -16}, {0x8B, 0xD0, 0xF6, 0xFF}}},
	{{{-19, 47, -4}, 0, {-16, -16}, {0x83, 0xF6, 0xEB, 0xFF}}},
	{{{24, -57, -4}, 0, {-16, -16}, {0xA0, 0xAF, 0xEC, 0xFF}}},
	{{{13, -38, 41}, 0, {-16, -16}, {0x9B, 0xB9, 0x1E, 0xFF}}},
	{{{-14, 26, 41}, 0, {-16, -16}, {0x86, 0xEB, 0x1E, 0xFF}}},
};

Gfx jared_000_displaylist_004_mesh_layer_1_tri_0[] = {
	gsSPVertex(jared_000_displaylist_004_mesh_layer_1_vtx_0 + 0, 30, 0),
	gsSP2Triangles(0, 1, 2, 0, 3, 2, 1, 0),
	gsSP2Triangles(1, 4, 3, 0, 3, 4, 5, 0),
	gsSP2Triangles(5, 6, 3, 0, 7, 6, 5, 0),
	gsSP2Triangles(5, 8, 7, 0, 7, 8, 0, 0),
	gsSP2Triangles(0, 9, 7, 0, 2, 9, 0, 0),
	gsSP2Triangles(10, 9, 2, 0, 11, 10, 2, 0),
	gsSP2Triangles(12, 11, 2, 0, 2, 3, 12, 0),
	gsSP2Triangles(13, 12, 3, 0, 3, 6, 13, 0),
	gsSP2Triangles(13, 6, 7, 0, 14, 13, 7, 0),
	gsSP2Triangles(14, 7, 9, 0, 15, 14, 9, 0),
	gsSP2Triangles(9, 10, 15, 0, 15, 10, 16, 0),
	gsSP2Triangles(11, 16, 10, 0, 11, 17, 16, 0),
	gsSP2Triangles(18, 17, 11, 0, 12, 18, 11, 0),
	gsSP2Triangles(13, 18, 12, 0, 13, 19, 18, 0),
	gsSP2Triangles(20, 19, 13, 0, 14, 20, 13, 0),
	gsSP2Triangles(20, 14, 15, 0, 15, 21, 20, 0),
	gsSP2Triangles(21, 15, 16, 0, 22, 21, 16, 0),
	gsSP2Triangles(17, 22, 16, 0, 17, 23, 22, 0),
	gsSP2Triangles(18, 23, 17, 0, 19, 23, 18, 0),
	gsSP2Triangles(20, 23, 19, 0, 21, 23, 20, 0),
	gsSP2Triangles(23, 21, 22, 0, 24, 25, 26, 0),
	gsSP2Triangles(27, 25, 24, 0, 28, 25, 27, 0),
	gsSP2Triangles(29, 25, 28, 0, 26, 25, 29, 0),
	gsSPEndDisplayList(),
};

Vtx jared_000_offset_009_mesh_layer_1_vtx_0[17] = {
	{{{-5, 37, 31}, 0, {-16, -16}, {0x9D, 0x3E, 0x32, 0xFF}}},
	{{{-15, 0, 7}, 0, {-16, -16}, {0x81, 0xF7, 0xFE, 0xFF}}},
	{{{-1, -12, 47}, 0, {-16, -16}, {0xA5, 0xE3, 0x53, 0xFF}}},
	{{{-4, 37, -17}, 0, {-16, -16}, {0xA0, 0x3E, 0xC9, 0xFF}}},
	{{{14, 48, -23}, 0, {-16, -16}, {0xE4, 0x63, 0xB5, 0xFF}}},
	{{{13, 48, 38}, 0, {-16, -16}, {0xE1, 0x63, 0x4A, 0xFF}}},
	{{{18, -15, 58}, 0, {-16, -16}, {0xED, 0xD9, 0x77, 0xFF}}},
	{{{1, -44, 8}, 0, {-16, -16}, {0xAA, 0xA3, 0x00, 0xFF}}},
	{{{0, -13, -32}, 0, {-16, -16}, {0xA8, 0xDF, 0xAA, 0xFF}}},
	{{{19, -15, -42}, 0, {-16, -16}, {0xF1, 0xD8, 0x88, 0xFF}}},
	{{{76, 45, -16}, 0, {-16, -16}, {0x3C, 0x5C, 0xC1, 0xFF}}},
	{{{75, 45, 32}, 0, {-16, -16}, {0x3B, 0x5D, 0x40, 0xFF}}},
	{{{79, -5, 48}, 0, {-16, -16}, {0x45, 0xE7, 0x68, 0xFF}}},
	{{{82, -37, 8}, 0, {-16, -16}, {0x4D, 0x9B, 0x00, 0xFF}}},
	{{{21, -54, 8}, 0, {-16, -16}, {0xF6, 0x81, 0x00, 0xFF}}},
	{{{80, -5, -31}, 0, {-16, -16}, {0x46, 0xE7, 0x99, 0xFF}}},
	{{{100, 10, 8}, 0, {-16, -16}, {0x7F, 0x0A, 0x01, 0xFF}}},
};

Gfx jared_000_offset_009_mesh_layer_1_tri_0[] = {
	gsSPVertex(jared_000_offset_009_mesh_layer_1_vtx_0 + 0, 17, 0),
	gsSP2Triangles(0, 1, 2, 0, 3, 1, 0, 0),
	gsSP2Triangles(4, 3, 0, 0, 4, 0, 5, 0),
	gsSP2Triangles(5, 0, 6, 0, 0, 2, 6, 0),
	gsSP2Triangles(6, 2, 7, 0, 2, 1, 7, 0),
	gsSP2Triangles(7, 1, 8, 0, 8, 1, 3, 0),
	gsSP2Triangles(9, 8, 3, 0, 9, 3, 4, 0),
	gsSP2Triangles(9, 4, 10, 0, 4, 5, 10, 0),
	gsSP2Triangles(5, 11, 10, 0, 5, 6, 11, 0),
	gsSP2Triangles(6, 12, 11, 0, 13, 12, 6, 0),
	gsSP2Triangles(6, 14, 13, 0, 6, 7, 14, 0),
	gsSP2Triangles(14, 7, 9, 0, 7, 8, 9, 0),
	gsSP2Triangles(14, 9, 13, 0, 9, 15, 13, 0),
	gsSP2Triangles(10, 15, 9, 0, 10, 16, 15, 0),
	gsSP2Triangles(11, 16, 10, 0, 12, 16, 11, 0),
	gsSP2Triangles(13, 16, 12, 0, 15, 16, 13, 0),
	gsSPEndDisplayList(),
};

Vtx jared_000_offset_010_mesh_layer_1_vtx_0[12] = {
	{{{8, 44, 33}, 0, {-16, -16}, {0xC4, 0x5C, 0x40, 0xFF}}},
	{{{65, -11, 54}, 0, {-16, -16}, {0x39, 0xDB, 0x6B, 0xFF}}},
	{{{68, 45, 37}, 0, {-16, -16}, {0x40, 0x57, 0x43, 0xFF}}},
	{{{6, -6, 49}, 0, {-16, -16}, {0xBF, 0xE3, 0x69, 0xFF}}},
	{{{-14, 8, 8}, 0, {-16, -16}, {0x81, 0x06, 0xFE, 0xFF}}},
	{{{9, 44, -16}, 0, {-16, -16}, {0xC7, 0x5C, 0xBE, 0xFF}}},
	{{{69, 45, -18}, 0, {-16, -16}, {0x42, 0x57, 0xBF, 0xFF}}},
	{{{81, 3, 9}, 0, {-16, -16}, {0x7F, 0xF9, 0x01, 0xFF}}},
	{{{64, -46, 9}, 0, {-16, -16}, {0x36, 0x8D, 0x00, 0xFF}}},
	{{{4, -37, 9}, 0, {-16, -16}, {0xBA, 0x96, 0x00, 0xFF}}},
	{{{6, -6, -31}, 0, {-16, -16}, {0xC0, 0xE2, 0x97, 0xFF}}},
	{{{66, -11, -36}, 0, {-16, -16}, {0x3B, 0xDB, 0x95, 0xFF}}},
};

Gfx jared_000_offset_010_mesh_layer_1_tri_0[] = {
	gsSPVertex(jared_000_offset_010_mesh_layer_1_vtx_0 + 0, 12, 0),
	gsSP2Triangles(0, 1, 2, 0, 0, 3, 1, 0),
	gsSP2Triangles(0, 4, 3, 0, 5, 4, 0, 0),
	gsSP2Triangles(6, 5, 0, 0, 0, 2, 6, 0),
	gsSP2Triangles(2, 7, 6, 0, 1, 7, 2, 0),
	gsSP2Triangles(8, 7, 1, 0, 9, 8, 1, 0),
	gsSP2Triangles(1, 3, 9, 0, 3, 4, 9, 0),
	gsSP2Triangles(9, 4, 10, 0, 10, 4, 5, 0),
	gsSP2Triangles(11, 10, 5, 0, 5, 6, 11, 0),
	gsSP2Triangles(6, 7, 11, 0, 11, 7, 8, 0),
	gsSP2Triangles(9, 11, 8, 0, 9, 10, 11, 0),
	gsSPEndDisplayList(),
};

Vtx jared_000_offset_011_mesh_layer_1_vtx_0[23] = {
	{{{-11, 54, 53}, 0, {-16, -16}, {0x2D, 0x77, 0xFE, 0xFF}}},
	{{{-39, 64, -8}, 0, {-16, -16}, {0x2E, 0x76, 0xFE, 0xFF}}},
	{{{-41, 65, 26}, 0, {-16, -16}, {0x2C, 0x77, 0xFF, 0xFF}}},
	{{{-12, 53, -32}, 0, {-16, -16}, {0x2D, 0x77, 0xFE, 0xFF}}},
	{{{78, 21, 61}, 0, {-16, -16}, {0x2C, 0x77, 0xFE, 0xFF}}},
	{{{76, 20, -41}, 0, {-16, -16}, {0x2C, 0x77, 0xFE, 0xFF}}},
	{{{110, 9, 35}, 0, {-16, -16}, {0x2B, 0x77, 0xFE, 0xFF}}},
	{{{110, 8, -20}, 0, {-16, -16}, {0x2B, 0x77, 0xFE, 0xFF}}},
	{{{-34, 12, 44}, 0, {-16, -16}, {0xB3, 0xCF, 0x58, 0xFF}}},
	{{{-11, 54, 53}, 0, {-16, -16}, {0xD1, 0x03, 0x76, 0xFF}}},
	{{{-41, 65, 26}, 0, {-16, -16}, {0x8E, 0x1A, 0x31, 0xFF}}},
	{{{43, -18, 54}, 0, {-16, -16}, {0x00, 0xB0, 0x63, 0xFF}}},
	{{{27, -35, 11}, 0, {-16, -16}, {0xE4, 0x84, 0xFC, 0xFF}}},
	{{{-54, 15, 8}, 0, {-16, -16}, {0x89, 0xD3, 0xFC, 0xFF}}},
	{{{-39, 64, -8}, 0, {-16, -16}, {0x91, 0x19, 0xC7, 0xFF}}},
	{{{-35, 11, -21}, 0, {-16, -16}, {0xB5, 0xCB, 0xA8, 0xFF}}},
	{{{-12, 53, -32}, 0, {-16, -16}, {0xCF, 0xFE, 0x8B, 0xFF}}},
	{{{44, -12, -33}, 0, {-16, -16}, {0xFB, 0xB5, 0x99, 0xFF}}},
	{{{76, 20, -41}, 0, {-16, -16}, {0x13, 0xD0, 0x8C, 0xFF}}},
	{{{110, 8, -20}, 0, {-16, -16}, {0x49, 0xAA, 0xC6, 0xFF}}},
	{{{80, -31, 7}, 0, {-16, -16}, {0x36, 0x8D, 0xF9, 0xFF}}},
	{{{110, 9, 35}, 0, {-16, -16}, {0x4E, 0xAC, 0x37, 0xFF}}},
	{{{78, 21, 61}, 0, {-16, -16}, {0x1C, 0xD2, 0x73, 0xFF}}},
};

Gfx jared_000_offset_011_mesh_layer_1_tri_0[] = {
	gsSPVertex(jared_000_offset_011_mesh_layer_1_vtx_0 + 0, 23, 0),
	gsSP2Triangles(0, 1, 2, 0, 0, 3, 1, 0),
	gsSP2Triangles(0, 4, 3, 0, 4, 5, 3, 0),
	gsSP2Triangles(4, 6, 5, 0, 6, 7, 5, 0),
	gsSP2Triangles(8, 9, 10, 0, 8, 11, 9, 0),
	gsSP2Triangles(12, 11, 8, 0, 12, 8, 13, 0),
	gsSP2Triangles(10, 13, 8, 0, 13, 10, 14, 0),
	gsSP2Triangles(14, 15, 13, 0, 14, 16, 15, 0),
	gsSP2Triangles(17, 15, 16, 0, 17, 16, 18, 0),
	gsSP2Triangles(17, 18, 19, 0, 19, 20, 17, 0),
	gsSP2Triangles(20, 19, 21, 0, 11, 20, 21, 0),
	gsSP2Triangles(21, 22, 11, 0, 11, 22, 9, 0),
	gsSP2Triangles(20, 11, 12, 0, 12, 17, 20, 0),
	gsSP2Triangles(15, 17, 12, 0, 13, 15, 12, 0),
	gsSPEndDisplayList(),
};

Vtx jared_000_offset_012_mesh_layer_1_vtx_0[17] = {
	{{{79, -3, -49}, 0, {-16, -16}, {0x44, 0xE9, 0x97, 0xFF}}},
	{{{100, 11, -9}, 0, {-16, -16}, {0x7F, 0x0B, 0xFF, 0xFF}}},
	{{{82, -35, -10}, 0, {-16, -16}, {0x4E, 0x9C, 0xFC, 0xFF}}},
	{{{74, 47, -32}, 0, {-16, -16}, {0x38, 0x5F, 0xC1, 0xFF}}},
	{{{18, -13, -58}, 0, {-16, -16}, {0xEE, 0xDB, 0x88, 0xFF}}},
	{{{22, -54, -9}, 0, {-16, -16}, {0xFA, 0x81, 0xFE, 0xFF}}},
	{{{19, -16, 41}, 0, {-16, -16}, {0xF2, 0xD5, 0x77, 0xFF}}},
	{{{80, -5, 30}, 0, {-16, -16}, {0x47, 0xE4, 0x66, 0xFF}}},
	{{{75, 46, 16}, 0, {-16, -16}, {0x3B, 0x5C, 0x41, 0xFF}}},
	{{{12, 49, -37}, 0, {-16, -16}, {0xE1, 0x64, 0xB8, 0xFF}}},
	{{{-6, 38, -31}, 0, {-16, -16}, {0x9D, 0x3E, 0xCE, 0xFF}}},
	{{{-1, -11, -47}, 0, {-16, -16}, {0xA6, 0xE2, 0xAC, 0xFF}}},
	{{{1, -44, -9}, 0, {-16, -16}, {0xAB, 0xA2, 0xFE, 0xFF}}},
	{{{0, -14, 31}, 0, {-16, -16}, {0xA9, 0xDB, 0x55, 0xFF}}},
	{{{-5, 36, 18}, 0, {-16, -16}, {0x9E, 0x39, 0x39, 0xFF}}},
	{{{13, 48, 24}, 0, {-16, -16}, {0xE2, 0x60, 0x4D, 0xFF}}},
	{{{-15, 0, -7}, 0, {-16, -16}, {0x81, 0xF5, 0x02, 0xFF}}},
};

Gfx jared_000_offset_012_mesh_layer_1_tri_0[] = {
	gsSPVertex(jared_000_offset_012_mesh_layer_1_vtx_0 + 0, 17, 0),
	gsSP2Triangles(0, 1, 2, 0, 3, 1, 0, 0),
	gsSP2Triangles(3, 0, 4, 0, 4, 0, 2, 0),
	gsSP2Triangles(2, 5, 4, 0, 2, 6, 5, 0),
	gsSP2Triangles(2, 7, 6, 0, 2, 1, 7, 0),
	gsSP2Triangles(7, 1, 8, 0, 8, 1, 3, 0),
	gsSP2Triangles(8, 3, 9, 0, 3, 4, 9, 0),
	gsSP2Triangles(4, 10, 9, 0, 4, 11, 10, 0),
	gsSP2Triangles(12, 11, 4, 0, 5, 12, 4, 0),
	gsSP2Triangles(6, 12, 5, 0, 6, 13, 12, 0),
	gsSP2Triangles(14, 13, 6, 0, 15, 14, 6, 0),
	gsSP2Triangles(8, 15, 6, 0, 6, 7, 8, 0),
	gsSP2Triangles(8, 9, 15, 0, 9, 10, 15, 0),
	gsSP2Triangles(10, 14, 15, 0, 10, 16, 14, 0),
	gsSP2Triangles(11, 16, 10, 0, 12, 16, 11, 0),
	gsSP2Triangles(13, 16, 12, 0, 14, 16, 13, 0),
	gsSPEndDisplayList(),
};

Vtx jared_000_offset_013_mesh_layer_1_vtx_0[12] = {
	{{{66, -11, 34}, 0, {-16, -16}, {0x3A, 0xD8, 0x6A, 0xFF}}},
	{{{69, 45, 18}, 0, {-16, -16}, {0x40, 0x56, 0x44, 0xFF}}},
	{{{9, 44, 16}, 0, {-16, -16}, {0xC6, 0x5A, 0x45, 0xFF}}},
	{{{83, 4, -10}, 0, {-16, -16}, {0x7F, 0xF8, 0x00, 0xFF}}},
	{{{63, -45, -12}, 0, {-16, -16}, {0x33, 0x8C, 0xFC, 0xFF}}},
	{{{4, -36, -10}, 0, {-16, -16}, {0xBA, 0x96, 0xFF, 0xFF}}},
	{{{6, -6, 30}, 0, {-16, -16}, {0xC0, 0xE0, 0x69, 0xFF}}},
	{{{-13, 10, -9}, 0, {-16, -16}, {0x81, 0x08, 0x02, 0xFF}}},
	{{{9, 46, -33}, 0, {-16, -16}, {0xC6, 0x5F, 0xC3, 0xFF}}},
	{{{69, 46, -37}, 0, {-16, -16}, {0x40, 0x58, 0xBF, 0xFF}}},
	{{{65, -9, -56}, 0, {-16, -16}, {0x37, 0xDD, 0x93, 0xFF}}},
	{{{5, -3, -50}, 0, {-16, -16}, {0xBC, 0xE7, 0x97, 0xFF}}},
};

Gfx jared_000_offset_013_mesh_layer_1_tri_0[] = {
	gsSPVertex(jared_000_offset_013_mesh_layer_1_vtx_0 + 0, 12, 0),
	gsSP2Triangles(0, 1, 2, 0, 0, 3, 1, 0),
	gsSP2Triangles(4, 3, 0, 0, 4, 0, 5, 0),
	gsSP2Triangles(0, 6, 5, 0, 2, 6, 0, 0),
	gsSP2Triangles(2, 7, 6, 0, 8, 7, 2, 0),
	gsSP2Triangles(8, 2, 1, 0, 1, 9, 8, 0),
	gsSP2Triangles(1, 3, 9, 0, 9, 3, 10, 0),
	gsSP2Triangles(10, 3, 4, 0, 10, 4, 5, 0),
	gsSP2Triangles(5, 11, 10, 0, 5, 7, 11, 0),
	gsSP2Triangles(6, 7, 5, 0, 11, 7, 8, 0),
	gsSP2Triangles(10, 11, 8, 0, 9, 10, 8, 0),
	gsSPEndDisplayList(),
};

Vtx jared_000_displaylist_005_mesh_layer_1_vtx_0[23] = {
	{{{75, 23, 40}, 0, {-16, -16}, {0x2A, 0x78, 0x00, 0xFF}}},
	{{{109, 11, 20}, 0, {-16, -16}, {0x2B, 0x78, 0x01, 0xFF}}},
	{{{110, 11, -36}, 0, {-16, -16}, {0x2A, 0x78, 0x00, 0xFF}}},
	{{{78, 22, -61}, 0, {-16, -16}, {0x2A, 0x78, 0x00, 0xFF}}},
	{{{-14, 54, 29}, 0, {-16, -16}, {0x2A, 0x78, 0x00, 0xFF}}},
	{{{-11, 53, -56}, 0, {-16, -16}, {0x2A, 0x78, 0x00, 0xFF}}},
	{{{-40, 63, 5}, 0, {-16, -16}, {0x2A, 0x78, 0x00, 0xFF}}},
	{{{-42, 64, -29}, 0, {-16, -16}, {0x2B, 0x77, 0x01, 0xFF}}},
	{{{110, 11, -36}, 0, {-16, -16}, {0x50, 0xAD, 0xCB, 0xFF}}},
	{{{109, 11, 20}, 0, {-16, -16}, {0x4A, 0xAD, 0x3D, 0xFF}}},
	{{{80, -29, -7}, 0, {-16, -16}, {0x38, 0x8F, 0x09, 0xFF}}},
	{{{44, -11, 32}, 0, {-16, -16}, {0xFD, 0xB7, 0x68, 0xFF}}},
	{{{75, 23, 40}, 0, {-16, -16}, {0x12, 0xD4, 0x76, 0xFF}}},
	{{{-14, 54, 29}, 0, {-16, -16}, {0xCD, 0x00, 0x74, 0xFF}}},
	{{{-36, 11, 19}, 0, {-16, -16}, {0xB4, 0xCD, 0x58, 0xFF}}},
	{{{-40, 63, 5}, 0, {-16, -16}, {0x91, 0x19, 0x38, 0xFF}}},
	{{{-54, 14, -10}, 0, {-16, -16}, {0x8A, 0xD2, 0x04, 0xFF}}},
	{{{-42, 64, -29}, 0, {-16, -16}, {0x8D, 0x17, 0xCE, 0xFF}}},
	{{{-34, 11, -46}, 0, {-16, -16}, {0xB4, 0xCD, 0xA9, 0xFF}}},
	{{{-11, 53, -56}, 0, {-16, -16}, {0xD2, 0x00, 0x8A, 0xFF}}},
	{{{43, -18, -55}, 0, {-16, -16}, {0x02, 0xAF, 0x9E, 0xFF}}},
	{{{78, 22, -61}, 0, {-16, -16}, {0x1E, 0xD4, 0x8D, 0xFF}}},
	{{{27, -35, -11}, 0, {-16, -16}, {0xE6, 0x84, 0x06, 0xFF}}},
};

Gfx jared_000_displaylist_005_mesh_layer_1_tri_0[] = {
	gsSPVertex(jared_000_displaylist_005_mesh_layer_1_vtx_0 + 0, 23, 0),
	gsSP2Triangles(0, 1, 2, 0, 0, 2, 3, 0),
	gsSP2Triangles(4, 0, 3, 0, 4, 3, 5, 0),
	gsSP2Triangles(6, 4, 5, 0, 7, 6, 5, 0),
	gsSP2Triangles(8, 9, 10, 0, 11, 10, 9, 0),
	gsSP2Triangles(9, 12, 11, 0, 12, 13, 11, 0),
	gsSP2Triangles(13, 14, 11, 0, 14, 13, 15, 0),
	gsSP2Triangles(16, 14, 15, 0, 15, 17, 16, 0),
	gsSP2Triangles(18, 16, 17, 0, 17, 19, 18, 0),
	gsSP2Triangles(19, 20, 18, 0, 19, 21, 20, 0),
	gsSP2Triangles(20, 21, 8, 0, 8, 10, 20, 0),
	gsSP2Triangles(22, 20, 10, 0, 10, 11, 22, 0),
	gsSP2Triangles(22, 11, 14, 0, 22, 14, 16, 0),
	gsSP2Triangles(16, 18, 22, 0, 18, 20, 22, 0),
	gsSPEndDisplayList(),
};


Gfx mat_jared_body_v3[] = {
	gsSPSetLights1(jared_body_v3_lights),
	gsDPPipeSync(),
	gsDPSetCombineLERP(TEXEL0, SHADE, TEXEL0_ALPHA, SHADE, 0, 0, 0, ENVIRONMENT, TEXEL0, SHADE, TEXEL0_ALPHA, SHADE, 0, 0, 0, ENVIRONMENT),
	gsDPSetAlphaDither(G_AD_NOISE),
	gsSPTexture(65535, 65535, 0, 0, 1),
	gsDPSetTextureImage(G_IM_FMT_RGBA, G_IM_SIZ_16b_LOAD_BLOCK, 1, jared_mario_button_rgba16),
	gsDPSetTile(G_IM_FMT_RGBA, G_IM_SIZ_16b_LOAD_BLOCK, 0, 0, 7, 0, G_TX_WRAP | G_TX_NOMIRROR, 0, 0, G_TX_WRAP | G_TX_NOMIRROR, 0, 0),
	gsDPLoadBlock(7, 0, 0, 1023, 256),
	gsDPSetTile(G_IM_FMT_RGBA, G_IM_SIZ_16b, 8, 0, 0, 0, G_TX_WRAP | G_TX_NOMIRROR, 5, 0, G_TX_WRAP | G_TX_NOMIRROR, 5, 0),
	gsDPSetTileSize(0, 0, 0, 124, 124),
	gsSPEndDisplayList(),
};

Gfx mat_revert_jared_body_v3[] = {
	gsDPPipeSync(),
	gsDPSetAlphaDither(G_AD_DISABLE),
	gsSPEndDisplayList(),
};

Gfx mat_jared_metal_v3_001[] = {
	gsSPSetGeometryMode(G_TEXTURE_GEN),
	gsDPPipeSync(),
	gsDPSetCombineLERP(0, 0, 0, TEXEL0, 0, 0, 0, ENVIRONMENT, 0, 0, 0, TEXEL0, 0, 0, 0, ENVIRONMENT),
	gsDPSetAlphaDither(G_AD_NOISE),
	gsSPTexture(4032, 1984, 0, 0, 1),
	gsDPSetTextureImage(G_IM_FMT_RGBA, G_IM_SIZ_16b_LOAD_BLOCK, 1, jared_metal_rgba16),
	gsDPSetTile(G_IM_FMT_RGBA, G_IM_SIZ_16b_LOAD_BLOCK, 0, 0, 7, 0, G_TX_WRAP | G_TX_NOMIRROR, 0, 0, G_TX_WRAP | G_TX_NOMIRROR, 0, 0),
	gsDPLoadBlock(7, 0, 0, 2047, 128),
	gsDPSetTile(G_IM_FMT_RGBA, G_IM_SIZ_16b, 16, 0, 0, 0, G_TX_WRAP | G_TX_NOMIRROR, 5, 0, G_TX_WRAP | G_TX_NOMIRROR, 6, 0),
	gsDPSetTileSize(0, 0, 0, 252, 124),
	gsSPEndDisplayList(),
};

Gfx mat_revert_jared_metal_v3_001[] = {
	gsSPClearGeometryMode(G_TEXTURE_GEN),
	gsDPPipeSync(),
	gsDPSetAlphaDither(G_AD_DISABLE),
	gsSPEndDisplayList(),
};

Gfx mat_jared_cap_v3[] = {
	gsSPSetLights1(jared_cap_v3_lights),
	gsDPPipeSync(),
	gsDPSetCombineLERP(TEXEL0, SHADE, TEXEL0_ALPHA, SHADE, 0, 0, 0, ENVIRONMENT, TEXEL0, SHADE, TEXEL0_ALPHA, SHADE, 0, 0, 0, ENVIRONMENT),
	gsDPSetAlphaDither(G_AD_NOISE),
	gsSPTexture(65535, 65535, 0, 0, 1),
	gsDPSetTextureImage(G_IM_FMT_RGBA, G_IM_SIZ_16b_LOAD_BLOCK, 1, jared_mario_cap_rgba16),
	gsDPSetTile(G_IM_FMT_RGBA, G_IM_SIZ_16b_LOAD_BLOCK, 0, 0, 7, 0, G_TX_WRAP | G_TX_NOMIRROR, 0, 0, G_TX_WRAP | G_TX_NOMIRROR, 0, 0),
	gsDPLoadBlock(7, 0, 0, 1023, 256),
	gsDPSetTile(G_IM_FMT_RGBA, G_IM_SIZ_16b, 8, 0, 0, 0, G_TX_CLAMP | G_TX_NOMIRROR, 5, 0, G_TX_CLAMP | G_TX_NOMIRROR, 5, 0),
	gsDPSetTileSize(0, 0, 0, 124, 124),
	gsSPEndDisplayList(),
};

Gfx mat_revert_jared_cap_v3[] = {
	gsDPPipeSync(),
	gsDPSetAlphaDither(G_AD_DISABLE),
	gsSPEndDisplayList(),
};

Gfx mat_jared_cal[] = {
	gsSPSetLights1(jared_cal_lights),
	gsDPPipeSync(),
	gsDPSetCombineLERP(TEXEL0, SHADE, TEXEL0_ALPHA, SHADE, 0, 0, 0, ENVIRONMENT, TEXEL0, SHADE, TEXEL0_ALPHA, SHADE, 0, 0, 0, ENVIRONMENT),
	gsDPSetAlphaDither(G_AD_NOISE),
	gsDPSetTextureLUT(G_TT_RGBA16),
	gsSPTexture(65535, 65535, 0, 0, 1),
	gsDPSetTextureImage(G_IM_FMT_RGBA, G_IM_SIZ_16b, 1, jared_LuigigaleakEdit_pal_rgba16),
	gsDPSetTile(0, 0, 0, 256, 5, 0, G_TX_WRAP | G_TX_NOMIRROR, 0, 0, G_TX_WRAP | G_TX_NOMIRROR, 0, 0),
	gsDPLoadTLUTCmd(5, 20),
	gsDPSetTextureImage(G_IM_FMT_CI, G_IM_SIZ_8b_LOAD_BLOCK, 1, jared_LuigigaleakEdit_ci8),
	gsDPSetTile(G_IM_FMT_CI, G_IM_SIZ_8b_LOAD_BLOCK, 0, 0, 7, 0, G_TX_WRAP | G_TX_NOMIRROR, 0, 0, G_TX_WRAP | G_TX_NOMIRROR, 0, 0),
	gsDPLoadBlock(7, 0, 0, 511, 512),
	gsDPSetTile(G_IM_FMT_CI, G_IM_SIZ_8b, 4, 0, 0, 0, G_TX_CLAMP | G_TX_NOMIRROR, 5, 0, G_TX_CLAMP | G_TX_NOMIRROR, 5, 0),
	gsDPSetTileSize(0, 0, 0, 124, 124),
	gsSPEndDisplayList(),
};

Gfx mat_revert_jared_cal[] = {
	gsDPPipeSync(),
	gsDPSetAlphaDither(G_AD_DISABLE),
	gsDPSetTextureLUT(G_TT_NONE),
	gsSPEndDisplayList(),
};

Gfx mat_jared_sideburns_v3_001[] = {
	gsSPSetLights1(jared_sideburns_v3_001_lights),
	gsDPPipeSync(),
	gsDPSetCombineLERP(TEXEL0, SHADE, TEXEL0_ALPHA, SHADE, 0, 0, 0, ENVIRONMENT, TEXEL0, SHADE, TEXEL0_ALPHA, SHADE, 0, 0, 0, ENVIRONMENT),
	gsDPSetAlphaDither(G_AD_NOISE),
	gsSPTexture(65535, 65535, 0, 0, 1),
	gsDPSetTextureImage(G_IM_FMT_RGBA, G_IM_SIZ_16b_LOAD_BLOCK, 1, jared_mario_sideburn_rgba16),
	gsDPSetTile(G_IM_FMT_RGBA, G_IM_SIZ_16b_LOAD_BLOCK, 0, 0, 7, 0, G_TX_WRAP | G_TX_NOMIRROR, 0, 0, G_TX_WRAP | G_TX_NOMIRROR, 0, 0),
	gsDPLoadBlock(7, 0, 0, 1023, 256),
	gsDPSetTile(G_IM_FMT_RGBA, G_IM_SIZ_16b, 8, 0, 0, 0, G_TX_CLAMP | G_TX_NOMIRROR, 5, 0, G_TX_CLAMP | G_TX_NOMIRROR, 5, 0),
	gsDPSetTileSize(0, 0, 0, 124, 124),
	gsSPEndDisplayList(),
};

Gfx mat_revert_jared_sideburns_v3_001[] = {
	gsDPPipeSync(),
	gsDPSetAlphaDither(G_AD_DISABLE),
	gsSPEndDisplayList(),
};

Gfx mat_jared_face_0___eye_open_v3_001[] = {
	gsSPSetLights1(jared_face_0___eye_open_v3_001_lights),
	gsDPPipeSync(),
	gsDPSetCombineLERP(TEXEL0, SHADE, TEXEL0_ALPHA, SHADE, 0, 0, 0, ENVIRONMENT, TEXEL0, SHADE, TEXEL0_ALPHA, SHADE, 0, 0, 0, ENVIRONMENT),
	gsDPSetAlphaDither(G_AD_NOISE),
	gsSPTexture(65535, 65535, 0, 0, 1),
	gsDPSetTextureImage(G_IM_FMT_RGBA, G_IM_SIZ_16b_LOAD_BLOCK, 1, jared_mario_face_1_rgba16),
	gsDPSetTile(G_IM_FMT_RGBA, G_IM_SIZ_16b_LOAD_BLOCK, 0, 0, 7, 0, G_TX_WRAP | G_TX_NOMIRROR, 0, 0, G_TX_WRAP | G_TX_NOMIRROR, 0, 0),
	gsDPLoadBlock(7, 0, 0, 1023, 256),
	gsDPSetTile(G_IM_FMT_RGBA, G_IM_SIZ_16b, 8, 0, 0, 0, G_TX_CLAMP | G_TX_NOMIRROR, 5, 0, G_TX_CLAMP | G_TX_NOMIRROR, 5, 0),
	gsDPSetTileSize(0, 0, 0, 124, 124),
	gsSPEndDisplayList(),
};

Gfx mat_revert_jared_face_0___eye_open_v3_001[] = {
	gsDPPipeSync(),
	gsDPSetAlphaDither(G_AD_DISABLE),
	gsSPEndDisplayList(),
};

Gfx mat_jared_mustache_v3_001[] = {
	gsSPSetLights1(jared_mustache_v3_001_lights),
	gsDPPipeSync(),
	gsDPSetCombineLERP(TEXEL0, SHADE, TEXEL0_ALPHA, SHADE, 0, 0, 0, ENVIRONMENT, TEXEL0, SHADE, TEXEL0_ALPHA, SHADE, 0, 0, 0, ENVIRONMENT),
	gsDPSetAlphaDither(G_AD_NOISE),
	gsSPTexture(65535, 65535, 0, 0, 1),
	gsDPSetTextureImage(G_IM_FMT_IA, G_IM_SIZ_8b_LOAD_BLOCK, 1, jared_custom_luigi_mustache_ia8),
	gsDPSetTile(G_IM_FMT_IA, G_IM_SIZ_8b_LOAD_BLOCK, 0, 0, 7, 0, G_TX_WRAP | G_TX_NOMIRROR, 0, 0, G_TX_WRAP | G_TX_NOMIRROR, 0, 0),
	gsDPLoadBlock(7, 0, 0, 511, 512),
	gsDPSetTile(G_IM_FMT_IA, G_IM_SIZ_8b, 4, 0, 0, 0, G_TX_CLAMP | G_TX_NOMIRROR, 5, 0, G_TX_CLAMP | G_TX_NOMIRROR, 5, 0),
	gsDPSetTileSize(0, 0, 0, 124, 124),
	gsSPEndDisplayList(),
};

Gfx mat_revert_jared_mustache_v3_001[] = {
	gsDPPipeSync(),
	gsDPSetAlphaDither(G_AD_DISABLE),
	gsSPEndDisplayList(),
};

Gfx mat_jared_hair_v3_001[] = {
	gsSPSetLights1(jared_hair_v3_001_lights),
	gsDPPipeSync(),
	gsDPSetCombineLERP(0, 0, 0, SHADE, 0, 0, 0, ENVIRONMENT, 0, 0, 0, SHADE, 0, 0, 0, ENVIRONMENT),
	gsDPSetAlphaDither(G_AD_NOISE),
	gsSPTexture(65535, 65535, 0, 0, 1),
	gsSPEndDisplayList(),
};

Gfx mat_revert_jared_hair_v3_001[] = {
	gsDPPipeSync(),
	gsDPSetAlphaDither(G_AD_DISABLE),
	gsSPEndDisplayList(),
};

Gfx mat_jared_wing_2_v3_001[] = {
	gsSPClearGeometryMode(G_CULL_BACK),
	gsDPPipeSync(),
	gsDPSetCombineLERP(0, 0, 0, TEXEL0, TEXEL0, 0, ENVIRONMENT, 0, 0, 0, 0, TEXEL0, TEXEL0, 0, ENVIRONMENT, 0),
	gsDPSetAlphaDither(G_AD_NOISE),
	gsSPTexture(65535, 65535, 0, 0, 1),
	gsDPSetTextureImage(G_IM_FMT_RGBA, G_IM_SIZ_16b_LOAD_BLOCK, 1, jared_wing_2_rgba16),
	gsDPSetTile(G_IM_FMT_RGBA, G_IM_SIZ_16b_LOAD_BLOCK, 0, 0, 7, 0, G_TX_WRAP | G_TX_NOMIRROR, 0, 0, G_TX_WRAP | G_TX_NOMIRROR, 0, 0),
	gsDPLoadBlock(7, 0, 0, 2047, 256),
	gsDPSetTile(G_IM_FMT_RGBA, G_IM_SIZ_16b, 8, 0, 0, 0, G_TX_WRAP | G_TX_NOMIRROR, 6, 0, G_TX_CLAMP | G_TX_NOMIRROR, 5, 0),
	gsDPSetTileSize(0, 0, 0, 124, 252),
	gsSPEndDisplayList(),
};

Gfx mat_revert_jared_wing_2_v3_001[] = {
	gsSPSetGeometryMode(G_CULL_BACK),
	gsDPPipeSync(),
	gsDPSetAlphaDither(G_AD_DISABLE),
	gsSPEndDisplayList(),
};

Gfx mat_jared_wing_1_v3_001[] = {
	gsSPClearGeometryMode(G_CULL_BACK),
	gsDPPipeSync(),
	gsDPSetCombineLERP(0, 0, 0, TEXEL0, TEXEL0, 0, ENVIRONMENT, 0, 0, 0, 0, TEXEL0, TEXEL0, 0, ENVIRONMENT, 0),
	gsDPSetAlphaDither(G_AD_NOISE),
	gsSPTexture(65535, 65535, 0, 0, 1),
	gsDPSetTextureImage(G_IM_FMT_RGBA, G_IM_SIZ_16b_LOAD_BLOCK, 1, jared_wing1_rgba16),
	gsDPSetTile(G_IM_FMT_RGBA, G_IM_SIZ_16b_LOAD_BLOCK, 0, 0, 7, 0, G_TX_WRAP | G_TX_NOMIRROR, 0, 0, G_TX_WRAP | G_TX_NOMIRROR, 0, 0),
	gsDPLoadBlock(7, 0, 0, 2047, 256),
	gsDPSetTile(G_IM_FMT_RGBA, G_IM_SIZ_16b, 8, 0, 0, 0, G_TX_WRAP | G_TX_NOMIRROR, 6, 0, G_TX_CLAMP | G_TX_NOMIRROR, 5, 0),
	gsDPSetTileSize(0, 0, 0, 124, 252),
	gsSPEndDisplayList(),
};

Gfx mat_revert_jared_wing_1_v3_001[] = {
	gsSPSetGeometryMode(G_CULL_BACK),
	gsDPPipeSync(),
	gsDPSetAlphaDither(G_AD_DISABLE),
	gsSPEndDisplayList(),
};

Gfx mat_jared_gloves_v3_001[] = {
	gsSPSetLights1(jared_gloves_v3_001_lights),
	gsDPPipeSync(),
	gsDPSetCombineLERP(0, 0, 0, SHADE, 0, 0, 0, ENVIRONMENT, 0, 0, 0, SHADE, 0, 0, 0, ENVIRONMENT),
	gsDPSetAlphaDither(G_AD_NOISE),
	gsSPTexture(65535, 65535, 0, 0, 1),
	gsSPEndDisplayList(),
};

Gfx mat_revert_jared_gloves_v3_001[] = {
	gsDPPipeSync(),
	gsDPSetAlphaDither(G_AD_DISABLE),
	gsSPEndDisplayList(),
};

Gfx mat_jared_shoes_v3_001[] = {
	gsSPSetLights1(jared_shoes_v3_001_lights),
	gsDPPipeSync(),
	gsDPSetCombineLERP(0, 0, 0, SHADE, 0, 0, 0, ENVIRONMENT, 0, 0, 0, SHADE, 0, 0, 0, ENVIRONMENT),
	gsDPSetAlphaDither(G_AD_NOISE),
	gsSPTexture(65535, 65535, 0, 0, 1),
	gsSPEndDisplayList(),
};

Gfx mat_revert_jared_shoes_v3_001[] = {
	gsDPPipeSync(),
	gsDPSetAlphaDither(G_AD_DISABLE),
	gsSPEndDisplayList(),
};

Gfx jared_000_offset_mesh_layer_1[] = {
	gsSPDisplayList(mat_jared_body_v3),
	gsSPDisplayList(jared_000_offset_mesh_layer_1_tri_0),
	gsSPDisplayList(mat_revert_jared_body_v3),
	gsSPEndDisplayList(),
};

Gfx jared_000_offset_mesh_layer_1_mat_override_metal_v3_001_0[] = {
	gsSPDisplayList(mat_jared_metal_v3_001),
	gsSPDisplayList(jared_000_offset_mesh_layer_1_tri_0),
	gsSPDisplayList(mat_revert_jared_metal_v3_001),
	gsSPEndDisplayList(),
};

Gfx jared_000_offset_001_mesh_layer_1[] = {
	gsSPDisplayList(mat_jared_body_v3),
	gsSPDisplayList(jared_000_offset_001_mesh_layer_1_tri_0),
	gsSPDisplayList(mat_revert_jared_body_v3),
	gsSPDisplayList(mat_jared_cap_v3),
	gsSPDisplayList(jared_000_offset_001_mesh_layer_1_tri_1),
	gsSPDisplayList(mat_revert_jared_cap_v3),
	gsSPEndDisplayList(),
};

Gfx jared_000_offset_001_mesh_layer_1_mat_override_metal_v3_001_0[] = {
	gsSPDisplayList(mat_jared_metal_v3_001),
	gsSPDisplayList(jared_000_offset_001_mesh_layer_1_tri_0),
	gsSPDisplayList(jared_000_offset_001_mesh_layer_1_tri_1),
	gsSPDisplayList(mat_revert_jared_metal_v3_001),
	gsSPEndDisplayList(),
};

Gfx jared_000_displaylist_mesh_layer_1[] = {
	gsSPDisplayList(mat_jared_cal),
	gsSPDisplayList(jared_000_displaylist_mesh_layer_1_tri_0),
	gsSPDisplayList(mat_revert_jared_cal),
	gsSPDisplayList(mat_jared_sideburns_v3_001),
	gsSPDisplayList(jared_000_displaylist_mesh_layer_1_tri_1),
	gsSPDisplayList(mat_revert_jared_sideburns_v3_001),
	gsSPDisplayList(mat_jared_face_0___eye_open_v3_001),
	gsSPDisplayList(jared_000_displaylist_mesh_layer_1_tri_2),
	gsSPDisplayList(mat_revert_jared_face_0___eye_open_v3_001),
	gsSPDisplayList(mat_jared_mustache_v3_001),
	gsSPDisplayList(jared_000_displaylist_mesh_layer_1_tri_3),
	gsSPDisplayList(mat_revert_jared_mustache_v3_001),
	gsSPDisplayList(mat_jared_hair_v3_001),
	gsSPDisplayList(jared_000_displaylist_mesh_layer_1_tri_4),
	gsSPDisplayList(mat_revert_jared_hair_v3_001),
	gsSPEndDisplayList(),
};

Gfx jared_000_displaylist_mesh_layer_1_mat_override_metal_v3_001_0[] = {
	gsSPDisplayList(mat_jared_metal_v3_001),
	gsSPDisplayList(jared_000_displaylist_mesh_layer_1_tri_0),
	gsSPDisplayList(jared_000_displaylist_mesh_layer_1_tri_1),
	gsSPDisplayList(jared_000_displaylist_mesh_layer_1_tri_2),
	gsSPDisplayList(jared_000_displaylist_mesh_layer_1_tri_3),
	gsSPDisplayList(jared_000_displaylist_mesh_layer_1_tri_4),
	gsSPDisplayList(mat_revert_jared_metal_v3_001),
	gsSPEndDisplayList(),
};

Gfx jared_000_displaylist_001_mesh_layer_4[] = {
	gsSPDisplayList(mat_jared_wing_2_v3_001),
	gsSPDisplayList(jared_000_displaylist_001_mesh_layer_4_tri_0),
	gsSPDisplayList(mat_revert_jared_wing_2_v3_001),
	gsSPDisplayList(mat_jared_wing_1_v3_001),
	gsSPDisplayList(jared_000_displaylist_001_mesh_layer_4_tri_1),
	gsSPDisplayList(mat_revert_jared_wing_1_v3_001),
	gsSPEndDisplayList(),
};

Gfx jared_000_displaylist_001_mesh_layer_4_mat_override_metal_v3_001_0[] = {
	gsSPDisplayList(mat_jared_wing_2_v3_001),
	gsSPDisplayList(jared_000_displaylist_001_mesh_layer_4_tri_0),
	gsSPDisplayList(mat_revert_jared_wing_2_v3_001),
	gsSPDisplayList(mat_jared_wing_1_v3_001),
	gsSPDisplayList(jared_000_displaylist_001_mesh_layer_4_tri_1),
	gsSPDisplayList(mat_revert_jared_wing_1_v3_001),
	gsSPEndDisplayList(),
};

Gfx jared_000_displaylist_002_mesh_layer_4[] = {
	gsSPDisplayList(mat_jared_wing_2_v3_001),
	gsSPDisplayList(jared_000_displaylist_002_mesh_layer_4_tri_0),
	gsSPDisplayList(mat_revert_jared_wing_2_v3_001),
	gsSPDisplayList(mat_jared_wing_1_v3_001),
	gsSPDisplayList(jared_000_displaylist_002_mesh_layer_4_tri_1),
	gsSPDisplayList(mat_revert_jared_wing_1_v3_001),
	gsSPEndDisplayList(),
};

Gfx jared_000_displaylist_002_mesh_layer_4_mat_override_metal_v3_001_0[] = {
	gsSPDisplayList(mat_jared_wing_2_v3_001),
	gsSPDisplayList(jared_000_displaylist_002_mesh_layer_4_tri_0),
	gsSPDisplayList(mat_revert_jared_wing_2_v3_001),
	gsSPDisplayList(mat_jared_wing_1_v3_001),
	gsSPDisplayList(jared_000_displaylist_002_mesh_layer_4_tri_1),
	gsSPDisplayList(mat_revert_jared_wing_1_v3_001),
	gsSPEndDisplayList(),
};

Gfx jared_000_offset_003_mesh_layer_1[] = {
	gsSPDisplayList(mat_jared_cap_v3),
	gsSPDisplayList(jared_000_offset_003_mesh_layer_1_tri_0),
	gsSPDisplayList(mat_revert_jared_cap_v3),
	gsSPEndDisplayList(),
};

Gfx jared_000_offset_003_mesh_layer_1_mat_override_metal_v3_001_0[] = {
	gsSPDisplayList(mat_jared_metal_v3_001),
	gsSPDisplayList(jared_000_offset_003_mesh_layer_1_tri_0),
	gsSPDisplayList(mat_revert_jared_metal_v3_001),
	gsSPEndDisplayList(),
};

Gfx jared_000_offset_004_mesh_layer_1[] = {
	gsSPDisplayList(mat_jared_cap_v3),
	gsSPDisplayList(jared_000_offset_004_mesh_layer_1_tri_0),
	gsSPDisplayList(mat_revert_jared_cap_v3),
	gsSPEndDisplayList(),
};

Gfx jared_000_offset_004_mesh_layer_1_mat_override_metal_v3_001_0[] = {
	gsSPDisplayList(mat_jared_metal_v3_001),
	gsSPDisplayList(jared_000_offset_004_mesh_layer_1_tri_0),
	gsSPDisplayList(mat_revert_jared_metal_v3_001),
	gsSPEndDisplayList(),
};

Gfx jared_000_displaylist_003_mesh_layer_1[] = {
	gsSPDisplayList(mat_jared_gloves_v3_001),
	gsSPDisplayList(jared_000_displaylist_003_mesh_layer_1_tri_0),
	gsSPDisplayList(mat_revert_jared_gloves_v3_001),
	gsSPEndDisplayList(),
};

Gfx jared_000_displaylist_003_mesh_layer_1_mat_override_metal_v3_001_0[] = {
	gsSPDisplayList(mat_jared_metal_v3_001),
	gsSPDisplayList(jared_000_displaylist_003_mesh_layer_1_tri_0),
	gsSPDisplayList(mat_revert_jared_metal_v3_001),
	gsSPEndDisplayList(),
};

Gfx jared_000_offset_006_mesh_layer_1[] = {
	gsSPDisplayList(mat_jared_cap_v3),
	gsSPDisplayList(jared_000_offset_006_mesh_layer_1_tri_0),
	gsSPDisplayList(mat_revert_jared_cap_v3),
	gsSPEndDisplayList(),
};

Gfx jared_000_offset_006_mesh_layer_1_mat_override_metal_v3_001_0[] = {
	gsSPDisplayList(mat_jared_metal_v3_001),
	gsSPDisplayList(jared_000_offset_006_mesh_layer_1_tri_0),
	gsSPDisplayList(mat_revert_jared_metal_v3_001),
	gsSPEndDisplayList(),
};

Gfx jared_000_offset_007_mesh_layer_1[] = {
	gsSPDisplayList(mat_jared_cap_v3),
	gsSPDisplayList(jared_000_offset_007_mesh_layer_1_tri_0),
	gsSPDisplayList(mat_revert_jared_cap_v3),
	gsSPEndDisplayList(),
};

Gfx jared_000_offset_007_mesh_layer_1_mat_override_metal_v3_001_0[] = {
	gsSPDisplayList(mat_jared_metal_v3_001),
	gsSPDisplayList(jared_000_offset_007_mesh_layer_1_tri_0),
	gsSPDisplayList(mat_revert_jared_metal_v3_001),
	gsSPEndDisplayList(),
};

Gfx jared_000_displaylist_004_mesh_layer_1[] = {
	gsSPDisplayList(mat_jared_gloves_v3_001),
	gsSPDisplayList(jared_000_displaylist_004_mesh_layer_1_tri_0),
	gsSPDisplayList(mat_revert_jared_gloves_v3_001),
	gsSPEndDisplayList(),
};

Gfx jared_000_displaylist_004_mesh_layer_1_mat_override_metal_v3_001_0[] = {
	gsSPDisplayList(mat_jared_metal_v3_001),
	gsSPDisplayList(jared_000_displaylist_004_mesh_layer_1_tri_0),
	gsSPDisplayList(mat_revert_jared_metal_v3_001),
	gsSPEndDisplayList(),
};

Gfx jared_000_offset_009_mesh_layer_1[] = {
	gsSPDisplayList(mat_jared_body_v3),
	gsSPDisplayList(jared_000_offset_009_mesh_layer_1_tri_0),
	gsSPDisplayList(mat_revert_jared_body_v3),
	gsSPEndDisplayList(),
};

Gfx jared_000_offset_009_mesh_layer_1_mat_override_metal_v3_001_0[] = {
	gsSPDisplayList(mat_jared_metal_v3_001),
	gsSPDisplayList(jared_000_offset_009_mesh_layer_1_tri_0),
	gsSPDisplayList(mat_revert_jared_metal_v3_001),
	gsSPEndDisplayList(),
};

Gfx jared_000_offset_010_mesh_layer_1[] = {
	gsSPDisplayList(mat_jared_body_v3),
	gsSPDisplayList(jared_000_offset_010_mesh_layer_1_tri_0),
	gsSPDisplayList(mat_revert_jared_body_v3),
	gsSPEndDisplayList(),
};

Gfx jared_000_offset_010_mesh_layer_1_mat_override_metal_v3_001_0[] = {
	gsSPDisplayList(mat_jared_metal_v3_001),
	gsSPDisplayList(jared_000_offset_010_mesh_layer_1_tri_0),
	gsSPDisplayList(mat_revert_jared_metal_v3_001),
	gsSPEndDisplayList(),
};

Gfx jared_000_offset_011_mesh_layer_1[] = {
	gsSPDisplayList(mat_jared_shoes_v3_001),
	gsSPDisplayList(jared_000_offset_011_mesh_layer_1_tri_0),
	gsSPDisplayList(mat_revert_jared_shoes_v3_001),
	gsSPEndDisplayList(),
};

Gfx jared_000_offset_011_mesh_layer_1_mat_override_metal_v3_001_0[] = {
	gsSPDisplayList(mat_jared_metal_v3_001),
	gsSPDisplayList(jared_000_offset_011_mesh_layer_1_tri_0),
	gsSPDisplayList(mat_revert_jared_metal_v3_001),
	gsSPEndDisplayList(),
};

Gfx jared_000_offset_012_mesh_layer_1[] = {
	gsSPDisplayList(mat_jared_body_v3),
	gsSPDisplayList(jared_000_offset_012_mesh_layer_1_tri_0),
	gsSPDisplayList(mat_revert_jared_body_v3),
	gsSPEndDisplayList(),
};

Gfx jared_000_offset_012_mesh_layer_1_mat_override_metal_v3_001_0[] = {
	gsSPDisplayList(mat_jared_metal_v3_001),
	gsSPDisplayList(jared_000_offset_012_mesh_layer_1_tri_0),
	gsSPDisplayList(mat_revert_jared_metal_v3_001),
	gsSPEndDisplayList(),
};

Gfx jared_000_offset_013_mesh_layer_1[] = {
	gsSPDisplayList(mat_jared_body_v3),
	gsSPDisplayList(jared_000_offset_013_mesh_layer_1_tri_0),
	gsSPDisplayList(mat_revert_jared_body_v3),
	gsSPEndDisplayList(),
};

Gfx jared_000_offset_013_mesh_layer_1_mat_override_metal_v3_001_0[] = {
	gsSPDisplayList(mat_jared_metal_v3_001),
	gsSPDisplayList(jared_000_offset_013_mesh_layer_1_tri_0),
	gsSPDisplayList(mat_revert_jared_metal_v3_001),
	gsSPEndDisplayList(),
};

Gfx jared_000_displaylist_005_mesh_layer_1[] = {
	gsSPDisplayList(mat_jared_shoes_v3_001),
	gsSPDisplayList(jared_000_displaylist_005_mesh_layer_1_tri_0),
	gsSPDisplayList(mat_revert_jared_shoes_v3_001),
	gsSPEndDisplayList(),
};

Gfx jared_000_displaylist_005_mesh_layer_1_mat_override_metal_v3_001_0[] = {
	gsSPDisplayList(mat_jared_metal_v3_001),
	gsSPDisplayList(jared_000_displaylist_005_mesh_layer_1_tri_0),
	gsSPDisplayList(mat_revert_jared_metal_v3_001),
	gsSPEndDisplayList(),
};

Gfx jared_material_revert_render_settings[] = {
	gsDPPipeSync(),
	gsSPSetGeometryMode(G_LIGHTING),
	gsSPClearGeometryMode(G_TEXTURE_GEN),
	gsDPSetCombineLERP(0, 0, 0, SHADE, 0, 0, 0, ENVIRONMENT, 0, 0, 0, SHADE, 0, 0, 0, ENVIRONMENT),
	gsSPTexture(65535, 65535, 0, 0, 0),
	gsDPSetEnvColor(255, 255, 255, 255),
	gsDPSetAlphaCompare(G_AC_NONE),
	gsDPSetTextureImage(G_IM_FMT_RGBA, G_IM_SIZ_16b_LOAD_BLOCK, 1, 0),
	gsDPSetTile(G_IM_FMT_RGBA, G_IM_SIZ_16b_LOAD_BLOCK, 0, 0, 7, 0, G_TX_WRAP | G_TX_NOMIRROR, 0, 0, G_TX_WRAP  | G_TX_NOMIRROR, 0, 0),
	gsDPLoadBlock(7, 0, 0, 1023, 256),
	gsDPSetTile(G_IM_FMT_RGBA, G_IM_SIZ_16b, 8, 0, 0, 0, G_TX_CLAMP | G_TX_NOMIRROR, 5, 0, G_TX_CLAMP | G_TX_NOMIRROR, 5, 0),
	gsDPSetTileSize(0, 0, 0, 124, 124),
	gsDPSetTextureImage(G_IM_FMT_RGBA, G_IM_SIZ_16b_LOAD_BLOCK, 1, 0),
	gsDPSetTile(G_IM_FMT_RGBA, G_IM_SIZ_16b_LOAD_BLOCK, 0, 256, 6, 0, G_TX_WRAP | G_TX_NOMIRROR, 0, 0, G_TX_WRAP | G_TX_NOMIRROR, 0, 0),
	gsDPLoadBlock(6, 0, 0, 1023, 256),
	gsDPSetTile(G_IM_FMT_RGBA, G_IM_SIZ_16b, 8, 256, 1, 0, G_TX_CLAMP | G_TX_NOMIRROR, 5, 0, G_TX_CLAMP | G_TX_NOMIRROR, 5, 0),
	gsDPSetTileSize(1, 0, 0, 124, 124),
	gsSPEndDisplayList(),
};

